[2026-03-13 11:14:19,193] [find_yl200s_source()][WARNING] 未找到 DJI 麦克风设备
[2026-03-13 11:14:19,194] [set_default_source()][WARNING] 设置默认源失败: expected str, bytes or os.PathLike object, not NoneType
[2026-04-22 14:32:38,356] [find_yl200s_source()][WARNING] 未找到 DJI 麦克风设备
[2026-04-22 14:32:38,357] [set_default_source()][WARNING] 设置默认源失败: expected str, bytes or os.PathLike object, not NoneType
[2026-04-22 14:36:07,945] [find_yl200s_source()][WARNING] 未找到 DJI 麦克风设备
[2026-04-22 14:36:07,945] [set_default_source()][WARNING] 设置默认源失败: expected str, bytes or os.PathLike object, not NoneType
[2026-04-22 14:48:34,986] [find_yl200s_source()][WARNING] 未找到 DJI 麦克风设备
[2026-04-22 14:48:34,993] [set_default_source()][WARNING] 设置默认源失败: expected str, bytes or os.PathLike object, not NoneType
[2026-04-22 14:50:21,412] [find_yl200s_source()][WARNING] 未找到 DJI 麦克风设备
[2026-04-22 14:50:21,413] [set_default_source()][WARNING] 设置默认源失败: expected str, bytes or os.PathLike object, not NoneType
[2026-04-22 14:51:25,887] [find_yl200s_source()][WARNING] 未找到 DJI 麦克风设备
[2026-04-22 14:51:25,888] [set_default_source()][WARNING] 设置默认源失败: expected str, bytes or os.PathLike object, not NoneType
[2026-04-22 15:01:27,346] [find_yl200s_source()][WARNING] 未找到 DJI 麦克风设备
[2026-04-22 15:01:27,347] [set_default_source()][WARNING] 设置默认源失败: expected str, bytes or os.PathLike object, not NoneType
[2026-04-22 15:22:03,259] [find_yl200s_source()][WARNING] 未找到 DJI 麦克风设备
[2026-04-22 15:22:03,260] [set_default_source()][WARNING] 设置默认源失败: expected str, bytes or os.PathLike object, not NoneType
[2026-04-22 15:28:01,301] [record_and_recognize()][ERROR] 连接失败: [Errno 113] No route to host
[1970-01-26 15:28:03,314] [find_yl200s_source()][WARNING] 未找到 DJI 麦克风设备
[1970-01-26 15:28:03,325] [set_default_source()][WARNING] 设置默认源失败: expected str, bytes or os.PathLike object, not NoneType
[1970-01-26 15:28:04,327] [record_and_recognize()][ERROR] 连接失败: [SSL: CERTIFICATE_VERIFY_FAILED] certificate verify failed: certificate is not yet valid (_ssl.c:1149)
[1970-01-26 15:28:04,665] [record_and_recognize()][ERROR] 连接失败: [SSL: CERTIFICATE_VERIFY_FAILED] certificate verify failed: certificate is not yet valid (_ssl.c:1149)
[1970-01-26 15:28:05,101] [record_and_recognize()][ERROR] 连接失败: [SSL: CERTIFICATE_VERIFY_FAILED] certificate verify failed: certificate is not yet valid (_ssl.c:1149)
[1970-01-26 15:28:05,694] [record_and_recognize()][ERROR] 连接失败: [SSL: CERTIFICATE_VERIFY_FAILED] certificate verify failed: certificate is not yet valid (_ssl.c:1149)
[1970-01-26 15:28:06,259] [record_and_recognize()][ERROR] 连接失败: [SSL: CERTIFICATE_VERIFY_FAILED] certificate verify failed: certificate is not yet valid (_ssl.c:1149)
[1970-01-26 15:28:06,771] [record_and_recognize()][ERROR] 连接失败: [SSL: CERTIFICATE_VERIFY_FAILED] certificate verify failed: certificate is not yet valid (_ssl.c:1149)
[1970-01-26 15:28:07,336] [record_and_recognize()][ERROR] 连接失败: [SSL: CERTIFICATE_VERIFY_FAILED] certificate verify failed: certificate is not yet valid (_ssl.c:1149)
[1970-01-26 15:28:07,783] [record_and_recognize()][ERROR] 连接失败: [SSL: CERTIFICATE_VERIFY_FAILED] certificate verify failed: certificate is not yet valid (_ssl.c:1149)
[1970-01-26 15:28:08,304] [record_and_recognize()][ERROR] 连接失败: [SSL: CERTIFICATE_VERIFY_FAILED] certificate verify failed: certificate is not yet valid (_ssl.c:1149)
[1970-01-26 15:28:08,794] [record_and_recognize()][ERROR] 连接失败: [SSL: CERTIFICATE_VERIFY_FAILED] certificate verify failed: certificate is not yet valid (_ssl.c:1149)
[1970-01-26 15:28:09,377] [record_and_recognize()][ERROR] 连接失败: [SSL: CERTIFICATE_VERIFY_FAILED] certificate verify failed: certificate is not yet valid (_ssl.c:1149)
[1970-01-26 15:28:09,885] [record_and_recognize()][ERROR] 连接失败: [SSL: CERTIFICATE_VERIFY_FAILED] certificate verify failed: certificate is not yet valid (_ssl.c:1149)
[1970-01-26 15:28:10,415] [record_and_recognize()][ERROR] 连接失败: [SSL: CERTIFICATE_VERIFY_FAILED] certificate verify failed: certificate is not yet valid (_ssl.c:1149)
[1970-01-26 15:28:11,011] [record_and_recognize()][ERROR] 连接失败: [SSL: CERTIFICATE_VERIFY_FAILED] certificate verify failed: certificate is not yet valid (_ssl.c:1149)
[1970-01-26 15:28:11,456] [record_and_recognize()][ERROR] 连接失败: [SSL: CERTIFICATE_VERIFY_FAILED] certificate verify failed: certificate is not yet valid (_ssl.c:1149)
[1970-01-26 15:28:12,023] [record_and_recognize()][ERROR] 连接失败: [SSL: CERTIFICATE_VERIFY_FAILED] certificate verify failed: certificate is not yet valid (_ssl.c:1149)
[1970-01-26 15:28:12,557] [record_and_recognize()][ERROR] 连接失败: [SSL: CERTIFICATE_VERIFY_FAILED] certificate verify failed: certificate is not yet valid (_ssl.c:1149)
[1970-01-26 15:28:13,155] [record_and_recognize()][ERROR] 连接失败: [SSL: CERTIFICATE_VERIFY_FAILED] certificate verify failed: certificate is not yet valid (_ssl.c:1149)
[1970-01-26 15:28:13,677] [record_and_recognize()][ERROR] 连接失败: [SSL: CERTIFICATE_VERIFY_FAILED] certificate verify failed: certificate is not yet valid (_ssl.c:1149)
[1970-01-26 15:28:14,253] [record_and_recognize()][ERROR] 连接失败: [SSL: CERTIFICATE_VERIFY_FAILED] certificate verify failed: certificate is not yet valid (_ssl.c:1149)
[1970-01-26 15:28:14,824] [record_and_recognize()][ERROR] 连接失败: [SSL: CERTIFICATE_VERIFY_FAILED] certificate verify failed: certificate is not yet valid (_ssl.c:1149)
[1970-01-26 15:28:15,268] [record_and_recognize()][ERROR] 连接失败: [SSL: CERTIFICATE_VERIFY_FAILED] certificate verify failed: certificate is not yet valid (_ssl.c:1149)
[1970-01-26 15:28:15,712] [record_and_recognize()][ERROR] 连接失败: [SSL: CERTIFICATE_VERIFY_FAILED] certificate verify failed: certificate is not yet valid (_ssl.c:1149)
[1970-01-26 15:28:16,335] [record_and_recognize()][ERROR] 连接失败: [SSL: CERTIFICATE_VERIFY_FAILED] certificate verify failed: certificate is not yet valid (_ssl.c:1149)
[1970-01-26 15:28:17,073] [record_and_recognize()][ERROR] 连接失败: [SSL: CERTIFICATE_VERIFY_FAILED] certificate verify failed: certificate is not yet valid (_ssl.c:1149)
[1970-01-26 15:28:17,387] [record_and_recognize()][ERROR] 连接失败: [SSL: CERTIFICATE_VERIFY_FAILED] certificate verify failed: certificate is not yet valid (_ssl.c:1149)
[1970-01-26 15:28:17,828] [record_and_recognize()][ERROR] 连接失败: [SSL: CERTIFICATE_VERIFY_FAILED] certificate verify failed: certificate is not yet valid (_ssl.c:1149)
[1970-01-26 15:28:18,371] [record_and_recognize()][ERROR] 连接失败: [SSL: CERTIFICATE_VERIFY_FAILED] certificate verify failed: certificate is not yet valid (_ssl.c:1149)
[1970-01-26 15:28:18,947] [record_and_recognize()][ERROR] 连接失败: [SSL: CERTIFICATE_VERIFY_FAILED] certificate verify failed: certificate is not yet valid (_ssl.c:1149)
[1970-01-26 15:28:19,475] [record_and_recognize()][ERROR] 连接失败: [SSL: CERTIFICATE_VERIFY_FAILED] certificate verify failed: certificate is not yet valid (_ssl.c:1149)
[1970-01-26 15:28:20,078] [record_and_recognize()][ERROR] 连接失败: [SSL: CERTIFICATE_VERIFY_FAILED] certificate verify failed: certificate is not yet valid (_ssl.c:1149)
[1970-01-26 15:28:20,492] [record_and_recognize()][ERROR] 连接失败: [SSL: CERTIFICATE_VERIFY_FAILED] certificate verify failed: certificate is not yet valid (_ssl.c:1149)
[1970-01-26 15:28:21,072] [record_and_recognize()][ERROR] 连接失败: [SSL: CERTIFICATE_VERIFY_FAILED] certificate verify failed: certificate is not yet valid (_ssl.c:1149)
[1970-01-26 15:28:21,537] [record_and_recognize()][ERROR] 连接失败: [SSL: CERTIFICATE_VERIFY_FAILED] certificate verify failed: certificate is not yet valid (_ssl.c:1149)
[1970-01-26 15:28:22,070] [record_and_recognize()][ERROR] 连接失败: [SSL: CERTIFICATE_VERIFY_FAILED] certificate verify failed: certificate is not yet valid (_ssl.c:1149)
[1970-01-26 15:28:22,611] [record_and_recognize()][ERROR] 连接失败: [SSL: CERTIFICATE_VERIFY_FAILED] certificate verify failed: certificate is not yet valid (_ssl.c:1149)
[1970-01-26 15:28:23,155] [record_and_recognize()][ERROR] 连接失败: [SSL: CERTIFICATE_VERIFY_FAILED] certificate verify failed: certificate is not yet valid (_ssl.c:1149)
[1970-01-26 15:28:23,711] [record_and_recognize()][ERROR] 连接失败: [SSL: CERTIFICATE_VERIFY_FAILED] certificate verify failed: certificate is not yet valid (_ssl.c:1149)
[1970-01-26 15:28:25,253] [record_and_recognize()][ERROR] 连接失败: [SSL: CERTIFICATE_VERIFY_FAILED] certificate verify failed: certificate is not yet valid (_ssl.c:1149)
[1970-01-26 15:28:25,496] [record_and_recognize()][ERROR] 连接失败: [SSL: CERTIFICATE_VERIFY_FAILED] certificate verify failed: certificate is not yet valid (_ssl.c:1149)
[1970-01-26 15:28:26,058] [record_and_recognize()][ERROR] 连接失败: [SSL: CERTIFICATE_VERIFY_FAILED] certificate verify failed: certificate is not yet valid (_ssl.c:1149)
[1970-01-26 15:28:26,602] [record_and_recognize()][ERROR] 连接失败: [SSL: CERTIFICATE_VERIFY_FAILED] certificate verify failed: certificate is not yet valid (_ssl.c:1149)
[1970-01-26 15:28:27,108] [record_and_recognize()][ERROR] 连接失败: [SSL: CERTIFICATE_VERIFY_FAILED] certificate verify failed: certificate is not yet valid (_ssl.c:1149)
[1970-01-26 15:28:27,720] [record_and_recognize()][ERROR] 连接失败: [SSL: CERTIFICATE_VERIFY_FAILED] certificate verify failed: certificate is not yet valid (_ssl.c:1149)
[1970-01-26 15:28:28,366] [record_and_recognize()][ERROR] 连接失败: [SSL: CERTIFICATE_VERIFY_FAILED] certificate verify failed: certificate is not yet valid (_ssl.c:1149)
[1970-01-26 15:28:28,758] [record_and_recognize()][ERROR] 连接失败: [SSL: CERTIFICATE_VERIFY_FAILED] certificate verify failed: certificate is not yet valid (_ssl.c:1149)
[1970-01-26 15:28:29,226] [record_and_recognize()][ERROR] 连接失败: [SSL: CERTIFICATE_VERIFY_FAILED] certificate verify failed: certificate is not yet valid (_ssl.c:1149)
[1970-01-26 15:28:29,750] [record_and_recognize()][ERROR] 连接失败: [SSL: CERTIFICATE_VERIFY_FAILED] certificate verify failed: certificate is not yet valid (_ssl.c:1149)
[1970-01-26 15:28:30,391] [record_and_recognize()][ERROR] 连接失败: [SSL: CERTIFICATE_VERIFY_FAILED] certificate verify failed: certificate is not yet valid (_ssl.c:1149)
[1970-01-26 15:28:30,924] [record_and_recognize()][ERROR] 连接失败: [SSL: CERTIFICATE_VERIFY_FAILED] certificate verify failed: certificate is not yet valid (_ssl.c:1149)
[1970-01-26 15:28:31,412] [record_and_recognize()][ERROR] 连接失败: [SSL: CERTIFICATE_VERIFY_FAILED] certificate verify failed: certificate is not yet valid (_ssl.c:1149)
[1970-01-26 15:28:31,909] [record_and_recognize()][ERROR] 连接失败: [SSL: CERTIFICATE_VERIFY_FAILED] certificate verify failed: certificate is not yet valid (_ssl.c:1149)
[1970-01-26 15:28:32,516] [record_and_recognize()][ERROR] 连接失败: [SSL: CERTIFICATE_VERIFY_FAILED] certificate verify failed: certificate is not yet valid (_ssl.c:1149)
[1970-01-26 15:28:33,447] [record_and_recognize()][ERROR] 连接失败: [SSL: CERTIFICATE_VERIFY_FAILED] certificate verify failed: certificate is not yet valid (_ssl.c:1149)
[1970-01-26 15:28:33,779] [record_and_recognize()][ERROR] 连接失败: [SSL: CERTIFICATE_VERIFY_FAILED] certificate verify failed: certificate is not yet valid (_ssl.c:1149)
[1970-01-26 15:28:34,422] [record_and_recognize()][ERROR] 连接失败: [SSL: CERTIFICATE_VERIFY_FAILED] certificate verify failed: certificate is not yet valid (_ssl.c:1149)
[1970-01-26 15:28:35,018] [record_and_recognize()][ERROR] 连接失败: [SSL: CERTIFICATE_VERIFY_FAILED] certificate verify failed: certificate is not yet valid (_ssl.c:1149)
[1970-01-26 15:28:35,312] [record_and_recognize()][ERROR] 连接失败: [SSL: CERTIFICATE_VERIFY_FAILED] certificate verify failed: certificate is not yet valid (_ssl.c:1149)
[1970-01-26 15:28:36,020] [record_and_recognize()][ERROR] 连接失败: [SSL: CERTIFICATE_VERIFY_FAILED] certificate verify failed: certificate is not yet valid (_ssl.c:1149)
[1970-01-26 15:28:36,471] [record_and_recognize()][ERROR] 连接失败: [SSL: CERTIFICATE_VERIFY_FAILED] certificate verify failed: certificate is not yet valid (_ssl.c:1149)
[1970-01-26 15:28:36,935] [record_and_recognize()][ERROR] 连接失败: [SSL: CERTIFICATE_VERIFY_FAILED] certificate verify failed: certificate is not yet valid (_ssl.c:1149)
[1970-01-26 15:28:37,395] [record_and_recognize()][ERROR] 连接失败: [SSL: CERTIFICATE_VERIFY_FAILED] certificate verify failed: certificate is not yet valid (_ssl.c:1149)
[1970-01-26 15:28:37,964] [record_and_recognize()][ERROR] 连接失败: [SSL: CERTIFICATE_VERIFY_FAILED] certificate verify failed: certificate is not yet valid (_ssl.c:1149)
[1970-01-26 15:28:38,515] [record_and_recognize()][ERROR] 连接失败: [SSL: CERTIFICATE_VERIFY_FAILED] certificate verify failed: certificate is not yet valid (_ssl.c:1149)
[1970-01-26 15:28:38,966] [record_and_recognize()][ERROR] 连接失败: [SSL: CERTIFICATE_VERIFY_FAILED] certificate verify failed: certificate is not yet valid (_ssl.c:1149)
[1970-01-26 15:28:39,433] [record_and_recognize()][ERROR] 连接失败: [SSL: CERTIFICATE_VERIFY_FAILED] certificate verify failed: certificate is not yet valid (_ssl.c:1149)
[1970-01-26 15:28:39,972] [record_and_recognize()][ERROR] 连接失败: [SSL: CERTIFICATE_VERIFY_FAILED] certificate verify failed: certificate is not yet valid (_ssl.c:1149)
[1970-01-26 15:28:40,626] [record_and_recognize()][ERROR] 连接失败: [SSL: CERTIFICATE_VERIFY_FAILED] certificate verify failed: certificate is not yet valid (_ssl.c:1149)
[1970-01-26 15:28:40,954] [record_and_recognize()][ERROR] 连接失败: [SSL: CERTIFICATE_VERIFY_FAILED] certificate verify failed: certificate is not yet valid (_ssl.c:1149)
[1970-01-26 15:28:41,556] [record_and_recognize()][ERROR] 连接失败: [SSL: CERTIFICATE_VERIFY_FAILED] certificate verify failed: certificate is not yet valid (_ssl.c:1149)
[1970-01-26 15:28:42,065] [record_and_recognize()][ERROR] 连接失败: [SSL: CERTIFICATE_VERIFY_FAILED] certificate verify failed: certificate is not yet valid (_ssl.c:1149)
[1970-01-26 15:28:42,508] [record_and_recognize()][ERROR] 连接失败: [SSL: CERTIFICATE_VERIFY_FAILED] certificate verify failed: certificate is not yet valid (_ssl.c:1149)
[1970-01-26 15:28:43,065] [record_and_recognize()][ERROR] 连接失败: [SSL: CERTIFICATE_VERIFY_FAILED] certificate verify failed: certificate is not yet valid (_ssl.c:1149)
[1970-01-26 15:28:43,593] [record_and_recognize()][ERROR] 连接失败: [SSL: CERTIFICATE_VERIFY_FAILED] certificate verify failed: certificate is not yet valid (_ssl.c:1149)
[1970-01-26 15:28:44,165] [record_and_recognize()][ERROR] 连接失败: [SSL: CERTIFICATE_VERIFY_FAILED] certificate verify failed: certificate is not yet valid (_ssl.c:1149)
[1970-01-26 15:28:44,694] [record_and_recognize()][ERROR] 连接失败: [SSL: CERTIFICATE_VERIFY_FAILED] certificate verify failed: certificate is not yet valid (_ssl.c:1149)
[1970-01-26 15:28:50,646] [record_and_recognize()][ERROR] 连接失败: [SSL: CERTIFICATE_VERIFY_FAILED] certificate verify failed: certificate is not yet valid (_ssl.c:1149)
[1970-01-26 15:28:50,967] [record_and_recognize()][ERROR] 连接失败: [SSL: CERTIFICATE_VERIFY_FAILED] certificate verify failed: certificate is not yet valid (_ssl.c:1149)
[1970-01-26 15:28:51,602] [record_and_recognize()][ERROR] 连接失败: [SSL: CERTIFICATE_VERIFY_FAILED] certificate verify failed: certificate is not yet valid (_ssl.c:1149)
[1970-01-26 15:28:51,985] [record_and_recognize()][ERROR] 连接失败: [SSL: CERTIFICATE_VERIFY_FAILED] certificate verify failed: certificate is not yet valid (_ssl.c:1149)
[1970-01-26 15:28:52,509] [record_and_recognize()][ERROR] 连接失败: [SSL: CERTIFICATE_VERIFY_FAILED] certificate verify failed: certificate is not yet valid (_ssl.c:1149)
[1970-01-26 15:28:53,100] [record_and_recognize()][ERROR] 连接失败: [SSL: CERTIFICATE_VERIFY_FAILED] certificate verify failed: certificate is not yet valid (_ssl.c:1149)
[1970-01-26 15:28:53,724] [record_and_recognize()][ERROR] 连接失败: [SSL: CERTIFICATE_VERIFY_FAILED] certificate verify failed: certificate is not yet valid (_ssl.c:1149)
[1970-01-26 15:28:54,126] [record_and_recognize()][ERROR] 连接失败: [SSL: CERTIFICATE_VERIFY_FAILED] certificate verify failed: certificate is not yet valid (_ssl.c:1149)
[1970-01-26 15:28:54,668] [record_and_recognize()][ERROR] 连接失败: [SSL: CERTIFICATE_VERIFY_FAILED] certificate verify failed: certificate is not yet valid (_ssl.c:1149)
[1970-01-26 15:28:55,195] [record_and_recognize()][ERROR] 连接失败: [SSL: CERTIFICATE_VERIFY_FAILED] certificate verify failed: certificate is not yet valid (_ssl.c:1149)
[1970-01-26 15:28:55,646] [record_and_recognize()][ERROR] 连接失败: [SSL: CERTIFICATE_VERIFY_FAILED] certificate verify failed: certificate is not yet valid (_ssl.c:1149)
[1970-01-26 15:28:56,264] [record_and_recognize()][ERROR] 连接失败: [SSL: CERTIFICATE_VERIFY_FAILED] certificate verify failed: certificate is not yet valid (_ssl.c:1149)
[1970-01-26 15:28:56,903] [record_and_recognize()][ERROR] 连接失败: [SSL: CERTIFICATE_VERIFY_FAILED] certificate verify failed: certificate is not yet valid (_ssl.c:1149)
[1970-01-26 15:28:57,260] [record_and_recognize()][ERROR] 连接失败: [SSL: CERTIFICATE_VERIFY_FAILED] certificate verify failed: certificate is not yet valid (_ssl.c:1149)
[1970-01-26 15:28:57,927] [record_and_recognize()][ERROR] 连接失败: [SSL: CERTIFICATE_VERIFY_FAILED] certificate verify failed: certificate is not yet valid (_ssl.c:1149)
[1970-01-26 15:28:58,353] [record_and_recognize()][ERROR] 连接失败: [SSL: CERTIFICATE_VERIFY_FAILED] certificate verify failed: certificate is not yet valid (_ssl.c:1149)
[1970-01-26 15:28:58,951] [record_and_recognize()][ERROR] 连接失败: [SSL: CERTIFICATE_VERIFY_FAILED] certificate verify failed: certificate is not yet valid (_ssl.c:1149)
[1970-01-26 15:28:59,552] [record_and_recognize()][ERROR] 连接失败: [SSL: CERTIFICATE_VERIFY_FAILED] certificate verify failed: certificate is not yet valid (_ssl.c:1149)
[1970-01-26 15:28:59,952] [record_and_recognize()][ERROR] 连接失败: [SSL: CERTIFICATE_VERIFY_FAILED] certificate verify failed: certificate is not yet valid (_ssl.c:1149)
[1970-01-26 15:29:00,436] [record_and_recognize()][ERROR] 连接失败: [SSL: CERTIFICATE_VERIFY_FAILED] certificate verify failed: certificate is not yet valid (_ssl.c:1149)
[1970-01-26 15:29:00,938] [record_and_recognize()][ERROR] 连接失败: [SSL: CERTIFICATE_VERIFY_FAILED] certificate verify failed: certificate is not yet valid (_ssl.c:1149)
[1970-01-26 15:29:01,515] [record_and_recognize()][ERROR] 连接失败: [SSL: CERTIFICATE_VERIFY_FAILED] certificate verify failed: certificate is not yet valid (_ssl.c:1149)
[1970-01-26 15:29:02,007] [record_and_recognize()][ERROR] 连接失败: [SSL: CERTIFICATE_VERIFY_FAILED] certificate verify failed: certificate is not yet valid (_ssl.c:1149)
[1970-01-26 15:29:02,554] [record_and_recognize()][ERROR] 连接失败: [SSL: CERTIFICATE_VERIFY_FAILED] certificate verify failed: certificate is not yet valid (_ssl.c:1149)
[1970-01-26 15:29:03,068] [record_and_recognize()][ERROR] 连接失败: [SSL: CERTIFICATE_VERIFY_FAILED] certificate verify failed: certificate is not yet valid (_ssl.c:1149)
[1970-01-26 15:29:03,649] [record_and_recognize()][ERROR] 连接失败: [SSL: CERTIFICATE_VERIFY_FAILED] certificate verify failed: certificate is not yet valid (_ssl.c:1149)
[1970-01-26 15:29:04,157] [record_and_recognize()][ERROR] 连接失败: [SSL: CERTIFICATE_VERIFY_FAILED] certificate verify failed: certificate is not yet valid (_ssl.c:1149)
[1970-01-26 15:29:04,711] [record_and_recognize()][ERROR] 连接失败: [SSL: CERTIFICATE_VERIFY_FAILED] certificate verify failed: certificate is not yet valid (_ssl.c:1149)
[1970-01-26 15:29:05,101] [record_and_recognize()][ERROR] 连接失败: [SSL: CERTIFICATE_VERIFY_FAILED] certificate verify failed: certificate is not yet valid (_ssl.c:1149)
[1970-01-26 15:29:05,759] [record_and_recognize()][ERROR] 连接失败: [SSL: CERTIFICATE_VERIFY_FAILED] certificate verify failed: certificate is not yet valid (_ssl.c:1149)
[1970-01-26 15:29:06,375] [record_and_recognize()][ERROR] 连接失败: [SSL: CERTIFICATE_VERIFY_FAILED] certificate verify failed: certificate is not yet valid (_ssl.c:1149)
[1970-01-26 15:29:06,647] [record_and_recognize()][ERROR] 连接失败: [SSL: CERTIFICATE_VERIFY_FAILED] certificate verify failed: certificate is not yet valid (_ssl.c:1149)
[1970-01-26 15:29:07,323] [record_and_recognize()][ERROR] 连接失败: [SSL: CERTIFICATE_VERIFY_FAILED] certificate verify failed: certificate is not yet valid (_ssl.c:1149)
[1970-01-26 15:29:12,764] [record_and_recognize()][ERROR] 连接失败: [SSL: CERTIFICATE_VERIFY_FAILED] certificate verify failed: certificate is not yet valid (_ssl.c:1149)
[1970-01-26 15:29:13,302] [record_and_recognize()][ERROR] 连接失败: [SSL: CERTIFICATE_VERIFY_FAILED] certificate verify failed: certificate is not yet valid (_ssl.c:1149)
[1970-01-26 15:29:13,612] [record_and_recognize()][ERROR] 连接失败: [SSL: CERTIFICATE_VERIFY_FAILED] certificate verify failed: certificate is not yet valid (_ssl.c:1149)
[1970-01-26 15:29:14,053] [record_and_recognize()][ERROR] 连接失败: [SSL: CERTIFICATE_VERIFY_FAILED] certificate verify failed: certificate is not yet valid (_ssl.c:1149)
[1970-01-26 15:29:14,659] [record_and_recognize()][ERROR] 连接失败: [SSL: CERTIFICATE_VERIFY_FAILED] certificate verify failed: certificate is not yet valid (_ssl.c:1149)
[1970-01-26 15:29:15,102] [record_and_recognize()][ERROR] 连接失败: [SSL: CERTIFICATE_VERIFY_FAILED] certificate verify failed: certificate is not yet valid (_ssl.c:1149)
[1970-01-26 15:29:15,668] [record_and_recognize()][ERROR] 连接失败: [SSL: CERTIFICATE_VERIFY_FAILED] certificate verify failed: certificate is not yet valid (_ssl.c:1149)
[1970-01-26 15:29:16,277] [record_and_recognize()][ERROR] 连接失败: [SSL: CERTIFICATE_VERIFY_FAILED] certificate verify failed: certificate is not yet valid (_ssl.c:1149)
[1970-01-26 15:29:16,688] [record_and_recognize()][ERROR] 连接失败: [SSL: CERTIFICATE_VERIFY_FAILED] certificate verify failed: certificate is not yet valid (_ssl.c:1149)
[1970-01-26 15:29:17,324] [record_and_recognize()][ERROR] 连接失败: [SSL: CERTIFICATE_VERIFY_FAILED] certificate verify failed: certificate is not yet valid (_ssl.c:1149)
[1970-01-26 15:29:17,776] [record_and_recognize()][ERROR] 连接失败: [SSL: CERTIFICATE_VERIFY_FAILED] certificate verify failed: certificate is not yet valid (_ssl.c:1149)
[1970-01-26 15:29:18,367] [record_and_recognize()][ERROR] 连接失败: [SSL: CERTIFICATE_VERIFY_FAILED] certificate verify failed: certificate is not yet valid (_ssl.c:1149)
[1970-01-26 15:29:18,858] [record_and_recognize()][ERROR] 连接失败: [SSL: CERTIFICATE_VERIFY_FAILED] certificate verify failed: certificate is not yet valid (_ssl.c:1149)
[1970-01-26 15:29:19,727] [record_and_recognize()][ERROR] 连接失败: [SSL: CERTIFICATE_VERIFY_FAILED] certificate verify failed: certificate is not yet valid (_ssl.c:1149)
[1970-01-26 15:29:19,991] [record_and_recognize()][ERROR] 连接失败: [SSL: CERTIFICATE_VERIFY_FAILED] certificate verify failed: certificate is not yet valid (_ssl.c:1149)
[1970-01-26 15:29:20,495] [record_and_recognize()][ERROR] 连接失败: [SSL: CERTIFICATE_VERIFY_FAILED] certificate verify failed: certificate is not yet valid (_ssl.c:1149)
[1970-01-26 15:29:21,147] [record_and_recognize()][ERROR] 连接失败: [SSL: CERTIFICATE_VERIFY_FAILED] certificate verify failed: certificate is not yet valid (_ssl.c:1149)
[1970-01-26 15:29:21,580] [record_and_recognize()][ERROR] 连接失败: [SSL: CERTIFICATE_VERIFY_FAILED] certificate verify failed: certificate is not yet valid (_ssl.c:1149)
[1970-01-26 15:29:22,120] [record_and_recognize()][ERROR] 连接失败: [SSL: CERTIFICATE_VERIFY_FAILED] certificate verify failed: certificate is not yet valid (_ssl.c:1149)
[1970-01-26 15:29:22,582] [record_and_recognize()][ERROR] 连接失败: [SSL: CERTIFICATE_VERIFY_FAILED] certificate verify failed: certificate is not yet valid (_ssl.c:1149)
[1970-01-26 15:29:23,306] [record_and_recognize()][ERROR] 连接失败: [SSL: CERTIFICATE_VERIFY_FAILED] certificate verify failed: certificate is not yet valid (_ssl.c:1149)
[1970-01-26 15:29:23,755] [record_and_recognize()][ERROR] 连接失败: [SSL: CERTIFICATE_VERIFY_FAILED] certificate verify failed: certificate is not yet valid (_ssl.c:1149)
[1970-01-26 15:29:24,137] [record_and_recognize()][ERROR] 连接失败: [SSL: CERTIFICATE_VERIFY_FAILED] certificate verify failed: certificate is not yet valid (_ssl.c:1149)
[1970-01-26 15:29:24,710] [record_and_recognize()][ERROR] 连接失败: [SSL: CERTIFICATE_VERIFY_FAILED] certificate verify failed: certificate is not yet valid (_ssl.c:1149)
[1970-01-26 15:29:25,368] [record_and_recognize()][ERROR] 连接失败: [SSL: CERTIFICATE_VERIFY_FAILED] certificate verify failed: certificate is not yet valid (_ssl.c:1149)
[1970-01-26 15:29:40,350] [record_and_recognize()][ERROR] 连接失败: [SSL: CERTIFICATE_VERIFY_FAILED] certificate verify failed: certificate is not yet valid (_ssl.c:1149)
[1970-01-26 15:29:40,816] [record_and_recognize()][ERROR] 连接失败: [SSL: CERTIFICATE_VERIFY_FAILED] certificate verify failed: certificate is not yet valid (_ssl.c:1149)
[1970-01-26 15:29:41,348] [record_and_recognize()][ERROR] 连接失败: [SSL: CERTIFICATE_VERIFY_FAILED] certificate verify failed: certificate is not yet valid (_ssl.c:1149)
[1970-01-26 15:29:41,942] [record_and_recognize()][ERROR] 连接失败: [SSL: CERTIFICATE_VERIFY_FAILED] certificate verify failed: certificate is not yet valid (_ssl.c:1149)
[1970-01-26 15:29:42,471] [record_and_recognize()][ERROR] 连接失败: [SSL: CERTIFICATE_VERIFY_FAILED] certificate verify failed: certificate is not yet valid (_ssl.c:1149)
[1970-01-26 15:29:42,986] [record_and_recognize()][ERROR] 连接失败: [SSL: CERTIFICATE_VERIFY_FAILED] certificate verify failed: certificate is not yet valid (_ssl.c:1149)
[1970-01-26 15:29:43,473] [record_and_recognize()][ERROR] 连接失败: [SSL: CERTIFICATE_VERIFY_FAILED] certificate verify failed: certificate is not yet valid (_ssl.c:1149)
[1970-01-26 15:29:44,116] [record_and_recognize()][ERROR] 连接失败: [SSL: CERTIFICATE_VERIFY_FAILED] certificate verify failed: certificate is not yet valid (_ssl.c:1149)
[1970-01-26 15:29:44,600] [record_and_recognize()][ERROR] 连接失败: [SSL: CERTIFICATE_VERIFY_FAILED] certificate verify failed: certificate is not yet valid (_ssl.c:1149)
[1970-01-26 15:29:45,066] [record_and_recognize()][ERROR] 连接失败: [SSL: CERTIFICATE_VERIFY_FAILED] certificate verify failed: certificate is not yet valid (_ssl.c:1149)
[1970-01-26 15:29:45,610] [record_and_recognize()][ERROR] 连接失败: [SSL: CERTIFICATE_VERIFY_FAILED] certificate verify failed: certificate is not yet valid (_ssl.c:1149)
[1970-01-26 15:29:46,123] [record_and_recognize()][ERROR] 连接失败: [SSL: CERTIFICATE_VERIFY_FAILED] certificate verify failed: certificate is not yet valid (_ssl.c:1149)
[1970-01-26 15:29:46,615] [record_and_recognize()][ERROR] 连接失败: [SSL: CERTIFICATE_VERIFY_FAILED] certificate verify failed: certificate is not yet valid (_ssl.c:1149)
[1970-01-26 15:29:47,359] [record_and_recognize()][ERROR] 连接失败: [SSL: CERTIFICATE_VERIFY_FAILED] certificate verify failed: certificate is not yet valid (_ssl.c:1149)
[1970-01-26 15:29:47,755] [record_and_recognize()][ERROR] 连接失败: [SSL: CERTIFICATE_VERIFY_FAILED] certificate verify failed: certificate is not yet valid (_ssl.c:1149)
[1970-01-26 15:29:48,231] [record_and_recognize()][ERROR] 连接失败: [SSL: CERTIFICATE_VERIFY_FAILED] certificate verify failed: certificate is not yet valid (_ssl.c:1149)
[1970-01-26 15:29:48,808] [record_and_recognize()][ERROR] 连接失败: [SSL: CERTIFICATE_VERIFY_FAILED] certificate verify failed: certificate is not yet valid (_ssl.c:1149)
[1970-01-26 15:29:49,428] [record_and_recognize()][ERROR] 连接失败: [SSL: CERTIFICATE_VERIFY_FAILED] certificate verify failed: certificate is not yet valid (_ssl.c:1149)
[1970-01-26 15:29:54,493] [record_and_recognize()][ERROR] 连接失败: [SSL: CERTIFICATE_VERIFY_FAILED] certificate verify failed: certificate is not yet valid (_ssl.c:1149)
[1970-01-26 15:30:01,707] [record_and_recognize()][ERROR] 连接失败: [SSL: CERTIFICATE_VERIFY_FAILED] certificate verify failed: certificate is not yet valid (_ssl.c:1149)
[1970-01-26 15:30:01,970] [record_and_recognize()][ERROR] 连接失败: [SSL: CERTIFICATE_VERIFY_FAILED] certificate verify failed: certificate is not yet valid (_ssl.c:1149)
[1970-01-26 15:30:02,584] [record_and_recognize()][ERROR] 连接失败: [SSL: CERTIFICATE_VERIFY_FAILED] certificate verify failed: certificate is not yet valid (_ssl.c:1149)
[1970-01-26 15:30:03,039] [record_and_recognize()][ERROR] 连接失败: [SSL: CERTIFICATE_VERIFY_FAILED] certificate verify failed: certificate is not yet valid (_ssl.c:1149)
[1970-01-26 15:30:03,552] [record_and_recognize()][ERROR] 连接失败: [SSL: CERTIFICATE_VERIFY_FAILED] certificate verify failed: certificate is not yet valid (_ssl.c:1149)
[1970-01-26 15:30:04,055] [record_and_recognize()][ERROR] 连接失败: [SSL: CERTIFICATE_VERIFY_FAILED] certificate verify failed: certificate is not yet valid (_ssl.c:1149)
[1970-01-26 15:30:04,574] [record_and_recognize()][ERROR] 连接失败: [SSL: CERTIFICATE_VERIFY_FAILED] certificate verify failed: certificate is not yet valid (_ssl.c:1149)
[1970-01-26 15:30:05,050] [record_and_recognize()][ERROR] 连接失败: [SSL: CERTIFICATE_VERIFY_FAILED] certificate verify failed: certificate is not yet valid (_ssl.c:1149)
[1970-01-26 15:30:05,657] [record_and_recognize()][ERROR] 连接失败: [SSL: CERTIFICATE_VERIFY_FAILED] certificate verify failed: certificate is not yet valid (_ssl.c:1149)
[1970-01-26 15:30:06,056] [record_and_recognize()][ERROR] 连接失败: [SSL: CERTIFICATE_VERIFY_FAILED] certificate verify failed: certificate is not yet valid (_ssl.c:1149)
[1970-01-26 15:30:06,613] [record_and_recognize()][ERROR] 连接失败: [SSL: CERTIFICATE_VERIFY_FAILED] certificate verify failed: certificate is not yet valid (_ssl.c:1149)
[1970-01-26 15:30:07,158] [record_and_recognize()][ERROR] 连接失败: [SSL: CERTIFICATE_VERIFY_FAILED] certificate verify failed: certificate is not yet valid (_ssl.c:1149)
[1970-01-26 15:30:07,705] [record_and_recognize()][ERROR] 连接失败: [SSL: CERTIFICATE_VERIFY_FAILED] certificate verify failed: certificate is not yet valid (_ssl.c:1149)
[1970-01-26 15:30:08,266] [record_and_recognize()][ERROR] 连接失败: [SSL: CERTIFICATE_VERIFY_FAILED] certificate verify failed: certificate is not yet valid (_ssl.c:1149)
[1970-01-26 15:30:08,774] [record_and_recognize()][ERROR] 连接失败: [SSL: CERTIFICATE_VERIFY_FAILED] certificate verify failed: certificate is not yet valid (_ssl.c:1149)
[1970-01-26 15:30:09,283] [record_and_recognize()][ERROR] 连接失败: [SSL: CERTIFICATE_VERIFY_FAILED] certificate verify failed: certificate is not yet valid (_ssl.c:1149)
[1970-01-26 15:30:09,739] [record_and_recognize()][ERROR] 连接失败: [SSL: CERTIFICATE_VERIFY_FAILED] certificate verify failed: certificate is not yet valid (_ssl.c:1149)
[1970-01-26 15:30:10,256] [record_and_recognize()][ERROR] 连接失败: [SSL: CERTIFICATE_VERIFY_FAILED] certificate verify failed: certificate is not yet valid (_ssl.c:1149)
[1970-01-26 15:30:10,768] [record_and_recognize()][ERROR] 连接失败: [SSL: CERTIFICATE_VERIFY_FAILED] certificate verify failed: certificate is not yet valid (_ssl.c:1149)
[1970-01-26 15:30:11,342] [record_and_recognize()][ERROR] 连接失败: [SSL: CERTIFICATE_VERIFY_FAILED] certificate verify failed: certificate is not yet valid (_ssl.c:1149)
[1970-01-26 15:30:11,837] [record_and_recognize()][ERROR] 连接失败: [SSL: CERTIFICATE_VERIFY_FAILED] certificate verify failed: certificate is not yet valid (_ssl.c:1149)
[1970-01-26 15:30:12,357] [record_and_recognize()][ERROR] 连接失败: [SSL: CERTIFICATE_VERIFY_FAILED] certificate verify failed: certificate is not yet valid (_ssl.c:1149)
[1970-01-26 15:30:13,066] [record_and_recognize()][ERROR] 连接失败: [SSL: CERTIFICATE_VERIFY_FAILED] certificate verify failed: certificate is not yet valid (_ssl.c:1149)
[1970-01-26 15:30:13,500] [record_and_recognize()][ERROR] 连接失败: [SSL: CERTIFICATE_VERIFY_FAILED] certificate verify failed: certificate is not yet valid (_ssl.c:1149)
[1970-01-26 15:30:13,879] [record_and_recognize()][ERROR] 连接失败: [SSL: CERTIFICATE_VERIFY_FAILED] certificate verify failed: certificate is not yet valid (_ssl.c:1149)
[1970-01-26 15:30:14,395] [record_and_recognize()][ERROR] 连接失败: [SSL: CERTIFICATE_VERIFY_FAILED] certificate verify failed: certificate is not yet valid (_ssl.c:1149)
[1970-01-26 15:30:14,978] [record_and_recognize()][ERROR] 连接失败: [SSL: CERTIFICATE_VERIFY_FAILED] certificate verify failed: certificate is not yet valid (_ssl.c:1149)
[1970-01-26 15:30:15,569] [record_and_recognize()][ERROR] 连接失败: [SSL: CERTIFICATE_VERIFY_FAILED] certificate verify failed: certificate is not yet valid (_ssl.c:1149)
[1970-01-26 15:30:16,050] [record_and_recognize()][ERROR] 连接失败: [SSL: CERTIFICATE_VERIFY_FAILED] certificate verify failed: certificate is not yet valid (_ssl.c:1149)
[1970-01-26 15:30:16,622] [record_and_recognize()][ERROR] 连接失败: [SSL: CERTIFICATE_VERIFY_FAILED] certificate verify failed: certificate is not yet valid (_ssl.c:1149)
[1970-01-26 15:30:17,100] [record_and_recognize()][ERROR] 连接失败: [SSL: CERTIFICATE_VERIFY_FAILED] certificate verify failed: certificate is not yet valid (_ssl.c:1149)
[1970-01-26 15:30:17,643] [record_and_recognize()][ERROR] 连接失败: [SSL: CERTIFICATE_VERIFY_FAILED] certificate verify failed: certificate is not yet valid (_ssl.c:1149)
[1970-01-26 15:30:18,322] [record_and_recognize()][ERROR] 连接失败: [SSL: CERTIFICATE_VERIFY_FAILED] certificate verify failed: certificate is not yet valid (_ssl.c:1149)
[1970-01-26 15:30:18,651] [record_and_recognize()][ERROR] 连接失败: [SSL: CERTIFICATE_VERIFY_FAILED] certificate verify failed: certificate is not yet valid (_ssl.c:1149)
[1970-01-26 15:30:19,307] [record_and_recognize()][ERROR] 连接失败: [SSL: CERTIFICATE_VERIFY_FAILED] certificate verify failed: certificate is not yet valid (_ssl.c:1149)
[1970-01-26 15:30:19,731] [record_and_recognize()][ERROR] 连接失败: [SSL: CERTIFICATE_VERIFY_FAILED] certificate verify failed: certificate is not yet valid (_ssl.c:1149)
[1970-01-26 15:30:20,359] [record_and_recognize()][ERROR] 连接失败: [SSL: CERTIFICATE_VERIFY_FAILED] certificate verify failed: certificate is not yet valid (_ssl.c:1149)
[1970-01-26 15:30:20,812] [record_and_recognize()][ERROR] 连接失败: [SSL: CERTIFICATE_VERIFY_FAILED] certificate verify failed: certificate is not yet valid (_ssl.c:1149)
[1970-01-26 15:30:21,255] [record_and_recognize()][ERROR] 连接失败: [SSL: CERTIFICATE_VERIFY_FAILED] certificate verify failed: certificate is not yet valid (_ssl.c:1149)
[1970-01-26 15:30:21,919] [record_and_recognize()][ERROR] 连接失败: [SSL: CERTIFICATE_VERIFY_FAILED] certificate verify failed: certificate is not yet valid (_ssl.c:1149)
[1970-01-26 15:30:22,380] [record_and_recognize()][ERROR] 连接失败: [SSL: CERTIFICATE_VERIFY_FAILED] certificate verify failed: certificate is not yet valid (_ssl.c:1149)
[1970-01-26 15:30:22,860] [record_and_recognize()][ERROR] 连接失败: [SSL: CERTIFICATE_VERIFY_FAILED] certificate verify failed: certificate is not yet valid (_ssl.c:1149)
[1970-01-26 15:30:23,389] [record_and_recognize()][ERROR] 连接失败: [SSL: CERTIFICATE_VERIFY_FAILED] certificate verify failed: certificate is not yet valid (_ssl.c:1149)
[1970-01-26 15:30:23,885] [record_and_recognize()][ERROR] 连接失败: [SSL: CERTIFICATE_VERIFY_FAILED] certificate verify failed: certificate is not yet valid (_ssl.c:1149)
[1970-01-26 15:30:24,452] [record_and_recognize()][ERROR] 连接失败: [SSL: CERTIFICATE_VERIFY_FAILED] certificate verify failed: certificate is not yet valid (_ssl.c:1149)
[1970-01-26 15:30:25,043] [record_and_recognize()][ERROR] 连接失败: [SSL: CERTIFICATE_VERIFY_FAILED] certificate verify failed: certificate is not yet valid (_ssl.c:1149)
[1970-01-26 15:30:25,629] [record_and_recognize()][ERROR] 连接失败: [SSL: CERTIFICATE_VERIFY_FAILED] certificate verify failed: certificate is not yet valid (_ssl.c:1149)
[1970-01-26 15:30:26,065] [record_and_recognize()][ERROR] 连接失败: [SSL: CERTIFICATE_VERIFY_FAILED] certificate verify failed: certificate is not yet valid (_ssl.c:1149)
[1970-01-26 15:30:26,630] [record_and_recognize()][ERROR] 连接失败: [SSL: CERTIFICATE_VERIFY_FAILED] certificate verify failed: certificate is not yet valid (_ssl.c:1149)
[1970-01-26 15:30:27,126] [record_and_recognize()][ERROR] 连接失败: [SSL: CERTIFICATE_VERIFY_FAILED] certificate verify failed: certificate is not yet valid (_ssl.c:1149)
[1970-01-26 15:30:27,926] [record_and_recognize()][ERROR] 连接失败: [SSL: CERTIFICATE_VERIFY_FAILED] certificate verify failed: certificate is not yet valid (_ssl.c:1149)
[1970-01-26 15:30:28,198] [record_and_recognize()][ERROR] 连接失败: [SSL: CERTIFICATE_VERIFY_FAILED] certificate verify failed: certificate is not yet valid (_ssl.c:1149)
[1970-01-26 15:30:29,755] [record_and_recognize()][ERROR] 连接失败: [SSL: CERTIFICATE_VERIFY_FAILED] certificate verify failed: certificate is not yet valid (_ssl.c:1149)
[1970-01-26 15:30:30,019] [record_and_recognize()][ERROR] 连接失败: [SSL: CERTIFICATE_VERIFY_FAILED] certificate verify failed: certificate is not yet valid (_ssl.c:1149)
[1970-01-26 15:30:30,588] [record_and_recognize()][ERROR] 连接失败: [SSL: CERTIFICATE_VERIFY_FAILED] certificate verify failed: certificate is not yet valid (_ssl.c:1149)
[1970-01-26 15:30:31,035] [record_and_recognize()][ERROR] 连接失败: [SSL: CERTIFICATE_VERIFY_FAILED] certificate verify failed: certificate is not yet valid (_ssl.c:1149)
[1970-01-26 15:30:31,653] [record_and_recognize()][ERROR] 连接失败: [SSL: CERTIFICATE_VERIFY_FAILED] certificate verify failed: certificate is not yet valid (_ssl.c:1149)
[1970-01-26 15:30:32,149] [record_and_recognize()][ERROR] 连接失败: [SSL: CERTIFICATE_VERIFY_FAILED] certificate verify failed: certificate is not yet valid (_ssl.c:1149)
[1970-01-26 15:30:32,654] [record_and_recognize()][ERROR] 连接失败: [SSL: CERTIFICATE_VERIFY_FAILED] certificate verify failed: certificate is not yet valid (_ssl.c:1149)
[1970-01-26 15:30:33,195] [record_and_recognize()][ERROR] 连接失败: [SSL: CERTIFICATE_VERIFY_FAILED] certificate verify failed: certificate is not yet valid (_ssl.c:1149)
[1970-01-26 15:30:33,694] [record_and_recognize()][ERROR] 连接失败: [SSL: CERTIFICATE_VERIFY_FAILED] certificate verify failed: certificate is not yet valid (_ssl.c:1149)
[1970-01-26 15:30:34,336] [record_and_recognize()][ERROR] 连接失败: [SSL: CERTIFICATE_VERIFY_FAILED] certificate verify failed: certificate is not yet valid (_ssl.c:1149)
[1970-01-26 15:30:34,856] [record_and_recognize()][ERROR] 连接失败: [SSL: CERTIFICATE_VERIFY_FAILED] certificate verify failed: certificate is not yet valid (_ssl.c:1149)
[1970-01-26 15:30:35,356] [record_and_recognize()][ERROR] 连接失败: [SSL: CERTIFICATE_VERIFY_FAILED] certificate verify failed: certificate is not yet valid (_ssl.c:1149)
[1970-01-26 15:30:36,055] [record_and_recognize()][ERROR] 连接失败: [SSL: CERTIFICATE_VERIFY_FAILED] certificate verify failed: certificate is not yet valid (_ssl.c:1149)
[1970-01-26 15:30:36,448] [record_and_recognize()][ERROR] 连接失败: [SSL: CERTIFICATE_VERIFY_FAILED] certificate verify failed: certificate is not yet valid (_ssl.c:1149)
[1970-01-26 15:30:36,993] [record_and_recognize()][ERROR] 连接失败: [SSL: CERTIFICATE_VERIFY_FAILED] certificate verify failed: certificate is not yet valid (_ssl.c:1149)
[1970-01-26 15:30:43,387] [record_and_recognize()][ERROR] 连接失败: [SSL: CERTIFICATE_VERIFY_FAILED] certificate verify failed: certificate is not yet valid (_ssl.c:1149)
[1970-01-26 15:30:43,799] [record_and_recognize()][ERROR] 连接失败: [SSL: CERTIFICATE_VERIFY_FAILED] certificate verify failed: certificate is not yet valid (_ssl.c:1149)
[1970-01-26 15:30:44,304] [record_and_recognize()][ERROR] 连接失败: [SSL: CERTIFICATE_VERIFY_FAILED] certificate verify failed: certificate is not yet valid (_ssl.c:1149)
[1970-01-26 15:30:44,717] [record_and_recognize()][ERROR] 连接失败: [SSL: CERTIFICATE_VERIFY_FAILED] certificate verify failed: certificate is not yet valid (_ssl.c:1149)
[1970-01-26 15:30:45,214] [record_and_recognize()][ERROR] 连接失败: [SSL: CERTIFICATE_VERIFY_FAILED] certificate verify failed: certificate is not yet valid (_ssl.c:1149)
[1970-01-26 15:30:45,763] [record_and_recognize()][ERROR] 连接失败: [SSL: CERTIFICATE_VERIFY_FAILED] certificate verify failed: certificate is not yet valid (_ssl.c:1149)
[1970-01-26 15:30:46,359] [record_and_recognize()][ERROR] 连接失败: [SSL: CERTIFICATE_VERIFY_FAILED] certificate verify failed: certificate is not yet valid (_ssl.c:1149)
[1970-01-26 15:30:53,771] [record_and_recognize()][ERROR] 连接失败: [SSL: CERTIFICATE_VERIFY_FAILED] certificate verify failed: certificate is not yet valid (_ssl.c:1149)
[1970-01-26 15:30:54,037] [record_and_recognize()][ERROR] 连接失败: [SSL: CERTIFICATE_VERIFY_FAILED] certificate verify failed: certificate is not yet valid (_ssl.c:1149)
[1970-01-26 15:30:54,554] [record_and_recognize()][ERROR] 连接失败: [SSL: CERTIFICATE_VERIFY_FAILED] certificate verify failed: certificate is not yet valid (_ssl.c:1149)
[1970-01-26 15:30:55,014] [record_and_recognize()][ERROR] 连接失败: [SSL: CERTIFICATE_VERIFY_FAILED] certificate verify failed: certificate is not yet valid (_ssl.c:1149)
[1970-01-26 15:30:55,546] [record_and_recognize()][ERROR] 连接失败: [SSL: CERTIFICATE_VERIFY_FAILED] certificate verify failed: certificate is not yet valid (_ssl.c:1149)
[1970-01-26 15:30:56,148] [record_and_recognize()][ERROR] 连接失败: [SSL: CERTIFICATE_VERIFY_FAILED] certificate verify failed: certificate is not yet valid (_ssl.c:1149)
[1970-01-26 15:30:56,820] [record_and_recognize()][ERROR] 连接失败: [SSL: CERTIFICATE_VERIFY_FAILED] certificate verify failed: certificate is not yet valid (_ssl.c:1149)
[1970-01-26 15:30:57,209] [record_and_recognize()][ERROR] 连接失败: [SSL: CERTIFICATE_VERIFY_FAILED] certificate verify failed: certificate is not yet valid (_ssl.c:1149)
[1970-01-26 15:30:57,650] [record_and_recognize()][ERROR] 连接失败: [SSL: CERTIFICATE_VERIFY_FAILED] certificate verify failed: certificate is not yet valid (_ssl.c:1149)
[1970-01-26 15:30:58,219] [record_and_recognize()][ERROR] 连接失败: [SSL: CERTIFICATE_VERIFY_FAILED] certificate verify failed: certificate is not yet valid (_ssl.c:1149)
[1970-01-26 15:30:58,748] [record_and_recognize()][ERROR] 连接失败: [SSL: CERTIFICATE_VERIFY_FAILED] certificate verify failed: certificate is not yet valid (_ssl.c:1149)
[1970-01-26 15:30:59,246] [record_and_recognize()][ERROR] 连接失败: [SSL: CERTIFICATE_VERIFY_FAILED] certificate verify failed: certificate is not yet valid (_ssl.c:1149)
[1970-01-26 15:30:59,862] [record_and_recognize()][ERROR] 连接失败: [SSL: CERTIFICATE_VERIFY_FAILED] certificate verify failed: certificate is not yet valid (_ssl.c:1149)
[1970-01-26 15:31:00,299] [record_and_recognize()][ERROR] 连接失败: [SSL: CERTIFICATE_VERIFY_FAILED] certificate verify failed: certificate is not yet valid (_ssl.c:1149)
[1970-01-26 15:31:00,882] [record_and_recognize()][ERROR] 连接失败: [SSL: CERTIFICATE_VERIFY_FAILED] certificate verify failed: certificate is not yet valid (_ssl.c:1149)
[1970-01-26 15:31:01,410] [record_and_recognize()][ERROR] 连接失败: [SSL: CERTIFICATE_VERIFY_FAILED] certificate verify failed: certificate is not yet valid (_ssl.c:1149)
[1970-01-26 15:31:02,251] [record_and_recognize()][ERROR] 连接失败: [SSL: CERTIFICATE_VERIFY_FAILED] certificate verify failed: certificate is not yet valid (_ssl.c:1149)
[1970-01-26 15:31:02,491] [record_and_recognize()][ERROR] 连接失败: [SSL: CERTIFICATE_VERIFY_FAILED] certificate verify failed: certificate is not yet valid (_ssl.c:1149)
[1970-01-26 15:31:03,057] [record_and_recognize()][ERROR] 连接失败: [SSL: CERTIFICATE_VERIFY_FAILED] certificate verify failed: certificate is not yet valid (_ssl.c:1149)
[1970-01-26 15:31:03,578] [record_and_recognize()][ERROR] 连接失败: [SSL: CERTIFICATE_VERIFY_FAILED] certificate verify failed: certificate is not yet valid (_ssl.c:1149)
[1970-01-26 15:31:04,167] [record_and_recognize()][ERROR] 连接失败: [SSL: CERTIFICATE_VERIFY_FAILED] certificate verify failed: certificate is not yet valid (_ssl.c:1149)
[1970-01-26 15:31:04,624] [record_and_recognize()][ERROR] 连接失败: [SSL: CERTIFICATE_VERIFY_FAILED] certificate verify failed: certificate is not yet valid (_ssl.c:1149)
[1970-01-26 15:31:05,095] [record_and_recognize()][ERROR] 连接失败: [SSL: CERTIFICATE_VERIFY_FAILED] certificate verify failed: certificate is not yet valid (_ssl.c:1149)
[1970-01-26 15:31:05,775] [record_and_recognize()][ERROR] 连接失败: [SSL: CERTIFICATE_VERIFY_FAILED] certificate verify failed: certificate is not yet valid (_ssl.c:1149)
[1970-01-26 15:31:06,250] [record_and_recognize()][ERROR] 连接失败: [SSL: CERTIFICATE_VERIFY_FAILED] certificate verify failed: certificate is not yet valid (_ssl.c:1149)
[1970-01-26 15:31:06,775] [record_and_recognize()][ERROR] 连接失败: [SSL: CERTIFICATE_VERIFY_FAILED] certificate verify failed: certificate is not yet valid (_ssl.c:1149)
[1970-01-26 15:31:07,207] [record_and_recognize()][ERROR] 连接失败: [SSL: CERTIFICATE_VERIFY_FAILED] certificate verify failed: certificate is not yet valid (_ssl.c:1149)
[1970-01-26 15:31:07,743] [record_and_recognize()][ERROR] 连接失败: [SSL: CERTIFICATE_VERIFY_FAILED] certificate verify failed: certificate is not yet valid (_ssl.c:1149)
[1970-01-26 15:31:08,271] [record_and_recognize()][ERROR] 连接失败: [SSL: CERTIFICATE_VERIFY_FAILED] certificate verify failed: certificate is not yet valid (_ssl.c:1149)
[1970-01-26 15:31:08,975] [record_and_recognize()][ERROR] 连接失败: [SSL: CERTIFICATE_VERIFY_FAILED] certificate verify failed: certificate is not yet valid (_ssl.c:1149)
[1970-01-26 15:31:09,360] [record_and_recognize()][ERROR] 连接失败: [SSL: CERTIFICATE_VERIFY_FAILED] certificate verify failed: certificate is not yet valid (_ssl.c:1149)
[1970-01-26 15:31:09,858] [record_and_recognize()][ERROR] 连接失败: [SSL: CERTIFICATE_VERIFY_FAILED] certificate verify failed: certificate is not yet valid (_ssl.c:1149)
[1970-01-26 15:31:10,410] [record_and_recognize()][ERROR] 连接失败: [SSL: CERTIFICATE_VERIFY_FAILED] certificate verify failed: certificate is not yet valid (_ssl.c:1149)
[1970-01-26 15:31:10,917] [record_and_recognize()][ERROR] 连接失败: [SSL: CERTIFICATE_VERIFY_FAILED] certificate verify failed: certificate is not yet valid (_ssl.c:1149)
[1970-01-26 15:31:11,760] [record_and_recognize()][ERROR] 连接失败: [SSL: CERTIFICATE_VERIFY_FAILED] certificate verify failed: certificate is not yet valid (_ssl.c:1149)
[1970-01-26 15:31:12,097] [record_and_recognize()][ERROR] 连接失败: [SSL: CERTIFICATE_VERIFY_FAILED] certificate verify failed: certificate is not yet valid (_ssl.c:1149)
[1970-01-26 15:31:12,637] [record_and_recognize()][ERROR] 连接失败: [SSL: CERTIFICATE_VERIFY_FAILED] certificate verify failed: certificate is not yet valid (_ssl.c:1149)
[1970-01-26 15:31:13,084] [record_and_recognize()][ERROR] 连接失败: [SSL: CERTIFICATE_VERIFY_FAILED] certificate verify failed: certificate is not yet valid (_ssl.c:1149)
[1970-01-26 15:31:13,683] [record_and_recognize()][ERROR] 连接失败: [SSL: CERTIFICATE_VERIFY_FAILED] certificate verify failed: certificate is not yet valid (_ssl.c:1149)
[1970-01-26 15:31:14,208] [record_and_recognize()][ERROR] 连接失败: [SSL: CERTIFICATE_VERIFY_FAILED] certificate verify failed: certificate is not yet valid (_ssl.c:1149)
[1970-01-26 15:31:14,703] [record_and_recognize()][ERROR] 连接失败: [SSL: CERTIFICATE_VERIFY_FAILED] certificate verify failed: certificate is not yet valid (_ssl.c:1149)
[1970-01-26 15:31:15,251] [record_and_recognize()][ERROR] 连接失败: [SSL: CERTIFICATE_VERIFY_FAILED] certificate verify failed: certificate is not yet valid (_ssl.c:1149)
[1970-01-26 15:31:15,834] [record_and_recognize()][ERROR] 连接失败: [SSL: CERTIFICATE_VERIFY_FAILED] certificate verify failed: certificate is not yet valid (_ssl.c:1149)
[1970-01-26 15:31:16,358] [record_and_recognize()][ERROR] 连接失败: [SSL: CERTIFICATE_VERIFY_FAILED] certificate verify failed: certificate is not yet valid (_ssl.c:1149)
[1970-01-26 15:31:16,916] [record_and_recognize()][ERROR] 连接失败: [SSL: CERTIFICATE_VERIFY_FAILED] certificate verify failed: certificate is not yet valid (_ssl.c:1149)
[1970-01-26 15:31:17,370] [record_and_recognize()][ERROR] 连接失败: [SSL: CERTIFICATE_VERIFY_FAILED] certificate verify failed: certificate is not yet valid (_ssl.c:1149)
[1970-01-26 15:31:17,883] [record_and_recognize()][ERROR] 连接失败: [SSL: CERTIFICATE_VERIFY_FAILED] certificate verify failed: certificate is not yet valid (_ssl.c:1149)
[1970-01-26 15:31:18,370] [record_and_recognize()][ERROR] 连接失败: [SSL: CERTIFICATE_VERIFY_FAILED] certificate verify failed: certificate is not yet valid (_ssl.c:1149)
[1970-01-26 15:31:18,983] [record_and_recognize()][ERROR] 连接失败: [SSL: CERTIFICATE_VERIFY_FAILED] certificate verify failed: certificate is not yet valid (_ssl.c:1149)
[1970-01-26 15:31:19,466] [record_and_recognize()][ERROR] 连接失败: [SSL: CERTIFICATE_VERIFY_FAILED] certificate verify failed: certificate is not yet valid (_ssl.c:1149)
[1970-01-26 15:31:19,987] [record_and_recognize()][ERROR] 连接失败: [SSL: CERTIFICATE_VERIFY_FAILED] certificate verify failed: certificate is not yet valid (_ssl.c:1149)
[1970-01-26 15:31:20,490] [record_and_recognize()][ERROR] 连接失败: [SSL: CERTIFICATE_VERIFY_FAILED] certificate verify failed: certificate is not yet valid (_ssl.c:1149)
[1970-01-26 15:31:20,970] [record_and_recognize()][ERROR] 连接失败: [SSL: CERTIFICATE_VERIFY_FAILED] certificate verify failed: certificate is not yet valid (_ssl.c:1149)
[1970-01-26 15:31:21,530] [record_and_recognize()][ERROR] 连接失败: [SSL: CERTIFICATE_VERIFY_FAILED] certificate verify failed: certificate is not yet valid (_ssl.c:1149)
[1970-01-26 15:31:22,010] [record_and_recognize()][ERROR] 连接失败: [SSL: CERTIFICATE_VERIFY_FAILED] certificate verify failed: certificate is not yet valid (_ssl.c:1149)
[1970-01-26 15:31:22,538] [record_and_recognize()][ERROR] 连接失败: [SSL: CERTIFICATE_VERIFY_FAILED] certificate verify failed: certificate is not yet valid (_ssl.c:1149)
[1970-01-26 15:31:23,059] [record_and_recognize()][ERROR] 连接失败: [SSL: CERTIFICATE_VERIFY_FAILED] certificate verify failed: certificate is not yet valid (_ssl.c:1149)
[1970-01-26 15:31:23,629] [record_and_recognize()][ERROR] 连接失败: [SSL: CERTIFICATE_VERIFY_FAILED] certificate verify failed: certificate is not yet valid (_ssl.c:1149)
[1970-01-26 15:31:24,286] [record_and_recognize()][ERROR] 连接失败: [SSL: CERTIFICATE_VERIFY_FAILED] certificate verify failed: certificate is not yet valid (_ssl.c:1149)
[1970-01-26 15:31:24,656] [record_and_recognize()][ERROR] 连接失败: [SSL: CERTIFICATE_VERIFY_FAILED] certificate verify failed: certificate is not yet valid (_ssl.c:1149)
[1970-01-26 15:31:25,196] [record_and_recognize()][ERROR] 连接失败: [SSL: CERTIFICATE_VERIFY_FAILED] certificate verify failed: certificate is not yet valid (_ssl.c:1149)
[1970-01-26 15:31:25,720] [record_and_recognize()][ERROR] 连接失败: [SSL: CERTIFICATE_VERIFY_FAILED] certificate verify failed: certificate is not yet valid (_ssl.c:1149)
[1970-01-26 15:31:26,306] [record_and_recognize()][ERROR] 连接失败: [SSL: CERTIFICATE_VERIFY_FAILED] certificate verify failed: certificate is not yet valid (_ssl.c:1149)
[1970-01-26 15:31:26,846] [record_and_recognize()][ERROR] 连接失败: [SSL: CERTIFICATE_VERIFY_FAILED] certificate verify failed: certificate is not yet valid (_ssl.c:1149)
[1970-01-26 15:31:27,305] [record_and_recognize()][ERROR] 连接失败: [SSL: CERTIFICATE_VERIFY_FAILED] certificate verify failed: certificate is not yet valid (_ssl.c:1149)
[1970-01-26 15:31:27,841] [record_and_recognize()][ERROR] 连接失败: [SSL: CERTIFICATE_VERIFY_FAILED] certificate verify failed: certificate is not yet valid (_ssl.c:1149)
[1970-01-26 15:31:28,364] [record_and_recognize()][ERROR] 连接失败: [SSL: CERTIFICATE_VERIFY_FAILED] certificate verify failed: certificate is not yet valid (_ssl.c:1149)
[1970-01-26 15:31:28,958] [record_and_recognize()][ERROR] 连接失败: [SSL: CERTIFICATE_VERIFY_FAILED] certificate verify failed: certificate is not yet valid (_ssl.c:1149)
[1970-01-26 15:31:29,410] [record_and_recognize()][ERROR] 连接失败: [SSL: CERTIFICATE_VERIFY_FAILED] certificate verify failed: certificate is not yet valid (_ssl.c:1149)
[1970-01-26 15:31:29,969] [record_and_recognize()][ERROR] 连接失败: [SSL: CERTIFICATE_VERIFY_FAILED] certificate verify failed: certificate is not yet valid (_ssl.c:1149)
[1970-01-26 15:31:30,450] [record_and_recognize()][ERROR] 连接失败: [SSL: CERTIFICATE_VERIFY_FAILED] certificate verify failed: certificate is not yet valid (_ssl.c:1149)
[1970-01-26 15:31:31,032] [record_and_recognize()][ERROR] 连接失败: [SSL: CERTIFICATE_VERIFY_FAILED] certificate verify failed: certificate is not yet valid (_ssl.c:1149)
[1970-01-26 15:31:31,515] [record_and_recognize()][ERROR] 连接失败: [SSL: CERTIFICATE_VERIFY_FAILED] certificate verify failed: certificate is not yet valid (_ssl.c:1149)
[1970-01-26 15:31:32,022] [record_and_recognize()][ERROR] 连接失败: [SSL: CERTIFICATE_VERIFY_FAILED] certificate verify failed: certificate is not yet valid (_ssl.c:1149)
[1970-01-26 15:31:32,538] [record_and_recognize()][ERROR] 连接失败: [SSL: CERTIFICATE_VERIFY_FAILED] certificate verify failed: certificate is not yet valid (_ssl.c:1149)
[1970-01-26 15:31:33,012] [record_and_recognize()][ERROR] 连接失败: [SSL: CERTIFICATE_VERIFY_FAILED] certificate verify failed: certificate is not yet valid (_ssl.c:1149)
[1970-01-26 15:31:33,669] [record_and_recognize()][ERROR] 连接失败: [SSL: CERTIFICATE_VERIFY_FAILED] certificate verify failed: certificate is not yet valid (_ssl.c:1149)
[1970-01-26 15:31:34,035] [record_and_recognize()][ERROR] 连接失败: [SSL: CERTIFICATE_VERIFY_FAILED] certificate verify failed: certificate is not yet valid (_ssl.c:1149)
[1970-01-26 15:31:34,646] [record_and_recognize()][ERROR] 连接失败: [SSL: CERTIFICATE_VERIFY_FAILED] certificate verify failed: certificate is not yet valid (_ssl.c:1149)
[1970-01-26 15:31:35,138] [record_and_recognize()][ERROR] 连接失败: [SSL: CERTIFICATE_VERIFY_FAILED] certificate verify failed: certificate is not yet valid (_ssl.c:1149)
[1970-01-26 15:31:35,622] [record_and_recognize()][ERROR] 连接失败: [SSL: CERTIFICATE_VERIFY_FAILED] certificate verify failed: certificate is not yet valid (_ssl.c:1149)
[1970-01-26 15:31:36,274] [record_and_recognize()][ERROR] 连接失败: [SSL: CERTIFICATE_VERIFY_FAILED] certificate verify failed: certificate is not yet valid (_ssl.c:1149)
[1970-01-26 15:31:36,695] [record_and_recognize()][ERROR] 连接失败: [SSL: CERTIFICATE_VERIFY_FAILED] certificate verify failed: certificate is not yet valid (_ssl.c:1149)
[1970-01-26 15:31:37,176] [record_and_recognize()][ERROR] 连接失败: [SSL: CERTIFICATE_VERIFY_FAILED] certificate verify failed: certificate is not yet valid (_ssl.c:1149)
[1970-01-26 15:31:37,778] [record_and_recognize()][ERROR] 连接失败: [SSL: CERTIFICATE_VERIFY_FAILED] certificate verify failed: certificate is not yet valid (_ssl.c:1149)
[1970-01-26 15:31:38,275] [record_and_recognize()][ERROR] 连接失败: [SSL: CERTIFICATE_VERIFY_FAILED] certificate verify failed: certificate is not yet valid (_ssl.c:1149)
[1970-01-26 15:31:38,828] [record_and_recognize()][ERROR] 连接失败: [SSL: CERTIFICATE_VERIFY_FAILED] certificate verify failed: certificate is not yet valid (_ssl.c:1149)
[1970-01-26 15:31:39,335] [record_and_recognize()][ERROR] 连接失败: [SSL: CERTIFICATE_VERIFY_FAILED] certificate verify failed: certificate is not yet valid (_ssl.c:1149)
[1970-01-26 15:31:39,810] [record_and_recognize()][ERROR] 连接失败: [SSL: CERTIFICATE_VERIFY_FAILED] certificate verify failed: certificate is not yet valid (_ssl.c:1149)
[1970-01-26 15:31:40,359] [record_and_recognize()][ERROR] 连接失败: [SSL: CERTIFICATE_VERIFY_FAILED] certificate verify failed: certificate is not yet valid (_ssl.c:1149)
[1970-01-26 15:31:40,899] [record_and_recognize()][ERROR] 连接失败: [SSL: CERTIFICATE_VERIFY_FAILED] certificate verify failed: certificate is not yet valid (_ssl.c:1149)
[1970-01-26 15:31:41,579] [record_and_recognize()][ERROR] 连接失败: [SSL: CERTIFICATE_VERIFY_FAILED] certificate verify failed: certificate is not yet valid (_ssl.c:1149)
[1970-01-26 15:31:41,970] [record_and_recognize()][ERROR] 连接失败: [SSL: CERTIFICATE_VERIFY_FAILED] certificate verify failed: certificate is not yet valid (_ssl.c:1149)
[1970-01-26 15:31:42,581] [record_and_recognize()][ERROR] 连接失败: [SSL: CERTIFICATE_VERIFY_FAILED] certificate verify failed: certificate is not yet valid (_ssl.c:1149)
[1970-01-26 15:31:48,606] [record_and_recognize()][ERROR] 连接失败: [SSL: CERTIFICATE_VERIFY_FAILED] certificate verify failed: certificate is not yet valid (_ssl.c:1149)
[1970-01-26 15:31:48,821] [record_and_recognize()][ERROR] 连接失败: [SSL: CERTIFICATE_VERIFY_FAILED] certificate verify failed: certificate is not yet valid (_ssl.c:1149)
[1970-01-26 15:31:49,350] [record_and_recognize()][ERROR] 连接失败: [SSL: CERTIFICATE_VERIFY_FAILED] certificate verify failed: certificate is not yet valid (_ssl.c:1149)
[1970-01-26 15:31:49,942] [record_and_recognize()][ERROR] 连接失败: [SSL: CERTIFICATE_VERIFY_FAILED] certificate verify failed: certificate is not yet valid (_ssl.c:1149)
[1970-01-26 15:31:50,460] [record_and_recognize()][ERROR] 连接失败: [SSL: CERTIFICATE_VERIFY_FAILED] certificate verify failed: certificate is not yet valid (_ssl.c:1149)
[1970-01-26 15:31:50,982] [record_and_recognize()][ERROR] 连接失败: [SSL: CERTIFICATE_VERIFY_FAILED] certificate verify failed: certificate is not yet valid (_ssl.c:1149)
[1970-01-26 15:31:51,540] [record_and_recognize()][ERROR] 连接失败: [SSL: CERTIFICATE_VERIFY_FAILED] certificate verify failed: certificate is not yet valid (_ssl.c:1149)
[1970-01-26 15:31:52,051] [record_and_recognize()][ERROR] 连接失败: [SSL: CERTIFICATE_VERIFY_FAILED] certificate verify failed: certificate is not yet valid (_ssl.c:1149)
[1970-01-26 15:31:52,511] [record_and_recognize()][ERROR] 连接失败: [SSL: CERTIFICATE_VERIFY_FAILED] certificate verify failed: certificate is not yet valid (_ssl.c:1149)
[1970-01-26 15:31:53,004] [record_and_recognize()][ERROR] 连接失败: [SSL: CERTIFICATE_VERIFY_FAILED] certificate verify failed: certificate is not yet valid (_ssl.c:1149)
[1970-01-26 15:31:53,576] [record_and_recognize()][ERROR] 连接失败: [SSL: CERTIFICATE_VERIFY_FAILED] certificate verify failed: certificate is not yet valid (_ssl.c:1149)
[1970-01-26 15:31:54,102] [record_and_recognize()][ERROR] 连接失败: [SSL: CERTIFICATE_VERIFY_FAILED] certificate verify failed: certificate is not yet valid (_ssl.c:1149)
[1970-01-26 15:31:54,654] [record_and_recognize()][ERROR] 连接失败: [SSL: CERTIFICATE_VERIFY_FAILED] certificate verify failed: certificate is not yet valid (_ssl.c:1149)
[1970-01-26 15:31:55,276] [record_and_recognize()][ERROR] 连接失败: [SSL: CERTIFICATE_VERIFY_FAILED] certificate verify failed: certificate is not yet valid (_ssl.c:1149)
[1970-01-26 15:31:55,695] [record_and_recognize()][ERROR] 连接失败: [SSL: CERTIFICATE_VERIFY_FAILED] certificate verify failed: certificate is not yet valid (_ssl.c:1149)
[1970-01-26 15:31:56,240] [record_and_recognize()][ERROR] 连接失败: [SSL: CERTIFICATE_VERIFY_FAILED] certificate verify failed: certificate is not yet valid (_ssl.c:1149)
[1970-01-26 15:31:56,750] [record_and_recognize()][ERROR] 连接失败: [SSL: CERTIFICATE_VERIFY_FAILED] certificate verify failed: certificate is not yet valid (_ssl.c:1149)
[1970-01-26 15:31:57,280] [record_and_recognize()][ERROR] 连接失败: [SSL: CERTIFICATE_VERIFY_FAILED] certificate verify failed: certificate is not yet valid (_ssl.c:1149)
[1970-01-26 15:31:57,835] [record_and_recognize()][ERROR] 连接失败: [SSL: CERTIFICATE_VERIFY_FAILED] certificate verify failed: certificate is not yet valid (_ssl.c:1149)
[1970-01-26 15:31:58,330] [record_and_recognize()][ERROR] 连接失败: [SSL: CERTIFICATE_VERIFY_FAILED] certificate verify failed: certificate is not yet valid (_ssl.c:1149)
[1970-01-26 15:31:59,089] [record_and_recognize()][ERROR] 连接失败: [SSL: CERTIFICATE_VERIFY_FAILED] certificate verify failed: certificate is not yet valid (_ssl.c:1149)
[1970-01-26 15:31:59,328] [record_and_recognize()][ERROR] 连接失败: [SSL: CERTIFICATE_VERIFY_FAILED] certificate verify failed: certificate is not yet valid (_ssl.c:1149)
[1970-01-26 15:31:59,925] [record_and_recognize()][ERROR] 连接失败: [SSL: CERTIFICATE_VERIFY_FAILED] certificate verify failed: certificate is not yet valid (_ssl.c:1149)
[1970-01-26 15:32:00,420] [record_and_recognize()][ERROR] 连接失败: [SSL: CERTIFICATE_VERIFY_FAILED] certificate verify failed: certificate is not yet valid (_ssl.c:1149)
[1970-01-26 15:32:01,030] [record_and_recognize()][ERROR] 连接失败: [SSL: CERTIFICATE_VERIFY_FAILED] certificate verify failed: certificate is not yet valid (_ssl.c:1149)
[1970-01-26 15:32:01,554] [record_and_recognize()][ERROR] 连接失败: [SSL: CERTIFICATE_VERIFY_FAILED] certificate verify failed: certificate is not yet valid (_ssl.c:1149)
[1970-01-26 15:32:02,015] [record_and_recognize()][ERROR] 连接失败: [SSL: CERTIFICATE_VERIFY_FAILED] certificate verify failed: certificate is not yet valid (_ssl.c:1149)
[1970-01-26 15:32:02,807] [record_and_recognize()][ERROR] 连接失败: [SSL: CERTIFICATE_VERIFY_FAILED] certificate verify failed: certificate is not yet valid (_ssl.c:1149)
[1970-01-26 15:32:03,059] [record_and_recognize()][ERROR] 连接失败: [SSL: CERTIFICATE_VERIFY_FAILED] certificate verify failed: certificate is not yet valid (_ssl.c:1149)
[1970-01-26 15:32:03,655] [record_and_recognize()][ERROR] 连接失败: [SSL: CERTIFICATE_VERIFY_FAILED] certificate verify failed: certificate is not yet valid (_ssl.c:1149)
[1970-01-26 15:32:04,151] [record_and_recognize()][ERROR] 连接失败: [SSL: CERTIFICATE_VERIFY_FAILED] certificate verify failed: certificate is not yet valid (_ssl.c:1149)
[1970-01-26 15:32:04,783] [record_and_recognize()][ERROR] 连接失败: [SSL: CERTIFICATE_VERIFY_FAILED] certificate verify failed: certificate is not yet valid (_ssl.c:1149)
[1970-01-26 15:32:05,227] [record_and_recognize()][ERROR] 连接失败: [SSL: CERTIFICATE_VERIFY_FAILED] certificate verify failed: certificate is not yet valid (_ssl.c:1149)
[1970-01-26 15:32:05,927] [record_and_recognize()][ERROR] 连接失败: [SSL: CERTIFICATE_VERIFY_FAILED] certificate verify failed: certificate is not yet valid (_ssl.c:1149)
[1970-01-26 15:32:06,285] [record_and_recognize()][ERROR] 连接失败: [SSL: CERTIFICATE_VERIFY_FAILED] certificate verify failed: certificate is not yet valid (_ssl.c:1149)
[1970-01-26 15:32:06,833] [record_and_recognize()][ERROR] 连接失败: [SSL: CERTIFICATE_VERIFY_FAILED] certificate verify failed: certificate is not yet valid (_ssl.c:1149)
[1970-01-26 15:32:07,345] [record_and_recognize()][ERROR] 连接失败: [SSL: CERTIFICATE_VERIFY_FAILED] certificate verify failed: certificate is not yet valid (_ssl.c:1149)
[1970-01-26 15:32:07,820] [record_and_recognize()][ERROR] 连接失败: [SSL: CERTIFICATE_VERIFY_FAILED] certificate verify failed: certificate is not yet valid (_ssl.c:1149)
[1970-01-26 15:32:08,350] [record_and_recognize()][ERROR] 连接失败: [SSL: CERTIFICATE_VERIFY_FAILED] certificate verify failed: certificate is not yet valid (_ssl.c:1149)
[1970-01-26 15:32:08,851] [record_and_recognize()][ERROR] 连接失败: [SSL: CERTIFICATE_VERIFY_FAILED] certificate verify failed: certificate is not yet valid (_ssl.c:1149)
[1970-01-26 15:32:09,398] [record_and_recognize()][ERROR] 连接失败: [SSL: CERTIFICATE_VERIFY_FAILED] certificate verify failed: certificate is not yet valid (_ssl.c:1149)
[1970-01-26 15:32:09,871] [record_and_recognize()][ERROR] 连接失败: [SSL: CERTIFICATE_VERIFY_FAILED] certificate verify failed: certificate is not yet valid (_ssl.c:1149)
[1970-01-26 15:32:10,382] [record_and_recognize()][ERROR] 连接失败: [SSL: CERTIFICATE_VERIFY_FAILED] certificate verify failed: certificate is not yet valid (_ssl.c:1149)
[1970-01-26 15:32:10,966] [record_and_recognize()][ERROR] 连接失败: [SSL: CERTIFICATE_VERIFY_FAILED] certificate verify failed: certificate is not yet valid (_ssl.c:1149)
[1970-01-26 15:32:11,447] [record_and_recognize()][ERROR] 连接失败: [SSL: CERTIFICATE_VERIFY_FAILED] certificate verify failed: certificate is not yet valid (_ssl.c:1149)
[1970-01-26 15:32:12,020] [record_and_recognize()][ERROR] 连接失败: [SSL: CERTIFICATE_VERIFY_FAILED] certificate verify failed: certificate is not yet valid (_ssl.c:1149)
[1970-01-26 15:32:12,563] [record_and_recognize()][ERROR] 连接失败: [SSL: CERTIFICATE_VERIFY_FAILED] certificate verify failed: certificate is not yet valid (_ssl.c:1149)
[1970-01-26 15:32:13,187] [record_and_recognize()][ERROR] 连接失败: [SSL: CERTIFICATE_VERIFY_FAILED] certificate verify failed: certificate is not yet valid (_ssl.c:1149)
[1970-01-26 15:32:13,634] [record_and_recognize()][ERROR] 连接失败: [SSL: CERTIFICATE_VERIFY_FAILED] certificate verify failed: certificate is not yet valid (_ssl.c:1149)
[1970-01-26 15:32:14,305] [record_and_recognize()][ERROR] 连接失败: [SSL: CERTIFICATE_VERIFY_FAILED] certificate verify failed: certificate is not yet valid (_ssl.c:1149)
[1970-01-26 15:32:14,784] [record_and_recognize()][ERROR] 连接失败: [SSL: CERTIFICATE_VERIFY_FAILED] certificate verify failed: certificate is not yet valid (_ssl.c:1149)
[1970-01-26 15:32:15,264] [record_and_recognize()][ERROR] 连接失败: [SSL: CERTIFICATE_VERIFY_FAILED] certificate verify failed: certificate is not yet valid (_ssl.c:1149)
[1970-01-26 15:32:15,740] [record_and_recognize()][ERROR] 连接失败: [SSL: CERTIFICATE_VERIFY_FAILED] certificate verify failed: certificate is not yet valid (_ssl.c:1149)
[1970-01-26 15:32:16,226] [record_and_recognize()][ERROR] 连接失败: [SSL: CERTIFICATE_VERIFY_FAILED] certificate verify failed: certificate is not yet valid (_ssl.c:1149)
[1970-01-26 15:32:16,779] [record_and_recognize()][ERROR] 连接失败: [SSL: CERTIFICATE_VERIFY_FAILED] certificate verify failed: certificate is not yet valid (_ssl.c:1149)
[1970-01-26 15:32:17,359] [record_and_recognize()][ERROR] 连接失败: [SSL: CERTIFICATE_VERIFY_FAILED] certificate verify failed: certificate is not yet valid (_ssl.c:1149)
[1970-01-26 15:32:17,857] [record_and_recognize()][ERROR] 连接失败: [SSL: CERTIFICATE_VERIFY_FAILED] certificate verify failed: certificate is not yet valid (_ssl.c:1149)
[1970-01-26 15:32:18,370] [record_and_recognize()][ERROR] 连接失败: [SSL: CERTIFICATE_VERIFY_FAILED] certificate verify failed: certificate is not yet valid (_ssl.c:1149)
[1970-01-26 15:32:18,925] [record_and_recognize()][ERROR] 连接失败: [SSL: CERTIFICATE_VERIFY_FAILED] certificate verify failed: certificate is not yet valid (_ssl.c:1149)
[1970-01-26 15:32:19,411] [record_and_recognize()][ERROR] 连接失败: [SSL: CERTIFICATE_VERIFY_FAILED] certificate verify failed: certificate is not yet valid (_ssl.c:1149)
[1970-01-26 15:32:19,932] [record_and_recognize()][ERROR] 连接失败: [SSL: CERTIFICATE_VERIFY_FAILED] certificate verify failed: certificate is not yet valid (_ssl.c:1149)
[1970-01-26 15:32:20,524] [record_and_recognize()][ERROR] 连接失败: [SSL: CERTIFICATE_VERIFY_FAILED] certificate verify failed: certificate is not yet valid (_ssl.c:1149)
[1970-01-26 15:32:21,069] [record_and_recognize()][ERROR] 连接失败: [SSL: CERTIFICATE_VERIFY_FAILED] certificate verify failed: certificate is not yet valid (_ssl.c:1149)
[1970-01-26 15:32:21,545] [record_and_recognize()][ERROR] 连接失败: [SSL: CERTIFICATE_VERIFY_FAILED] certificate verify failed: certificate is not yet valid (_ssl.c:1149)
[1970-01-26 15:32:22,110] [record_and_recognize()][ERROR] 连接失败: [SSL: CERTIFICATE_VERIFY_FAILED] certificate verify failed: certificate is not yet valid (_ssl.c:1149)
[1970-01-26 15:32:22,566] [record_and_recognize()][ERROR] 连接失败: [SSL: CERTIFICATE_VERIFY_FAILED] certificate verify failed: certificate is not yet valid (_ssl.c:1149)
[1970-01-26 15:32:23,147] [record_and_recognize()][ERROR] 连接失败: [SSL: CERTIFICATE_VERIFY_FAILED] certificate verify failed: certificate is not yet valid (_ssl.c:1149)
[1970-01-26 15:32:23,622] [record_and_recognize()][ERROR] 连接失败: [SSL: CERTIFICATE_VERIFY_FAILED] certificate verify failed: certificate is not yet valid (_ssl.c:1149)
[1970-01-26 15:32:24,111] [record_and_recognize()][ERROR] 连接失败: [SSL: CERTIFICATE_VERIFY_FAILED] certificate verify failed: certificate is not yet valid (_ssl.c:1149)
[1970-01-26 15:32:24,647] [record_and_recognize()][ERROR] 连接失败: [SSL: CERTIFICATE_VERIFY_FAILED] certificate verify failed: certificate is not yet valid (_ssl.c:1149)
[1970-01-26 15:32:25,218] [record_and_recognize()][ERROR] 连接失败: [SSL: CERTIFICATE_VERIFY_FAILED] certificate verify failed: certificate is not yet valid (_ssl.c:1149)
[1970-01-26 15:32:25,772] [record_and_recognize()][ERROR] 连接失败: [SSL: CERTIFICATE_VERIFY_FAILED] certificate verify failed: certificate is not yet valid (_ssl.c:1149)
[1970-01-26 15:32:26,199] [record_and_recognize()][ERROR] 连接失败: [SSL: CERTIFICATE_VERIFY_FAILED] certificate verify failed: certificate is not yet valid (_ssl.c:1149)
[1970-01-26 15:32:26,737] [record_and_recognize()][ERROR] 连接失败: [SSL: CERTIFICATE_VERIFY_FAILED] certificate verify failed: certificate is not yet valid (_ssl.c:1149)
[1970-01-26 15:32:27,267] [record_and_recognize()][ERROR] 连接失败: [SSL: CERTIFICATE_VERIFY_FAILED] certificate verify failed: certificate is not yet valid (_ssl.c:1149)
[1970-01-26 15:32:27,923] [record_and_recognize()][ERROR] 连接失败: [SSL: CERTIFICATE_VERIFY_FAILED] certificate verify failed: certificate is not yet valid (_ssl.c:1149)
[1970-01-26 15:32:28,305] [record_and_recognize()][ERROR] 连接失败: [SSL: CERTIFICATE_VERIFY_FAILED] certificate verify failed: certificate is not yet valid (_ssl.c:1149)
[1970-01-26 15:32:28,818] [record_and_recognize()][ERROR] 连接失败: [SSL: CERTIFICATE_VERIFY_FAILED] certificate verify failed: certificate is not yet valid (_ssl.c:1149)
[1970-01-26 15:32:29,411] [record_and_recognize()][ERROR] 连接失败: [SSL: CERTIFICATE_VERIFY_FAILED] certificate verify failed: certificate is not yet valid (_ssl.c:1149)
[1970-01-26 15:32:29,909] [record_and_recognize()][ERROR] 连接失败: [SSL: CERTIFICATE_VERIFY_FAILED] certificate verify failed: certificate is not yet valid (_ssl.c:1149)
[1970-01-26 15:32:30,482] [record_and_recognize()][ERROR] 连接失败: [SSL: CERTIFICATE_VERIFY_FAILED] certificate verify failed: certificate is not yet valid (_ssl.c:1149)
[1970-01-26 15:32:30,966] [record_and_recognize()][ERROR] 连接失败: [SSL: CERTIFICATE_VERIFY_FAILED] certificate verify failed: certificate is not yet valid (_ssl.c:1149)
[1970-01-26 15:32:31,550] [record_and_recognize()][ERROR] 连接失败: [SSL: CERTIFICATE_VERIFY_FAILED] certificate verify failed: certificate is not yet valid (_ssl.c:1149)
[1970-01-26 15:32:32,137] [record_and_recognize()][ERROR] 连接失败: [SSL: CERTIFICATE_VERIFY_FAILED] certificate verify failed: certificate is not yet valid (_ssl.c:1149)
[1970-01-26 15:32:32,638] [record_and_recognize()][ERROR] 连接失败: [SSL: CERTIFICATE_VERIFY_FAILED] certificate verify failed: certificate is not yet valid (_ssl.c:1149)
[1970-01-26 15:32:33,095] [record_and_recognize()][ERROR] 连接失败: [SSL: CERTIFICATE_VERIFY_FAILED] certificate verify failed: certificate is not yet valid (_ssl.c:1149)
[1970-01-26 15:32:33,660] [record_and_recognize()][ERROR] 连接失败: [SSL: CERTIFICATE_VERIFY_FAILED] certificate verify failed: certificate is not yet valid (_ssl.c:1149)
[1970-01-26 15:32:34,155] [record_and_recognize()][ERROR] 连接失败: [SSL: CERTIFICATE_VERIFY_FAILED] certificate verify failed: certificate is not yet valid (_ssl.c:1149)
[1970-01-26 15:32:34,699] [record_and_recognize()][ERROR] 连接失败: [SSL: CERTIFICATE_VERIFY_FAILED] certificate verify failed: certificate is not yet valid (_ssl.c:1149)
[1970-01-26 15:32:35,346] [record_and_recognize()][ERROR] 连接失败: [SSL: CERTIFICATE_VERIFY_FAILED] certificate verify failed: certificate is not yet valid (_ssl.c:1149)
[1970-01-26 15:32:35,756] [record_and_recognize()][ERROR] 连接失败: [SSL: CERTIFICATE_VERIFY_FAILED] certificate verify failed: certificate is not yet valid (_ssl.c:1149)
[1970-01-26 15:32:36,297] [record_and_recognize()][ERROR] 连接失败: [SSL: CERTIFICATE_VERIFY_FAILED] certificate verify failed: certificate is not yet valid (_ssl.c:1149)
[1970-01-26 15:32:37,046] [record_and_recognize()][ERROR] 连接失败: [SSL: CERTIFICATE_VERIFY_FAILED] certificate verify failed: certificate is not yet valid (_ssl.c:1149)
[1970-01-26 15:32:37,374] [record_and_recognize()][ERROR] 连接失败: [SSL: CERTIFICATE_VERIFY_FAILED] certificate verify failed: certificate is not yet valid (_ssl.c:1149)
[1970-01-26 15:32:37,991] [record_and_recognize()][ERROR] 连接失败: [SSL: CERTIFICATE_VERIFY_FAILED] certificate verify failed: certificate is not yet valid (_ssl.c:1149)
[1970-01-26 15:32:38,426] [record_and_recognize()][ERROR] 连接失败: [SSL: CERTIFICATE_VERIFY_FAILED] certificate verify failed: certificate is not yet valid (_ssl.c:1149)
[1970-01-26 15:32:38,950] [record_and_recognize()][ERROR] 连接失败: [SSL: CERTIFICATE_VERIFY_FAILED] certificate verify failed: certificate is not yet valid (_ssl.c:1149)
[1970-01-26 15:32:39,497] [record_and_recognize()][ERROR] 连接失败: [SSL: CERTIFICATE_VERIFY_FAILED] certificate verify failed: certificate is not yet valid (_ssl.c:1149)
[1970-01-26 15:32:40,005] [record_and_recognize()][ERROR] 连接失败: [SSL: CERTIFICATE_VERIFY_FAILED] certificate verify failed: certificate is not yet valid (_ssl.c:1149)
[1970-01-26 15:32:40,558] [record_and_recognize()][ERROR] 连接失败: [SSL: CERTIFICATE_VERIFY_FAILED] certificate verify failed: certificate is not yet valid (_ssl.c:1149)
[1970-01-26 15:32:41,048] [record_and_recognize()][ERROR] 连接失败: [SSL: CERTIFICATE_VERIFY_FAILED] certificate verify failed: certificate is not yet valid (_ssl.c:1149)
[1970-01-26 15:32:41,630] [record_and_recognize()][ERROR] 连接失败: [SSL: CERTIFICATE_VERIFY_FAILED] certificate verify failed: certificate is not yet valid (_ssl.c:1149)
[1970-01-26 15:32:42,105] [record_and_recognize()][ERROR] 连接失败: [SSL: CERTIFICATE_VERIFY_FAILED] certificate verify failed: certificate is not yet valid (_ssl.c:1149)
[1970-01-26 15:32:42,696] [record_and_recognize()][ERROR] 连接失败: [SSL: CERTIFICATE_VERIFY_FAILED] certificate verify failed: certificate is not yet valid (_ssl.c:1149)
[1970-01-26 15:32:43,138] [record_and_recognize()][ERROR] 连接失败: [SSL: CERTIFICATE_VERIFY_FAILED] certificate verify failed: certificate is not yet valid (_ssl.c:1149)
[1970-01-26 15:32:43,702] [record_and_recognize()][ERROR] 连接失败: [SSL: CERTIFICATE_VERIFY_FAILED] certificate verify failed: certificate is not yet valid (_ssl.c:1149)
[1970-01-26 15:32:44,236] [record_and_recognize()][ERROR] 连接失败: [SSL: CERTIFICATE_VERIFY_FAILED] certificate verify failed: certificate is not yet valid (_ssl.c:1149)
[1970-01-26 15:32:44,818] [record_and_recognize()][ERROR] 连接失败: [SSL: CERTIFICATE_VERIFY_FAILED] certificate verify failed: certificate is not yet valid (_ssl.c:1149)
[1970-01-26 15:32:45,282] [record_and_recognize()][ERROR] 连接失败: [SSL: CERTIFICATE_VERIFY_FAILED] certificate verify failed: certificate is not yet valid (_ssl.c:1149)
[1970-01-26 15:32:45,813] [record_and_recognize()][ERROR] 连接失败: [SSL: CERTIFICATE_VERIFY_FAILED] certificate verify failed: certificate is not yet valid (_ssl.c:1149)
[1970-01-26 15:32:46,355] [record_and_recognize()][ERROR] 连接失败: [SSL: CERTIFICATE_VERIFY_FAILED] certificate verify failed: certificate is not yet valid (_ssl.c:1149)
[1970-01-26 15:32:46,853] [record_and_recognize()][ERROR] 连接失败: [SSL: CERTIFICATE_VERIFY_FAILED] certificate verify failed: certificate is not yet valid (_ssl.c:1149)
[1970-01-26 15:32:47,458] [record_and_recognize()][ERROR] 连接失败: [SSL: CERTIFICATE_VERIFY_FAILED] certificate verify failed: certificate is not yet valid (_ssl.c:1149)
[1970-01-26 15:32:47,891] [record_and_recognize()][ERROR] 连接失败: [SSL: CERTIFICATE_VERIFY_FAILED] certificate verify failed: certificate is not yet valid (_ssl.c:1149)
[1970-01-26 15:32:48,412] [record_and_recognize()][ERROR] 连接失败: [SSL: CERTIFICATE_VERIFY_FAILED] certificate verify failed: certificate is not yet valid (_ssl.c:1149)
[1970-01-26 15:32:49,053] [record_and_recognize()][ERROR] 连接失败: [SSL: CERTIFICATE_VERIFY_FAILED] certificate verify failed: certificate is not yet valid (_ssl.c:1149)
[1970-01-26 15:32:49,640] [record_and_recognize()][ERROR] 连接失败: [SSL: CERTIFICATE_VERIFY_FAILED] certificate verify failed: certificate is not yet valid (_ssl.c:1149)
[1970-01-26 15:32:50,042] [record_and_recognize()][ERROR] 连接失败: [SSL: CERTIFICATE_VERIFY_FAILED] certificate verify failed: certificate is not yet valid (_ssl.c:1149)
[1970-01-26 15:32:50,709] [record_and_recognize()][ERROR] 连接失败: [SSL: CERTIFICATE_VERIFY_FAILED] certificate verify failed: certificate is not yet valid (_ssl.c:1149)
[1970-01-26 15:32:51,079] [record_and_recognize()][ERROR] 连接失败: [SSL: CERTIFICATE_VERIFY_FAILED] certificate verify failed: certificate is not yet valid (_ssl.c:1149)
[1970-01-26 15:32:51,610] [record_and_recognize()][ERROR] 连接失败: [SSL: CERTIFICATE_VERIFY_FAILED] certificate verify failed: certificate is not yet valid (_ssl.c:1149)
[1970-01-26 15:32:52,202] [record_and_recognize()][ERROR] 连接失败: [SSL: CERTIFICATE_VERIFY_FAILED] certificate verify failed: certificate is not yet valid (_ssl.c:1149)
[1970-01-26 15:32:52,653] [record_and_recognize()][ERROR] 连接失败: [SSL: CERTIFICATE_VERIFY_FAILED] certificate verify failed: certificate is not yet valid (_ssl.c:1149)
[1970-01-26 15:32:53,309] [record_and_recognize()][ERROR] 连接失败: [SSL: CERTIFICATE_VERIFY_FAILED] certificate verify failed: certificate is not yet valid (_ssl.c:1149)
[1970-01-26 15:32:53,752] [record_and_recognize()][ERROR] 连接失败: [SSL: CERTIFICATE_VERIFY_FAILED] certificate verify failed: certificate is not yet valid (_ssl.c:1149)
[1970-01-26 15:32:54,387] [record_and_recognize()][ERROR] 连接失败: [SSL: CERTIFICATE_VERIFY_FAILED] certificate verify failed: certificate is not yet valid (_ssl.c:1149)
[1970-01-26 15:32:54,925] [record_and_recognize()][ERROR] 连接失败: [SSL: CERTIFICATE_VERIFY_FAILED] certificate verify failed: certificate is not yet valid (_ssl.c:1149)
[1970-01-26 15:32:55,341] [record_and_recognize()][ERROR] 连接失败: [SSL: CERTIFICATE_VERIFY_FAILED] certificate verify failed: certificate is not yet valid (_ssl.c:1149)
[1970-01-26 15:32:55,850] [record_and_recognize()][ERROR] 连接失败: [SSL: CERTIFICATE_VERIFY_FAILED] certificate verify failed: certificate is not yet valid (_ssl.c:1149)
[1970-01-26 15:32:56,323] [record_and_recognize()][ERROR] 连接失败: [SSL: CERTIFICATE_VERIFY_FAILED] certificate verify failed: certificate is not yet valid (_ssl.c:1149)
[1970-01-26 15:32:56,911] [record_and_recognize()][ERROR] 连接失败: [SSL: CERTIFICATE_VERIFY_FAILED] certificate verify failed: certificate is not yet valid (_ssl.c:1149)
[1970-01-26 15:32:57,421] [record_and_recognize()][ERROR] 连接失败: [SSL: CERTIFICATE_VERIFY_FAILED] certificate verify failed: certificate is not yet valid (_ssl.c:1149)
[1970-01-26 15:32:57,979] [record_and_recognize()][ERROR] 连接失败: [SSL: CERTIFICATE_VERIFY_FAILED] certificate verify failed: certificate is not yet valid (_ssl.c:1149)
[1970-01-26 15:32:58,460] [record_and_recognize()][ERROR] 连接失败: [SSL: CERTIFICATE_VERIFY_FAILED] certificate verify failed: certificate is not yet valid (_ssl.c:1149)
[1970-01-26 15:32:58,974] [record_and_recognize()][ERROR] 连接失败: [SSL: CERTIFICATE_VERIFY_FAILED] certificate verify failed: certificate is not yet valid (_ssl.c:1149)
[1970-01-26 15:32:59,496] [record_and_recognize()][ERROR] 连接失败: [SSL: CERTIFICATE_VERIFY_FAILED] certificate verify failed: certificate is not yet valid (_ssl.c:1149)
[1970-01-26 15:33:00,016] [record_and_recognize()][ERROR] 连接失败: [SSL: CERTIFICATE_VERIFY_FAILED] certificate verify failed: certificate is not yet valid (_ssl.c:1149)
[1970-01-26 15:33:00,577] [record_and_recognize()][ERROR] 连接失败: [SSL: CERTIFICATE_VERIFY_FAILED] certificate verify failed: certificate is not yet valid (_ssl.c:1149)
[1970-01-26 15:33:01,039] [record_and_recognize()][ERROR] 连接失败: [SSL: CERTIFICATE_VERIFY_FAILED] certificate verify failed: certificate is not yet valid (_ssl.c:1149)
[1970-01-26 15:33:01,601] [record_and_recognize()][ERROR] 连接失败: [SSL: CERTIFICATE_VERIFY_FAILED] certificate verify failed: certificate is not yet valid (_ssl.c:1149)
[1970-01-26 15:33:02,040] [record_and_recognize()][ERROR] 连接失败: [SSL: CERTIFICATE_VERIFY_FAILED] certificate verify failed: certificate is not yet valid (_ssl.c:1149)
[1970-01-26 15:33:02,667] [record_and_recognize()][ERROR] 连接失败: [SSL: CERTIFICATE_VERIFY_FAILED] certificate verify failed: certificate is not yet valid (_ssl.c:1149)
[1970-01-26 15:33:03,164] [record_and_recognize()][ERROR] 连接失败: [SSL: CERTIFICATE_VERIFY_FAILED] certificate verify failed: certificate is not yet valid (_ssl.c:1149)
[1970-01-26 15:33:03,705] [record_and_recognize()][ERROR] 连接失败: [SSL: CERTIFICATE_VERIFY_FAILED] certificate verify failed: certificate is not yet valid (_ssl.c:1149)
[1970-01-26 15:33:04,209] [record_and_recognize()][ERROR] 连接失败: [SSL: CERTIFICATE_VERIFY_FAILED] certificate verify failed: certificate is not yet valid (_ssl.c:1149)
[1970-01-26 15:33:04,730] [record_and_recognize()][ERROR] 连接失败: [SSL: CERTIFICATE_VERIFY_FAILED] certificate verify failed: certificate is not yet valid (_ssl.c:1149)
[1970-01-26 15:33:05,390] [record_and_recognize()][ERROR] 连接失败: [SSL: CERTIFICATE_VERIFY_FAILED] certificate verify failed: certificate is not yet valid (_ssl.c:1149)
[1970-01-26 15:33:05,751] [record_and_recognize()][ERROR] 连接失败: [SSL: CERTIFICATE_VERIFY_FAILED] certificate verify failed: certificate is not yet valid (_ssl.c:1149)
[1970-01-26 15:33:06,248] [record_and_recognize()][ERROR] 连接失败: [SSL: CERTIFICATE_VERIFY_FAILED] certificate verify failed: certificate is not yet valid (_ssl.c:1149)
[1970-01-26 15:33:06,837] [record_and_recognize()][ERROR] 连接失败: [SSL: CERTIFICATE_VERIFY_FAILED] certificate verify failed: certificate is not yet valid (_ssl.c:1149)
[1970-01-26 15:33:07,380] [record_and_recognize()][ERROR] 连接失败: [SSL: CERTIFICATE_VERIFY_FAILED] certificate verify failed: certificate is not yet valid (_ssl.c:1149)
[1970-01-26 15:33:07,977] [record_and_recognize()][ERROR] 连接失败: [SSL: CERTIFICATE_VERIFY_FAILED] certificate verify failed: certificate is not yet valid (_ssl.c:1149)
[1970-01-26 15:33:08,458] [record_and_recognize()][ERROR] 连接失败: [SSL: CERTIFICATE_VERIFY_FAILED] certificate verify failed: certificate is not yet valid (_ssl.c:1149)
[1970-01-26 15:33:09,019] [record_and_recognize()][ERROR] 连接失败: [SSL: CERTIFICATE_VERIFY_FAILED] certificate verify failed: certificate is not yet valid (_ssl.c:1149)
[1970-01-26 15:33:09,500] [record_and_recognize()][ERROR] 连接失败: [SSL: CERTIFICATE_VERIFY_FAILED] certificate verify failed: certificate is not yet valid (_ssl.c:1149)
[1970-01-26 15:33:15,318] [record_and_recognize()][ERROR] 连接失败: [SSL: CERTIFICATE_VERIFY_FAILED] certificate verify failed: certificate is not yet valid (_ssl.c:1149)
[1970-01-26 15:33:15,666] [record_and_recognize()][ERROR] 连接失败: [SSL: CERTIFICATE_VERIFY_FAILED] certificate verify failed: certificate is not yet valid (_ssl.c:1149)
[1970-01-26 15:33:16,274] [record_and_recognize()][ERROR] 连接失败: [SSL: CERTIFICATE_VERIFY_FAILED] certificate verify failed: certificate is not yet valid (_ssl.c:1149)
[1970-01-26 15:33:16,727] [record_and_recognize()][ERROR] 连接失败: [SSL: CERTIFICATE_VERIFY_FAILED] certificate verify failed: certificate is not yet valid (_ssl.c:1149)
[1970-01-26 15:33:17,219] [record_and_recognize()][ERROR] 连接失败: [SSL: CERTIFICATE_VERIFY_FAILED] certificate verify failed: certificate is not yet valid (_ssl.c:1149)
[1970-01-26 15:33:17,688] [record_and_recognize()][ERROR] 连接失败: [SSL: CERTIFICATE_VERIFY_FAILED] certificate verify failed: certificate is not yet valid (_ssl.c:1149)
[1970-01-26 15:33:18,218] [record_and_recognize()][ERROR] 连接失败: [SSL: CERTIFICATE_VERIFY_FAILED] certificate verify failed: certificate is not yet valid (_ssl.c:1149)
[1970-01-26 15:33:18,858] [record_and_recognize()][ERROR] 连接失败: [SSL: CERTIFICATE_VERIFY_FAILED] certificate verify failed: certificate is not yet valid (_ssl.c:1149)
[1970-01-26 15:33:19,347] [record_and_recognize()][ERROR] 连接失败: [SSL: CERTIFICATE_VERIFY_FAILED] certificate verify failed: certificate is not yet valid (_ssl.c:1149)
[1970-01-26 15:33:19,977] [record_and_recognize()][ERROR] 连接失败: [SSL: CERTIFICATE_VERIFY_FAILED] certificate verify failed: certificate is not yet valid (_ssl.c:1149)
[1970-01-26 15:33:20,337] [record_and_recognize()][ERROR] 连接失败: [SSL: CERTIFICATE_VERIFY_FAILED] certificate verify failed: certificate is not yet valid (_ssl.c:1149)
[1970-01-26 15:33:20,864] [record_and_recognize()][ERROR] 连接失败: [SSL: CERTIFICATE_VERIFY_FAILED] certificate verify failed: certificate is not yet valid (_ssl.c:1149)
[1970-01-26 15:33:21,384] [record_and_recognize()][ERROR] 连接失败: [SSL: CERTIFICATE_VERIFY_FAILED] certificate verify failed: certificate is not yet valid (_ssl.c:1149)
[1970-01-26 15:33:21,876] [record_and_recognize()][ERROR] 连接失败: [SSL: CERTIFICATE_VERIFY_FAILED] certificate verify failed: certificate is not yet valid (_ssl.c:1149)
[1970-01-26 15:33:22,474] [record_and_recognize()][ERROR] 连接失败: [SSL: CERTIFICATE_VERIFY_FAILED] certificate verify failed: certificate is not yet valid (_ssl.c:1149)
[1970-01-26 15:33:23,040] [record_and_recognize()][ERROR] 连接失败: [SSL: CERTIFICATE_VERIFY_FAILED] certificate verify failed: certificate is not yet valid (_ssl.c:1149)
[1970-01-26 15:33:23,769] [record_and_recognize()][ERROR] 连接失败: [SSL: CERTIFICATE_VERIFY_FAILED] certificate verify failed: certificate is not yet valid (_ssl.c:1149)
[1970-01-26 15:33:24,060] [record_and_recognize()][ERROR] 连接失败: [SSL: CERTIFICATE_VERIFY_FAILED] certificate verify failed: certificate is not yet valid (_ssl.c:1149)
[1970-01-26 15:33:24,616] [record_and_recognize()][ERROR] 连接失败: [SSL: CERTIFICATE_VERIFY_FAILED] certificate verify failed: certificate is not yet valid (_ssl.c:1149)
[1970-01-26 15:33:25,118] [record_and_recognize()][ERROR] 连接失败: [SSL: CERTIFICATE_VERIFY_FAILED] certificate verify failed: certificate is not yet valid (_ssl.c:1149)
[1970-01-26 15:33:25,721] [record_and_recognize()][ERROR] 连接失败: [SSL: CERTIFICATE_VERIFY_FAILED] certificate verify failed: certificate is not yet valid (_ssl.c:1149)
[1970-01-26 15:33:26,074] [record_and_recognize()][ERROR] 连接失败: [SSL: CERTIFICATE_VERIFY_FAILED] certificate verify failed: certificate is not yet valid (_ssl.c:1149)
[1970-01-26 15:33:26,616] [record_and_recognize()][ERROR] 连接失败: [SSL: CERTIFICATE_VERIFY_FAILED] certificate verify failed: certificate is not yet valid (_ssl.c:1149)
[1970-01-26 15:33:27,214] [record_and_recognize()][ERROR] 连接失败: [SSL: CERTIFICATE_VERIFY_FAILED] certificate verify failed: certificate is not yet valid (_ssl.c:1149)
[1970-01-26 15:33:27,756] [record_and_recognize()][ERROR] 连接失败: [SSL: CERTIFICATE_VERIFY_FAILED] certificate verify failed: certificate is not yet valid (_ssl.c:1149)
[1970-01-26 15:33:28,212] [record_and_recognize()][ERROR] 连接失败: [SSL: CERTIFICATE_VERIFY_FAILED] certificate verify failed: certificate is not yet valid (_ssl.c:1149)
[1970-01-26 15:33:28,731] [record_and_recognize()][ERROR] 连接失败: [SSL: CERTIFICATE_VERIFY_FAILED] certificate verify failed: certificate is not yet valid (_ssl.c:1149)
[1970-01-26 15:33:29,313] [record_and_recognize()][ERROR] 连接失败: [SSL: CERTIFICATE_VERIFY_FAILED] certificate verify failed: certificate is not yet valid (_ssl.c:1149)
[1970-01-26 15:33:29,799] [record_and_recognize()][ERROR] 连接失败: [SSL: CERTIFICATE_VERIFY_FAILED] certificate verify failed: certificate is not yet valid (_ssl.c:1149)
[1970-01-26 15:33:30,416] [record_and_recognize()][ERROR] 连接失败: [SSL: CERTIFICATE_VERIFY_FAILED] certificate verify failed: certificate is not yet valid (_ssl.c:1149)
[1970-01-26 15:33:30,856] [record_and_recognize()][ERROR] 连接失败: [SSL: CERTIFICATE_VERIFY_FAILED] certificate verify failed: certificate is not yet valid (_ssl.c:1149)
[1970-01-26 15:33:31,383] [record_and_recognize()][ERROR] 连接失败: [SSL: CERTIFICATE_VERIFY_FAILED] certificate verify failed: certificate is not yet valid (_ssl.c:1149)
[1970-01-26 15:33:31,952] [record_and_recognize()][ERROR] 连接失败: [SSL: CERTIFICATE_VERIFY_FAILED] certificate verify failed: certificate is not yet valid (_ssl.c:1149)
[1970-01-26 15:33:38,359] [record_and_recognize()][ERROR] 连接失败: [SSL: CERTIFICATE_VERIFY_FAILED] certificate verify failed: certificate is not yet valid (_ssl.c:1149)
[1970-01-26 15:33:38,678] [record_and_recognize()][ERROR] 连接失败: [SSL: CERTIFICATE_VERIFY_FAILED] certificate verify failed: certificate is not yet valid (_ssl.c:1149)
[1970-01-26 15:33:39,120] [record_and_recognize()][ERROR] 连接失败: [SSL: CERTIFICATE_VERIFY_FAILED] certificate verify failed: certificate is not yet valid (_ssl.c:1149)
[1970-01-26 15:33:39,708] [record_and_recognize()][ERROR] 连接失败: [SSL: CERTIFICATE_VERIFY_FAILED] certificate verify failed: certificate is not yet valid (_ssl.c:1149)
[1970-01-26 15:33:40,270] [record_and_recognize()][ERROR] 连接失败: [SSL: CERTIFICATE_VERIFY_FAILED] certificate verify failed: certificate is not yet valid (_ssl.c:1149)
[1970-01-26 15:33:40,712] [record_and_recognize()][ERROR] 连接失败: [SSL: CERTIFICATE_VERIFY_FAILED] certificate verify failed: certificate is not yet valid (_ssl.c:1149)
[1970-01-26 15:33:41,372] [record_and_recognize()][ERROR] 连接失败: [SSL: CERTIFICATE_VERIFY_FAILED] certificate verify failed: certificate is not yet valid (_ssl.c:1149)
[1970-01-26 15:33:48,662] [record_and_recognize()][ERROR] 连接失败: [SSL: CERTIFICATE_VERIFY_FAILED] certificate verify failed: certificate is not yet valid (_ssl.c:1149)
[1970-01-26 15:33:49,044] [record_and_recognize()][ERROR] 连接失败: [SSL: CERTIFICATE_VERIFY_FAILED] certificate verify failed: certificate is not yet valid (_ssl.c:1149)
[1970-01-26 15:33:49,459] [record_and_recognize()][ERROR] 连接失败: [SSL: CERTIFICATE_VERIFY_FAILED] certificate verify failed: certificate is not yet valid (_ssl.c:1149)
[1970-01-26 15:33:50,051] [record_and_recognize()][ERROR] 连接失败: [SSL: CERTIFICATE_VERIFY_FAILED] certificate verify failed: certificate is not yet valid (_ssl.c:1149)
[1970-01-26 15:33:50,491] [record_and_recognize()][ERROR] 连接失败: [SSL: CERTIFICATE_VERIFY_FAILED] certificate verify failed: certificate is not yet valid (_ssl.c:1149)
[1970-01-26 15:33:51,057] [record_and_recognize()][ERROR] 连接失败: [SSL: CERTIFICATE_VERIFY_FAILED] certificate verify failed: certificate is not yet valid (_ssl.c:1149)
[1970-01-26 15:33:51,576] [record_and_recognize()][ERROR] 连接失败: [SSL: CERTIFICATE_VERIFY_FAILED] certificate verify failed: certificate is not yet valid (_ssl.c:1149)
[1970-01-26 15:33:52,118] [record_and_recognize()][ERROR] 连接失败: [SSL: CERTIFICATE_VERIFY_FAILED] certificate verify failed: certificate is not yet valid (_ssl.c:1149)
[1970-01-26 15:33:52,760] [record_and_recognize()][ERROR] 连接失败: [SSL: CERTIFICATE_VERIFY_FAILED] certificate verify failed: certificate is not yet valid (_ssl.c:1149)
[1970-01-26 15:33:53,170] [record_and_recognize()][ERROR] 连接失败: [SSL: CERTIFICATE_VERIFY_FAILED] certificate verify failed: certificate is not yet valid (_ssl.c:1149)
[1970-01-26 15:33:53,702] [record_and_recognize()][ERROR] 连接失败: [SSL: CERTIFICATE_VERIFY_FAILED] certificate verify failed: certificate is not yet valid (_ssl.c:1149)
[1970-01-26 15:33:54,300] [record_and_recognize()][ERROR] 连接失败: [SSL: CERTIFICATE_VERIFY_FAILED] certificate verify failed: certificate is not yet valid (_ssl.c:1149)
[1970-01-26 15:33:54,782] [record_and_recognize()][ERROR] 连接失败: [SSL: CERTIFICATE_VERIFY_FAILED] certificate verify failed: certificate is not yet valid (_ssl.c:1149)
[1970-01-26 15:33:55,358] [record_and_recognize()][ERROR] 连接失败: [SSL: CERTIFICATE_VERIFY_FAILED] certificate verify failed: certificate is not yet valid (_ssl.c:1149)
[1970-01-26 15:33:55,983] [record_and_recognize()][ERROR] 连接失败: [SSL: CERTIFICATE_VERIFY_FAILED] certificate verify failed: certificate is not yet valid (_ssl.c:1149)
[1970-01-26 15:33:56,341] [record_and_recognize()][ERROR] 连接失败: [SSL: CERTIFICATE_VERIFY_FAILED] certificate verify failed: certificate is not yet valid (_ssl.c:1149)
[1970-01-26 15:33:57,060] [record_and_recognize()][ERROR] 连接失败: [SSL: CERTIFICATE_VERIFY_FAILED] certificate verify failed: certificate is not yet valid (_ssl.c:1149)
[1970-01-26 15:33:57,458] [record_and_recognize()][ERROR] 连接失败: [SSL: CERTIFICATE_VERIFY_FAILED] certificate verify failed: certificate is not yet valid (_ssl.c:1149)
[1970-01-26 15:33:57,933] [record_and_recognize()][ERROR] 连接失败: [SSL: CERTIFICATE_VERIFY_FAILED] certificate verify failed: certificate is not yet valid (_ssl.c:1149)
[1970-01-26 15:33:58,472] [record_and_recognize()][ERROR] 连接失败: [SSL: CERTIFICATE_VERIFY_FAILED] certificate verify failed: certificate is not yet valid (_ssl.c:1149)
[1970-01-26 15:33:59,161] [record_and_recognize()][ERROR] 连接失败: [SSL: CERTIFICATE_VERIFY_FAILED] certificate verify failed: certificate is not yet valid (_ssl.c:1149)
[1970-01-26 15:33:59,546] [record_and_recognize()][ERROR] 连接失败: [SSL: CERTIFICATE_VERIFY_FAILED] certificate verify failed: certificate is not yet valid (_ssl.c:1149)
[1970-01-26 15:34:00,236] [record_and_recognize()][ERROR] 连接失败: [SSL: CERTIFICATE_VERIFY_FAILED] certificate verify failed: certificate is not yet valid (_ssl.c:1149)
[1970-01-26 15:34:00,547] [record_and_recognize()][ERROR] 连接失败: [SSL: CERTIFICATE_VERIFY_FAILED] certificate verify failed: certificate is not yet valid (_ssl.c:1149)
[1970-01-26 15:34:01,149] [record_and_recognize()][ERROR] 连接失败: [SSL: CERTIFICATE_VERIFY_FAILED] certificate verify failed: certificate is not yet valid (_ssl.c:1149)
[1970-01-26 15:34:01,620] [record_and_recognize()][ERROR] 连接失败: [SSL: CERTIFICATE_VERIFY_FAILED] certificate verify failed: certificate is not yet valid (_ssl.c:1149)
[1970-01-26 15:34:02,264] [record_and_recognize()][ERROR] 连接失败: [SSL: CERTIFICATE_VERIFY_FAILED] certificate verify failed: certificate is not yet valid (_ssl.c:1149)
[1970-01-26 15:34:02,689] [record_and_recognize()][ERROR] 连接失败: [SSL: CERTIFICATE_VERIFY_FAILED] certificate verify failed: certificate is not yet valid (_ssl.c:1149)
[1970-01-26 15:34:03,222] [record_and_recognize()][ERROR] 连接失败: [SSL: CERTIFICATE_VERIFY_FAILED] certificate verify failed: certificate is not yet valid (_ssl.c:1149)
[1970-01-26 15:34:03,875] [record_and_recognize()][ERROR] 连接失败: [SSL: CERTIFICATE_VERIFY_FAILED] certificate verify failed: certificate is not yet valid (_ssl.c:1149)
[1970-01-26 15:34:04,207] [record_and_recognize()][ERROR] 连接失败: [SSL: CERTIFICATE_VERIFY_FAILED] certificate verify failed: certificate is not yet valid (_ssl.c:1149)
[1970-01-26 15:34:04,794] [record_and_recognize()][ERROR] 连接失败: [SSL: CERTIFICATE_VERIFY_FAILED] certificate verify failed: certificate is not yet valid (_ssl.c:1149)
[1970-01-26 15:34:05,325] [record_and_recognize()][ERROR] 连接失败: [SSL: CERTIFICATE_VERIFY_FAILED] certificate verify failed: certificate is not yet valid (_ssl.c:1149)
[1970-01-26 15:34:05,921] [record_and_recognize()][ERROR] 连接失败: [SSL: CERTIFICATE_VERIFY_FAILED] certificate verify failed: certificate is not yet valid (_ssl.c:1149)
[1970-01-26 15:34:06,434] [record_and_recognize()][ERROR] 连接失败: [SSL: CERTIFICATE_VERIFY_FAILED] certificate verify failed: certificate is not yet valid (_ssl.c:1149)
[1970-01-26 15:34:06,915] [record_and_recognize()][ERROR] 连接失败: [SSL: CERTIFICATE_VERIFY_FAILED] certificate verify failed: certificate is not yet valid (_ssl.c:1149)
[1970-01-26 15:34:07,531] [record_and_recognize()][ERROR] 连接失败: [SSL: CERTIFICATE_VERIFY_FAILED] certificate verify failed: certificate is not yet valid (_ssl.c:1149)
[1970-01-26 15:34:07,981] [record_and_recognize()][ERROR] 连接失败: [SSL: CERTIFICATE_VERIFY_FAILED] certificate verify failed: certificate is not yet valid (_ssl.c:1149)
[1970-01-26 15:34:08,662] [record_and_recognize()][ERROR] 连接失败: [SSL: CERTIFICATE_VERIFY_FAILED] certificate verify failed: certificate is not yet valid (_ssl.c:1149)
[1970-01-26 15:34:08,992] [record_and_recognize()][ERROR] 连接失败: [SSL: CERTIFICATE_VERIFY_FAILED] certificate verify failed: certificate is not yet valid (_ssl.c:1149)
[1970-01-26 15:34:09,522] [record_and_recognize()][ERROR] 连接失败: [SSL: CERTIFICATE_VERIFY_FAILED] certificate verify failed: certificate is not yet valid (_ssl.c:1149)
[1970-01-26 15:34:10,044] [record_and_recognize()][ERROR] 连接失败: [SSL: CERTIFICATE_VERIFY_FAILED] certificate verify failed: certificate is not yet valid (_ssl.c:1149)
[1970-01-26 15:34:10,571] [record_and_recognize()][ERROR] 连接失败: [SSL: CERTIFICATE_VERIFY_FAILED] certificate verify failed: certificate is not yet valid (_ssl.c:1149)
[1970-01-26 15:34:11,064] [record_and_recognize()][ERROR] 连接失败: [SSL: CERTIFICATE_VERIFY_FAILED] certificate verify failed: certificate is not yet valid (_ssl.c:1149)
[1970-01-26 15:34:11,623] [record_and_recognize()][ERROR] 连接失败: [SSL: CERTIFICATE_VERIFY_FAILED] certificate verify failed: certificate is not yet valid (_ssl.c:1149)
[1970-01-26 15:34:12,221] [record_and_recognize()][ERROR] 连接失败: [SSL: CERTIFICATE_VERIFY_FAILED] certificate verify failed: certificate is not yet valid (_ssl.c:1149)
[1970-01-26 15:34:12,711] [record_and_recognize()][ERROR] 连接失败: [SSL: CERTIFICATE_VERIFY_FAILED] certificate verify failed: certificate is not yet valid (_ssl.c:1149)
[1970-01-26 15:34:13,235] [record_and_recognize()][ERROR] 连接失败: [SSL: CERTIFICATE_VERIFY_FAILED] certificate verify failed: certificate is not yet valid (_ssl.c:1149)
[1970-01-26 15:34:13,720] [record_and_recognize()][ERROR] 连接失败: [SSL: CERTIFICATE_VERIFY_FAILED] certificate verify failed: certificate is not yet valid (_ssl.c:1149)
[1970-01-26 15:34:14,292] [record_and_recognize()][ERROR] 连接失败: [SSL: CERTIFICATE_VERIFY_FAILED] certificate verify failed: certificate is not yet valid (_ssl.c:1149)
[1970-01-26 15:34:14,769] [record_and_recognize()][ERROR] 连接失败: [SSL: CERTIFICATE_VERIFY_FAILED] certificate verify failed: certificate is not yet valid (_ssl.c:1149)
[1970-01-26 15:34:15,285] [record_and_recognize()][ERROR] 连接失败: [SSL: CERTIFICATE_VERIFY_FAILED] certificate verify failed: certificate is not yet valid (_ssl.c:1149)
[1970-01-26 15:34:15,842] [record_and_recognize()][ERROR] 连接失败: [SSL: CERTIFICATE_VERIFY_FAILED] certificate verify failed: certificate is not yet valid (_ssl.c:1149)
[1970-01-26 15:34:16,472] [record_and_recognize()][ERROR] 连接失败: [SSL: CERTIFICATE_VERIFY_FAILED] certificate verify failed: certificate is not yet valid (_ssl.c:1149)
[1970-01-26 15:34:17,051] [record_and_recognize()][ERROR] 连接失败: [SSL: CERTIFICATE_VERIFY_FAILED] certificate verify failed: certificate is not yet valid (_ssl.c:1149)
[1970-01-26 15:34:17,499] [record_and_recognize()][ERROR] 连接失败: [SSL: CERTIFICATE_VERIFY_FAILED] certificate verify failed: certificate is not yet valid (_ssl.c:1149)
[1970-01-26 15:34:18,004] [record_and_recognize()][ERROR] 连接失败: [SSL: CERTIFICATE_VERIFY_FAILED] certificate verify failed: certificate is not yet valid (_ssl.c:1149)
[1970-01-26 15:34:18,466] [record_and_recognize()][ERROR] 连接失败: [SSL: CERTIFICATE_VERIFY_FAILED] certificate verify failed: certificate is not yet valid (_ssl.c:1149)
[1970-01-26 15:34:18,973] [record_and_recognize()][ERROR] 连接失败: [SSL: CERTIFICATE_VERIFY_FAILED] certificate verify failed: certificate is not yet valid (_ssl.c:1149)
[1970-01-26 15:34:19,569] [record_and_recognize()][ERROR] 连接失败: [SSL: CERTIFICATE_VERIFY_FAILED] certificate verify failed: certificate is not yet valid (_ssl.c:1149)
[1970-01-26 15:34:20,061] [record_and_recognize()][ERROR] 连接失败: [SSL: CERTIFICATE_VERIFY_FAILED] certificate verify failed: certificate is not yet valid (_ssl.c:1149)
[1970-01-26 15:34:20,697] [record_and_recognize()][ERROR] 连接失败: [SSL: CERTIFICATE_VERIFY_FAILED] certificate verify failed: certificate is not yet valid (_ssl.c:1149)
[1970-01-26 15:34:21,133] [record_and_recognize()][ERROR] 连接失败: [SSL: CERTIFICATE_VERIFY_FAILED] certificate verify failed: certificate is not yet valid (_ssl.c:1149)
[1970-01-26 15:34:21,809] [record_and_recognize()][ERROR] 连接失败: [SSL: CERTIFICATE_VERIFY_FAILED] certificate verify failed: certificate is not yet valid (_ssl.c:1149)
[1970-01-26 15:34:22,280] [record_and_recognize()][ERROR] 连接失败: [SSL: CERTIFICATE_VERIFY_FAILED] certificate verify failed: certificate is not yet valid (_ssl.c:1149)
[1970-01-26 15:34:22,689] [record_and_recognize()][ERROR] 连接失败: [SSL: CERTIFICATE_VERIFY_FAILED] certificate verify failed: certificate is not yet valid (_ssl.c:1149)
[1970-01-26 15:34:23,278] [record_and_recognize()][ERROR] 连接失败: [SSL: CERTIFICATE_VERIFY_FAILED] certificate verify failed: certificate is not yet valid (_ssl.c:1149)
[1970-01-26 15:34:23,695] [record_and_recognize()][ERROR] 连接失败: [SSL: CERTIFICATE_VERIFY_FAILED] certificate verify failed: certificate is not yet valid (_ssl.c:1149)
[1970-01-26 15:34:24,364] [record_and_recognize()][ERROR] 连接失败: [SSL: CERTIFICATE_VERIFY_FAILED] certificate verify failed: certificate is not yet valid (_ssl.c:1149)
[1970-01-26 15:34:24,788] [record_and_recognize()][ERROR] 连接失败: [SSL: CERTIFICATE_VERIFY_FAILED] certificate verify failed: certificate is not yet valid (_ssl.c:1149)
[1970-01-26 15:34:25,292] [record_and_recognize()][ERROR] 连接失败: [SSL: CERTIFICATE_VERIFY_FAILED] certificate verify failed: certificate is not yet valid (_ssl.c:1149)
[1970-01-26 15:34:25,803] [record_and_recognize()][ERROR] 连接失败: [SSL: CERTIFICATE_VERIFY_FAILED] certificate verify failed: certificate is not yet valid (_ssl.c:1149)
[1970-01-26 15:34:26,351] [record_and_recognize()][ERROR] 连接失败: [SSL: CERTIFICATE_VERIFY_FAILED] certificate verify failed: certificate is not yet valid (_ssl.c:1149)
[1970-01-26 15:34:26,840] [record_and_recognize()][ERROR] 连接失败: [SSL: CERTIFICATE_VERIFY_FAILED] certificate verify failed: certificate is not yet valid (_ssl.c:1149)
[1970-01-26 15:34:27,380] [record_and_recognize()][ERROR] 连接失败: [SSL: CERTIFICATE_VERIFY_FAILED] certificate verify failed: certificate is not yet valid (_ssl.c:1149)
[1970-01-26 15:34:27,933] [record_and_recognize()][ERROR] 连接失败: [SSL: CERTIFICATE_VERIFY_FAILED] certificate verify failed: certificate is not yet valid (_ssl.c:1149)
[1970-01-26 15:34:28,494] [record_and_recognize()][ERROR] 连接失败: [SSL: CERTIFICATE_VERIFY_FAILED] certificate verify failed: certificate is not yet valid (_ssl.c:1149)
[1970-01-26 15:34:28,985] [record_and_recognize()][ERROR] 连接失败: [SSL: CERTIFICATE_VERIFY_FAILED] certificate verify failed: certificate is not yet valid (_ssl.c:1149)
[1970-01-26 15:34:29,559] [record_and_recognize()][ERROR] 连接失败: [SSL: CERTIFICATE_VERIFY_FAILED] certificate verify failed: certificate is not yet valid (_ssl.c:1149)
[1970-01-26 15:34:30,078] [record_and_recognize()][ERROR] 连接失败: [SSL: CERTIFICATE_VERIFY_FAILED] certificate verify failed: certificate is not yet valid (_ssl.c:1149)
[1970-01-26 15:34:30,532] [record_and_recognize()][ERROR] 连接失败: [SSL: CERTIFICATE_VERIFY_FAILED] certificate verify failed: certificate is not yet valid (_ssl.c:1149)
[1970-01-26 15:34:31,046] [record_and_recognize()][ERROR] 连接失败: [SSL: CERTIFICATE_VERIFY_FAILED] certificate verify failed: certificate is not yet valid (_ssl.c:1149)
[1970-01-26 15:34:31,555] [record_and_recognize()][ERROR] 连接失败: [SSL: CERTIFICATE_VERIFY_FAILED] certificate verify failed: certificate is not yet valid (_ssl.c:1149)
[1970-01-26 15:34:32,111] [record_and_recognize()][ERROR] 连接失败: [SSL: CERTIFICATE_VERIFY_FAILED] certificate verify failed: certificate is not yet valid (_ssl.c:1149)
[1970-01-26 15:34:32,595] [record_and_recognize()][ERROR] 连接失败: [SSL: CERTIFICATE_VERIFY_FAILED] certificate verify failed: certificate is not yet valid (_ssl.c:1149)
[1970-01-26 15:34:33,097] [record_and_recognize()][ERROR] 连接失败: [SSL: CERTIFICATE_VERIFY_FAILED] certificate verify failed: certificate is not yet valid (_ssl.c:1149)
[1970-01-26 15:34:33,714] [record_and_recognize()][ERROR] 连接失败: [SSL: CERTIFICATE_VERIFY_FAILED] certificate verify failed: certificate is not yet valid (_ssl.c:1149)
[1970-01-26 15:34:34,185] [record_and_recognize()][ERROR] 连接失败: [SSL: CERTIFICATE_VERIFY_FAILED] certificate verify failed: certificate is not yet valid (_ssl.c:1149)
[1970-01-26 15:34:34,766] [record_and_recognize()][ERROR] 连接失败: [SSL: CERTIFICATE_VERIFY_FAILED] certificate verify failed: certificate is not yet valid (_ssl.c:1149)
[1970-01-26 15:34:35,248] [record_and_recognize()][ERROR] 连接失败: [SSL: CERTIFICATE_VERIFY_FAILED] certificate verify failed: certificate is not yet valid (_ssl.c:1149)
[1970-01-26 15:34:35,689] [record_and_recognize()][ERROR] 连接失败: [SSL: CERTIFICATE_VERIFY_FAILED] certificate verify failed: certificate is not yet valid (_ssl.c:1149)
[1970-01-26 15:34:36,265] [record_and_recognize()][ERROR] 连接失败: [SSL: CERTIFICATE_VERIFY_FAILED] certificate verify failed: certificate is not yet valid (_ssl.c:1149)
[1970-01-26 15:34:36,951] [record_and_recognize()][ERROR] 连接失败: [SSL: CERTIFICATE_VERIFY_FAILED] certificate verify failed: certificate is not yet valid (_ssl.c:1149)
[1970-01-26 15:34:37,289] [record_and_recognize()][ERROR] 连接失败: [SSL: CERTIFICATE_VERIFY_FAILED] certificate verify failed: certificate is not yet valid (_ssl.c:1149)
[1970-01-26 15:34:37,869] [record_and_recognize()][ERROR] 连接失败: [SSL: CERTIFICATE_VERIFY_FAILED] certificate verify failed: certificate is not yet valid (_ssl.c:1149)
[1970-01-26 15:34:38,365] [record_and_recognize()][ERROR] 连接失败: [SSL: CERTIFICATE_VERIFY_FAILED] certificate verify failed: certificate is not yet valid (_ssl.c:1149)
[1970-01-26 15:34:38,925] [record_and_recognize()][ERROR] 连接失败: [SSL: CERTIFICATE_VERIFY_FAILED] certificate verify failed: certificate is not yet valid (_ssl.c:1149)
[1970-01-26 15:34:39,525] [record_and_recognize()][ERROR] 连接失败: [SSL: CERTIFICATE_VERIFY_FAILED] certificate verify failed: certificate is not yet valid (_ssl.c:1149)
[1970-01-26 15:34:40,044] [record_and_recognize()][ERROR] 连接失败: [SSL: CERTIFICATE_VERIFY_FAILED] certificate verify failed: certificate is not yet valid (_ssl.c:1149)
[1970-01-26 15:34:40,633] [record_and_recognize()][ERROR] 连接失败: [SSL: CERTIFICATE_VERIFY_FAILED] certificate verify failed: certificate is not yet valid (_ssl.c:1149)
[1970-01-26 15:34:41,047] [record_and_recognize()][ERROR] 连接失败: [SSL: CERTIFICATE_VERIFY_FAILED] certificate verify failed: certificate is not yet valid (_ssl.c:1149)
[1970-01-26 15:34:41,763] [record_and_recognize()][ERROR] 连接失败: [SSL: CERTIFICATE_VERIFY_FAILED] certificate verify failed: certificate is not yet valid (_ssl.c:1149)
[1970-01-26 15:34:42,101] [record_and_recognize()][ERROR] 连接失败: [SSL: CERTIFICATE_VERIFY_FAILED] certificate verify failed: certificate is not yet valid (_ssl.c:1149)
[1970-01-26 15:34:42,608] [record_and_recognize()][ERROR] 连接失败: [SSL: CERTIFICATE_VERIFY_FAILED] certificate verify failed: certificate is not yet valid (_ssl.c:1149)
[1970-01-26 15:34:43,165] [record_and_recognize()][ERROR] 连接失败: [SSL: CERTIFICATE_VERIFY_FAILED] certificate verify failed: certificate is not yet valid (_ssl.c:1149)
[1970-01-26 15:34:43,665] [record_and_recognize()][ERROR] 连接失败: [SSL: CERTIFICATE_VERIFY_FAILED] certificate verify failed: certificate is not yet valid (_ssl.c:1149)
[1970-01-26 15:34:44,201] [record_and_recognize()][ERROR] 连接失败: [SSL: CERTIFICATE_VERIFY_FAILED] certificate verify failed: certificate is not yet valid (_ssl.c:1149)
[1970-01-26 15:34:44,733] [record_and_recognize()][ERROR] 连接失败: [SSL: CERTIFICATE_VERIFY_FAILED] certificate verify failed: certificate is not yet valid (_ssl.c:1149)
[1970-01-26 15:34:45,267] [record_and_recognize()][ERROR] 连接失败: [SSL: CERTIFICATE_VERIFY_FAILED] certificate verify failed: certificate is not yet valid (_ssl.c:1149)
[1970-01-26 15:34:45,781] [record_and_recognize()][ERROR] 连接失败: [SSL: CERTIFICATE_VERIFY_FAILED] certificate verify failed: certificate is not yet valid (_ssl.c:1149)
[1970-01-26 15:34:46,295] [record_and_recognize()][ERROR] 连接失败: [SSL: CERTIFICATE_VERIFY_FAILED] certificate verify failed: certificate is not yet valid (_ssl.c:1149)
[1970-01-26 15:34:46,796] [record_and_recognize()][ERROR] 连接失败: [SSL: CERTIFICATE_VERIFY_FAILED] certificate verify failed: certificate is not yet valid (_ssl.c:1149)
[1970-01-26 15:34:47,407] [record_and_recognize()][ERROR] 连接失败: [SSL: CERTIFICATE_VERIFY_FAILED] certificate verify failed: certificate is not yet valid (_ssl.c:1149)
[1970-01-26 15:34:47,803] [record_and_recognize()][ERROR] 连接失败: [SSL: CERTIFICATE_VERIFY_FAILED] certificate verify failed: certificate is not yet valid (_ssl.c:1149)
[1970-01-26 15:34:48,389] [record_and_recognize()][ERROR] 连接失败: [SSL: CERTIFICATE_VERIFY_FAILED] certificate verify failed: certificate is not yet valid (_ssl.c:1149)
[1970-01-26 15:34:48,905] [record_and_recognize()][ERROR] 连接失败: [SSL: CERTIFICATE_VERIFY_FAILED] certificate verify failed: certificate is not yet valid (_ssl.c:1149)
[1970-01-26 15:34:49,389] [record_and_recognize()][ERROR] 连接失败: [SSL: CERTIFICATE_VERIFY_FAILED] certificate verify failed: certificate is not yet valid (_ssl.c:1149)
[1970-01-26 15:34:49,941] [record_and_recognize()][ERROR] 连接失败: [SSL: CERTIFICATE_VERIFY_FAILED] certificate verify failed: certificate is not yet valid (_ssl.c:1149)
[1970-01-26 15:34:56,241] [record_and_recognize()][ERROR] 连接失败: [SSL: CERTIFICATE_VERIFY_FAILED] certificate verify failed: certificate is not yet valid (_ssl.c:1149)
[1970-01-26 15:35:00,676] [record_and_recognize()][ERROR] 连接失败: [SSL: CERTIFICATE_VERIFY_FAILED] certificate verify failed: certificate is not yet valid (_ssl.c:1149)
[1970-01-26 15:35:00,987] [record_and_recognize()][ERROR] 连接失败: [SSL: CERTIFICATE_VERIFY_FAILED] certificate verify failed: certificate is not yet valid (_ssl.c:1149)
[1970-01-26 15:35:01,550] [record_and_recognize()][ERROR] 连接失败: [SSL: CERTIFICATE_VERIFY_FAILED] certificate verify failed: certificate is not yet valid (_ssl.c:1149)
[1970-01-26 15:35:01,971] [record_and_recognize()][ERROR] 连接失败: [SSL: CERTIFICATE_VERIFY_FAILED] certificate verify failed: certificate is not yet valid (_ssl.c:1149)
[1970-01-26 15:35:02,485] [record_and_recognize()][ERROR] 连接失败: [SSL: CERTIFICATE_VERIFY_FAILED] certificate verify failed: certificate is not yet valid (_ssl.c:1149)
[1970-01-26 15:35:03,071] [record_and_recognize()][ERROR] 连接失败: [SSL: CERTIFICATE_VERIFY_FAILED] certificate verify failed: certificate is not yet valid (_ssl.c:1149)
[1970-01-26 15:35:03,511] [record_and_recognize()][ERROR] 连接失败: [SSL: CERTIFICATE_VERIFY_FAILED] certificate verify failed: certificate is not yet valid (_ssl.c:1149)
[1970-01-26 15:35:04,123] [record_and_recognize()][ERROR] 连接失败: [SSL: CERTIFICATE_VERIFY_FAILED] certificate verify failed: certificate is not yet valid (_ssl.c:1149)
[1970-01-26 15:35:04,573] [record_and_recognize()][ERROR] 连接失败: [SSL: CERTIFICATE_VERIFY_FAILED] certificate verify failed: certificate is not yet valid (_ssl.c:1149)
[1970-01-26 15:35:05,163] [record_and_recognize()][ERROR] 连接失败: [SSL: CERTIFICATE_VERIFY_FAILED] certificate verify failed: certificate is not yet valid (_ssl.c:1149)
[1970-01-26 15:35:05,691] [record_and_recognize()][ERROR] 连接失败: [SSL: CERTIFICATE_VERIFY_FAILED] certificate verify failed: certificate is not yet valid (_ssl.c:1149)
[1970-01-26 15:35:06,241] [record_and_recognize()][ERROR] 连接失败: [SSL: CERTIFICATE_VERIFY_FAILED] certificate verify failed: certificate is not yet valid (_ssl.c:1149)
[1970-01-26 15:35:06,858] [record_and_recognize()][ERROR] 连接失败: [SSL: CERTIFICATE_VERIFY_FAILED] certificate verify failed: certificate is not yet valid (_ssl.c:1149)
[1970-01-26 15:35:07,401] [record_and_recognize()][ERROR] 连接失败: [SSL: CERTIFICATE_VERIFY_FAILED] certificate verify failed: certificate is not yet valid (_ssl.c:1149)
[1970-01-26 15:35:07,883] [record_and_recognize()][ERROR] 连接失败: [SSL: CERTIFICATE_VERIFY_FAILED] certificate verify failed: certificate is not yet valid (_ssl.c:1149)
[1970-01-26 15:35:08,472] [record_and_recognize()][ERROR] 连接失败: [SSL: CERTIFICATE_VERIFY_FAILED] certificate verify failed: certificate is not yet valid (_ssl.c:1149)
[1970-01-26 15:35:08,986] [record_and_recognize()][ERROR] 连接失败: [SSL: CERTIFICATE_VERIFY_FAILED] certificate verify failed: certificate is not yet valid (_ssl.c:1149)
[1970-01-26 15:35:17,163] [record_and_recognize()][ERROR] 连接失败: [SSL: CERTIFICATE_VERIFY_FAILED] certificate verify failed: certificate is not yet valid (_ssl.c:1149)
[1970-01-26 15:35:17,586] [record_and_recognize()][ERROR] 连接失败: [SSL: CERTIFICATE_VERIFY_FAILED] certificate verify failed: certificate is not yet valid (_ssl.c:1149)
[1970-01-26 15:35:18,116] [record_and_recognize()][ERROR] 连接失败: [SSL: CERTIFICATE_VERIFY_FAILED] certificate verify failed: certificate is not yet valid (_ssl.c:1149)
[1970-01-26 15:35:18,624] [record_and_recognize()][ERROR] 连接失败: [SSL: CERTIFICATE_VERIFY_FAILED] certificate verify failed: certificate is not yet valid (_ssl.c:1149)
[1970-01-26 15:35:19,155] [record_and_recognize()][ERROR] 连接失败: [SSL: CERTIFICATE_VERIFY_FAILED] certificate verify failed: certificate is not yet valid (_ssl.c:1149)
[1970-01-26 15:35:19,675] [record_and_recognize()][ERROR] 连接失败: [SSL: CERTIFICATE_VERIFY_FAILED] certificate verify failed: certificate is not yet valid (_ssl.c:1149)
[1970-01-26 15:35:21,401] [record_and_recognize()][ERROR] 连接失败: [SSL: CERTIFICATE_VERIFY_FAILED] certificate verify failed: certificate is not yet valid (_ssl.c:1149)
[1970-01-26 15:35:21,682] [record_and_recognize()][ERROR] 连接失败: [SSL: CERTIFICATE_VERIFY_FAILED] certificate verify failed: certificate is not yet valid (_ssl.c:1149)
[1970-01-26 15:35:22,210] [record_and_recognize()][ERROR] 连接失败: [SSL: CERTIFICATE_VERIFY_FAILED] certificate verify failed: certificate is not yet valid (_ssl.c:1149)
[1970-01-26 15:35:22,745] [record_and_recognize()][ERROR] 连接失败: [SSL: CERTIFICATE_VERIFY_FAILED] certificate verify failed: certificate is not yet valid (_ssl.c:1149)
[1970-01-26 15:35:23,275] [record_and_recognize()][ERROR] 连接失败: [SSL: CERTIFICATE_VERIFY_FAILED] certificate verify failed: certificate is not yet valid (_ssl.c:1149)
[1970-01-26 15:35:23,949] [record_and_recognize()][ERROR] 连接失败: [SSL: CERTIFICATE_VERIFY_FAILED] certificate verify failed: certificate is not yet valid (_ssl.c:1149)
[1970-01-26 15:35:24,333] [record_and_recognize()][ERROR] 连接失败: [SSL: CERTIFICATE_VERIFY_FAILED] certificate verify failed: certificate is not yet valid (_ssl.c:1149)
[1970-01-26 15:35:24,878] [record_and_recognize()][ERROR] 连接失败: [SSL: CERTIFICATE_VERIFY_FAILED] certificate verify failed: certificate is not yet valid (_ssl.c:1149)
[1970-01-26 15:35:25,514] [record_and_recognize()][ERROR] 连接失败: [SSL: CERTIFICATE_VERIFY_FAILED] certificate verify failed: certificate is not yet valid (_ssl.c:1149)
[1970-01-26 15:35:26,012] [record_and_recognize()][ERROR] 连接失败: [SSL: CERTIFICATE_VERIFY_FAILED] certificate verify failed: certificate is not yet valid (_ssl.c:1149)
[1970-01-26 15:35:26,501] [record_and_recognize()][ERROR] 连接失败: [SSL: CERTIFICATE_VERIFY_FAILED] certificate verify failed: certificate is not yet valid (_ssl.c:1149)
[1970-01-26 15:35:27,075] [record_and_recognize()][ERROR] 连接失败: [SSL: CERTIFICATE_VERIFY_FAILED] certificate verify failed: certificate is not yet valid (_ssl.c:1149)
[1970-01-26 15:35:27,552] [record_and_recognize()][ERROR] 连接失败: [SSL: CERTIFICATE_VERIFY_FAILED] certificate verify failed: certificate is not yet valid (_ssl.c:1149)
[1970-01-26 15:35:28,151] [record_and_recognize()][ERROR] 连接失败: [SSL: CERTIFICATE_VERIFY_FAILED] certificate verify failed: certificate is not yet valid (_ssl.c:1149)
[1970-01-26 15:35:28,587] [record_and_recognize()][ERROR] 连接失败: [SSL: CERTIFICATE_VERIFY_FAILED] certificate verify failed: certificate is not yet valid (_ssl.c:1149)
[1970-01-26 15:35:29,144] [record_and_recognize()][ERROR] 连接失败: [SSL: CERTIFICATE_VERIFY_FAILED] certificate verify failed: certificate is not yet valid (_ssl.c:1149)
[1970-01-26 15:35:29,721] [record_and_recognize()][ERROR] 连接失败: [SSL: CERTIFICATE_VERIFY_FAILED] certificate verify failed: certificate is not yet valid (_ssl.c:1149)
[1970-01-26 15:35:30,355] [record_and_recognize()][ERROR] 连接失败: [SSL: CERTIFICATE_VERIFY_FAILED] certificate verify failed: certificate is not yet valid (_ssl.c:1149)
[1970-01-26 15:35:30,929] [record_and_recognize()][ERROR] 连接失败: [SSL: CERTIFICATE_VERIFY_FAILED] certificate verify failed: certificate is not yet valid (_ssl.c:1149)
[1970-01-26 15:35:31,300] [record_and_recognize()][ERROR] 连接失败: [SSL: CERTIFICATE_VERIFY_FAILED] certificate verify failed: certificate is not yet valid (_ssl.c:1149)
[1970-01-26 15:35:31,779] [record_and_recognize()][ERROR] 连接失败: [SSL: CERTIFICATE_VERIFY_FAILED] certificate verify failed: certificate is not yet valid (_ssl.c:1149)
[1970-01-26 15:35:32,275] [record_and_recognize()][ERROR] 连接失败: [SSL: CERTIFICATE_VERIFY_FAILED] certificate verify failed: certificate is not yet valid (_ssl.c:1149)
[1970-01-26 15:35:32,858] [record_and_recognize()][ERROR] 连接失败: [SSL: CERTIFICATE_VERIFY_FAILED] certificate verify failed: certificate is not yet valid (_ssl.c:1149)
[1970-01-26 15:35:33,381] [record_and_recognize()][ERROR] 连接失败: [SSL: CERTIFICATE_VERIFY_FAILED] certificate verify failed: certificate is not yet valid (_ssl.c:1149)
[1970-01-26 15:35:33,977] [record_and_recognize()][ERROR] 连接失败: [SSL: CERTIFICATE_VERIFY_FAILED] certificate verify failed: certificate is not yet valid (_ssl.c:1149)
[1970-01-26 15:35:34,481] [record_and_recognize()][ERROR] 连接失败: [SSL: CERTIFICATE_VERIFY_FAILED] certificate verify failed: certificate is not yet valid (_ssl.c:1149)
[1970-01-26 15:35:35,025] [record_and_recognize()][ERROR] 连接失败: [SSL: CERTIFICATE_VERIFY_FAILED] certificate verify failed: certificate is not yet valid (_ssl.c:1149)
[1970-01-26 15:35:35,490] [record_and_recognize()][ERROR] 连接失败: [SSL: CERTIFICATE_VERIFY_FAILED] certificate verify failed: certificate is not yet valid (_ssl.c:1149)
[1970-01-26 15:35:36,059] [record_and_recognize()][ERROR] 连接失败: [SSL: CERTIFICATE_VERIFY_FAILED] certificate verify failed: certificate is not yet valid (_ssl.c:1149)
[1970-01-26 15:35:36,493] [record_and_recognize()][ERROR] 连接失败: [SSL: CERTIFICATE_VERIFY_FAILED] certificate verify failed: certificate is not yet valid (_ssl.c:1149)
[1970-01-26 15:35:37,087] [record_and_recognize()][ERROR] 连接失败: [SSL: CERTIFICATE_VERIFY_FAILED] certificate verify failed: certificate is not yet valid (_ssl.c:1149)
[1970-01-26 15:35:37,719] [record_and_recognize()][ERROR] 连接失败: [SSL: CERTIFICATE_VERIFY_FAILED] certificate verify failed: certificate is not yet valid (_ssl.c:1149)
[1970-01-26 15:35:38,111] [record_and_recognize()][ERROR] 连接失败: [SSL: CERTIFICATE_VERIFY_FAILED] certificate verify failed: certificate is not yet valid (_ssl.c:1149)
[1970-01-26 15:35:38,703] [record_and_recognize()][ERROR] 连接失败: [SSL: CERTIFICATE_VERIFY_FAILED] certificate verify failed: certificate is not yet valid (_ssl.c:1149)
[1970-01-26 15:35:39,114] [record_and_recognize()][ERROR] 连接失败: [SSL: CERTIFICATE_VERIFY_FAILED] certificate verify failed: certificate is not yet valid (_ssl.c:1149)
[1970-01-26 15:35:39,704] [record_and_recognize()][ERROR] 连接失败: [SSL: CERTIFICATE_VERIFY_FAILED] certificate verify failed: certificate is not yet valid (_ssl.c:1149)
[1970-01-26 15:35:40,786] [record_and_recognize()][ERROR] 连接失败: [SSL: CERTIFICATE_VERIFY_FAILED] certificate verify failed: certificate is not yet valid (_ssl.c:1149)
[1970-01-26 15:35:41,194] [record_and_recognize()][ERROR] 连接失败: [SSL: CERTIFICATE_VERIFY_FAILED] certificate verify failed: certificate is not yet valid (_ssl.c:1149)
[1970-01-26 15:35:41,601] [record_and_recognize()][ERROR] 连接失败: [SSL: CERTIFICATE_VERIFY_FAILED] certificate verify failed: certificate is not yet valid (_ssl.c:1149)
[1970-01-26 15:35:42,265] [record_and_recognize()][ERROR] 连接失败: [SSL: CERTIFICATE_VERIFY_FAILED] certificate verify failed: certificate is not yet valid (_ssl.c:1149)
[1970-01-26 15:35:42,723] [record_and_recognize()][ERROR] 连接失败: [SSL: CERTIFICATE_VERIFY_FAILED] certificate verify failed: certificate is not yet valid (_ssl.c:1149)
[1970-01-26 15:35:43,043] [record_and_recognize()][ERROR] 连接失败: [SSL: CERTIFICATE_VERIFY_FAILED] certificate verify failed: certificate is not yet valid (_ssl.c:1149)
[1970-01-26 15:35:43,569] [record_and_recognize()][ERROR] 连接失败: [SSL: CERTIFICATE_VERIFY_FAILED] certificate verify failed: certificate is not yet valid (_ssl.c:1149)
[1970-01-26 15:35:44,334] [record_and_recognize()][ERROR] 连接失败: [SSL: CERTIFICATE_VERIFY_FAILED] certificate verify failed: certificate is not yet valid (_ssl.c:1149)
[1970-01-26 15:35:44,691] [record_and_recognize()][ERROR] 连接失败: [SSL: CERTIFICATE_VERIFY_FAILED] certificate verify failed: certificate is not yet valid (_ssl.c:1149)
[1970-01-26 15:35:45,210] [record_and_recognize()][ERROR] 连接失败: [SSL: CERTIFICATE_VERIFY_FAILED] certificate verify failed: certificate is not yet valid (_ssl.c:1149)
[1970-01-26 15:35:45,687] [record_and_recognize()][ERROR] 连接失败: [SSL: CERTIFICATE_VERIFY_FAILED] certificate verify failed: certificate is not yet valid (_ssl.c:1149)
[1970-01-26 15:35:46,325] [record_and_recognize()][ERROR] 连接失败: [SSL: CERTIFICATE_VERIFY_FAILED] certificate verify failed: certificate is not yet valid (_ssl.c:1149)
[1970-01-26 15:35:46,726] [record_and_recognize()][ERROR] 连接失败: [SSL: CERTIFICATE_VERIFY_FAILED] certificate verify failed: certificate is not yet valid (_ssl.c:1149)
[1970-01-26 15:35:47,298] [record_and_recognize()][ERROR] 连接失败: [SSL: CERTIFICATE_VERIFY_FAILED] certificate verify failed: certificate is not yet valid (_ssl.c:1149)
[1970-01-26 15:35:47,778] [record_and_recognize()][ERROR] 连接失败: [SSL: CERTIFICATE_VERIFY_FAILED] certificate verify failed: certificate is not yet valid (_ssl.c:1149)
[1970-01-26 15:35:48,345] [record_and_recognize()][ERROR] 连接失败: [SSL: CERTIFICATE_VERIFY_FAILED] certificate verify failed: certificate is not yet valid (_ssl.c:1149)
[1970-01-26 15:35:48,849] [record_and_recognize()][ERROR] 连接失败: [SSL: CERTIFICATE_VERIFY_FAILED] certificate verify failed: certificate is not yet valid (_ssl.c:1149)
[1970-01-26 15:35:49,293] [record_and_recognize()][ERROR] 连接失败: [SSL: CERTIFICATE_VERIFY_FAILED] certificate verify failed: certificate is not yet valid (_ssl.c:1149)
[1970-01-26 15:35:49,872] [record_and_recognize()][ERROR] 连接失败: [SSL: CERTIFICATE_VERIFY_FAILED] certificate verify failed: certificate is not yet valid (_ssl.c:1149)
[1970-01-26 15:35:50,369] [record_and_recognize()][ERROR] 连接失败: [SSL: CERTIFICATE_VERIFY_FAILED] certificate verify failed: certificate is not yet valid (_ssl.c:1149)
[1970-01-26 15:35:50,911] [record_and_recognize()][ERROR] 连接失败: [SSL: CERTIFICATE_VERIFY_FAILED] certificate verify failed: certificate is not yet valid (_ssl.c:1149)
[1970-01-26 15:35:51,567] [record_and_recognize()][ERROR] 连接失败: [SSL: CERTIFICATE_VERIFY_FAILED] certificate verify failed: certificate is not yet valid (_ssl.c:1149)
[1970-01-26 15:35:51,979] [record_and_recognize()][ERROR] 连接失败: [SSL: CERTIFICATE_VERIFY_FAILED] certificate verify failed: certificate is not yet valid (_ssl.c:1149)
[1970-01-26 15:35:52,547] [record_and_recognize()][ERROR] 连接失败: [SSL: CERTIFICATE_VERIFY_FAILED] certificate verify failed: certificate is not yet valid (_ssl.c:1149)
[1970-01-26 15:35:53,123] [record_and_recognize()][ERROR] 连接失败: [SSL: CERTIFICATE_VERIFY_FAILED] certificate verify failed: certificate is not yet valid (_ssl.c:1149)
[1970-01-26 15:35:53,630] [record_and_recognize()][ERROR] 连接失败: [SSL: CERTIFICATE_VERIFY_FAILED] certificate verify failed: certificate is not yet valid (_ssl.c:1149)
[1970-01-26 15:35:54,141] [record_and_recognize()][ERROR] 连接失败: [SSL: CERTIFICATE_VERIFY_FAILED] certificate verify failed: certificate is not yet valid (_ssl.c:1149)
[1970-01-26 15:35:54,573] [record_and_recognize()][ERROR] 连接失败: [SSL: CERTIFICATE_VERIFY_FAILED] certificate verify failed: certificate is not yet valid (_ssl.c:1149)
[1970-01-26 15:35:55,199] [record_and_recognize()][ERROR] 连接失败: [SSL: CERTIFICATE_VERIFY_FAILED] certificate verify failed: certificate is not yet valid (_ssl.c:1149)
[1970-01-26 15:35:55,669] [record_and_recognize()][ERROR] 连接失败: [SSL: CERTIFICATE_VERIFY_FAILED] certificate verify failed: certificate is not yet valid (_ssl.c:1149)
[1970-01-26 15:35:56,145] [record_and_recognize()][ERROR] 连接失败: [SSL: CERTIFICATE_VERIFY_FAILED] certificate verify failed: certificate is not yet valid (_ssl.c:1149)
[1970-01-26 15:35:56,738] [record_and_recognize()][ERROR] 连接失败: [SSL: CERTIFICATE_VERIFY_FAILED] certificate verify failed: certificate is not yet valid (_ssl.c:1149)
[1970-01-26 15:35:57,360] [record_and_recognize()][ERROR] 连接失败: [SSL: CERTIFICATE_VERIFY_FAILED] certificate verify failed: certificate is not yet valid (_ssl.c:1149)
[1970-01-26 15:35:57,777] [record_and_recognize()][ERROR] 连接失败: [SSL: CERTIFICATE_VERIFY_FAILED] certificate verify failed: certificate is not yet valid (_ssl.c:1149)
[1970-01-26 15:35:58,481] [record_and_recognize()][ERROR] 连接失败: [SSL: CERTIFICATE_VERIFY_FAILED] certificate verify failed: certificate is not yet valid (_ssl.c:1149)
[1970-01-26 15:35:58,870] [record_and_recognize()][ERROR] 连接失败: [SSL: CERTIFICATE_VERIFY_FAILED] certificate verify failed: certificate is not yet valid (_ssl.c:1149)
[1970-01-26 15:35:59,482] [record_and_recognize()][ERROR] 连接失败: [SSL: CERTIFICATE_VERIFY_FAILED] certificate verify failed: certificate is not yet valid (_ssl.c:1149)
[1970-01-26 15:35:59,995] [record_and_recognize()][ERROR] 连接失败: [SSL: CERTIFICATE_VERIFY_FAILED] certificate verify failed: certificate is not yet valid (_ssl.c:1149)
[1970-01-26 15:36:00,436] [record_and_recognize()][ERROR] 连接失败: [SSL: CERTIFICATE_VERIFY_FAILED] certificate verify failed: certificate is not yet valid (_ssl.c:1149)
[1970-01-26 15:36:00,941] [record_and_recognize()][ERROR] 连接失败: [SSL: CERTIFICATE_VERIFY_FAILED] certificate verify failed: certificate is not yet valid (_ssl.c:1149)
[1970-01-26 15:36:01,555] [record_and_recognize()][ERROR] 连接失败: [SSL: CERTIFICATE_VERIFY_FAILED] certificate verify failed: certificate is not yet valid (_ssl.c:1149)
[1970-01-26 15:36:02,075] [record_and_recognize()][ERROR] 连接失败: [SSL: CERTIFICATE_VERIFY_FAILED] certificate verify failed: certificate is not yet valid (_ssl.c:1149)
[1970-01-26 15:36:02,539] [record_and_recognize()][ERROR] 连接失败: [SSL: CERTIFICATE_VERIFY_FAILED] certificate verify failed: certificate is not yet valid (_ssl.c:1149)
[1970-01-26 15:36:03,006] [record_and_recognize()][ERROR] 连接失败: [SSL: CERTIFICATE_VERIFY_FAILED] certificate verify failed: certificate is not yet valid (_ssl.c:1149)
[1970-01-26 15:36:03,689] [record_and_recognize()][ERROR] 连接失败: [SSL: CERTIFICATE_VERIFY_FAILED] certificate verify failed: certificate is not yet valid (_ssl.c:1149)
[1970-01-26 15:36:04,044] [record_and_recognize()][ERROR] 连接失败: [SSL: CERTIFICATE_VERIFY_FAILED] certificate verify failed: certificate is not yet valid (_ssl.c:1149)
[1970-01-26 15:36:04,592] [record_and_recognize()][ERROR] 连接失败: [SSL: CERTIFICATE_VERIFY_FAILED] certificate verify failed: certificate is not yet valid (_ssl.c:1149)
[1970-01-26 15:36:05,115] [record_and_recognize()][ERROR] 连接失败: [SSL: CERTIFICATE_VERIFY_FAILED] certificate verify failed: certificate is not yet valid (_ssl.c:1149)
[1970-01-26 15:36:05,611] [record_and_recognize()][ERROR] 连接失败: [SSL: CERTIFICATE_VERIFY_FAILED] certificate verify failed: certificate is not yet valid (_ssl.c:1149)
[1970-01-26 15:36:06,178] [record_and_recognize()][ERROR] 连接失败: [SSL: CERTIFICATE_VERIFY_FAILED] certificate verify failed: certificate is not yet valid (_ssl.c:1149)
[1970-01-26 15:36:06,700] [record_and_recognize()][ERROR] 连接失败: [SSL: CERTIFICATE_VERIFY_FAILED] certificate verify failed: certificate is not yet valid (_ssl.c:1149)
[1970-01-26 15:36:07,272] [record_and_recognize()][ERROR] 连接失败: [SSL: CERTIFICATE_VERIFY_FAILED] certificate verify failed: certificate is not yet valid (_ssl.c:1149)
[1970-01-26 15:36:07,762] [record_and_recognize()][ERROR] 连接失败: [SSL: CERTIFICATE_VERIFY_FAILED] certificate verify failed: certificate is not yet valid (_ssl.c:1149)
[1970-01-26 15:36:08,305] [record_and_recognize()][ERROR] 连接失败: [SSL: CERTIFICATE_VERIFY_FAILED] certificate verify failed: certificate is not yet valid (_ssl.c:1149)
[1970-01-26 15:36:08,810] [record_and_recognize()][ERROR] 连接失败: [SSL: CERTIFICATE_VERIFY_FAILED] certificate verify failed: certificate is not yet valid (_ssl.c:1149)
[1970-01-26 15:36:09,382] [record_and_recognize()][ERROR] 连接失败: [SSL: CERTIFICATE_VERIFY_FAILED] certificate verify failed: certificate is not yet valid (_ssl.c:1149)
[1970-01-26 15:36:09,825] [record_and_recognize()][ERROR] 连接失败: [SSL: CERTIFICATE_VERIFY_FAILED] certificate verify failed: certificate is not yet valid (_ssl.c:1149)
[1970-01-26 15:36:10,369] [record_and_recognize()][ERROR] 连接失败: [SSL: CERTIFICATE_VERIFY_FAILED] certificate verify failed: certificate is not yet valid (_ssl.c:1149)
[1970-01-26 15:36:10,903] [record_and_recognize()][ERROR] 连接失败: [SSL: CERTIFICATE_VERIFY_FAILED] certificate verify failed: certificate is not yet valid (_ssl.c:1149)
[1970-01-26 15:36:11,549] [record_and_recognize()][ERROR] 连接失败: [SSL: CERTIFICATE_VERIFY_FAILED] certificate verify failed: certificate is not yet valid (_ssl.c:1149)
[1970-01-26 15:36:12,038] [record_and_recognize()][ERROR] 连接失败: [SSL: CERTIFICATE_VERIFY_FAILED] certificate verify failed: certificate is not yet valid (_ssl.c:1149)
[1970-01-26 15:36:12,545] [record_and_recognize()][ERROR] 连接失败: [SSL: CERTIFICATE_VERIFY_FAILED] certificate verify failed: certificate is not yet valid (_ssl.c:1149)
[1970-01-26 15:36:13,095] [record_and_recognize()][ERROR] 连接失败: [SSL: CERTIFICATE_VERIFY_FAILED] certificate verify failed: certificate is not yet valid (_ssl.c:1149)
[1970-01-26 15:36:13,616] [record_and_recognize()][ERROR] 连接失败: [SSL: CERTIFICATE_VERIFY_FAILED] certificate verify failed: certificate is not yet valid (_ssl.c:1149)
[1970-01-26 15:36:14,153] [record_and_recognize()][ERROR] 连接失败: [SSL: CERTIFICATE_VERIFY_FAILED] certificate verify failed: certificate is not yet valid (_ssl.c:1149)
[1970-01-26 15:36:14,700] [record_and_recognize()][ERROR] 连接失败: [SSL: CERTIFICATE_VERIFY_FAILED] certificate verify failed: certificate is not yet valid (_ssl.c:1149)
[1970-01-26 15:36:15,258] [record_and_recognize()][ERROR] 连接失败: [SSL: CERTIFICATE_VERIFY_FAILED] certificate verify failed: certificate is not yet valid (_ssl.c:1149)
[1970-01-26 15:36:15,772] [record_and_recognize()][ERROR] 连接失败: [SSL: CERTIFICATE_VERIFY_FAILED] certificate verify failed: certificate is not yet valid (_ssl.c:1149)
[1970-01-26 15:36:16,245] [record_and_recognize()][ERROR] 连接失败: [SSL: CERTIFICATE_VERIFY_FAILED] certificate verify failed: certificate is not yet valid (_ssl.c:1149)
[1970-01-26 15:36:16,704] [record_and_recognize()][ERROR] 连接失败: [SSL: CERTIFICATE_VERIFY_FAILED] certificate verify failed: certificate is not yet valid (_ssl.c:1149)
[1970-01-26 15:36:17,333] [record_and_recognize()][ERROR] 连接失败: [SSL: CERTIFICATE_VERIFY_FAILED] certificate verify failed: certificate is not yet valid (_ssl.c:1149)
[1970-01-26 15:36:17,818] [record_and_recognize()][ERROR] 连接失败: [SSL: CERTIFICATE_VERIFY_FAILED] certificate verify failed: certificate is not yet valid (_ssl.c:1149)
[1970-01-26 15:36:18,330] [record_and_recognize()][ERROR] 连接失败: [SSL: CERTIFICATE_VERIFY_FAILED] certificate verify failed: certificate is not yet valid (_ssl.c:1149)
[1970-01-26 15:36:19,018] [record_and_recognize()][ERROR] 连接失败: [SSL: CERTIFICATE_VERIFY_FAILED] certificate verify failed: certificate is not yet valid (_ssl.c:1149)
[1970-01-26 15:36:19,389] [record_and_recognize()][ERROR] 连接失败: [SSL: CERTIFICATE_VERIFY_FAILED] certificate verify failed: certificate is not yet valid (_ssl.c:1149)
[1970-01-26 15:36:20,089] [record_and_recognize()][ERROR] 连接失败: [SSL: CERTIFICATE_VERIFY_FAILED] certificate verify failed: certificate is not yet valid (_ssl.c:1149)
[1970-01-26 15:36:20,502] [record_and_recognize()][ERROR] 连接失败: [SSL: CERTIFICATE_VERIFY_FAILED] certificate verify failed: certificate is not yet valid (_ssl.c:1149)
[1970-01-26 15:36:21,007] [record_and_recognize()][ERROR] 连接失败: [SSL: CERTIFICATE_VERIFY_FAILED] certificate verify failed: certificate is not yet valid (_ssl.c:1149)
[1970-01-26 15:36:21,559] [record_and_recognize()][ERROR] 连接失败: [SSL: CERTIFICATE_VERIFY_FAILED] certificate verify failed: certificate is not yet valid (_ssl.c:1149)
[1970-01-26 15:36:22,031] [record_and_recognize()][ERROR] 连接失败: [SSL: CERTIFICATE_VERIFY_FAILED] certificate verify failed: certificate is not yet valid (_ssl.c:1149)
[1970-01-26 15:36:22,585] [record_and_recognize()][ERROR] 连接失败: [SSL: CERTIFICATE_VERIFY_FAILED] certificate verify failed: certificate is not yet valid (_ssl.c:1149)
[1970-01-26 15:36:23,073] [record_and_recognize()][ERROR] 连接失败: [SSL: CERTIFICATE_VERIFY_FAILED] certificate verify failed: certificate is not yet valid (_ssl.c:1149)
[1970-01-26 15:36:23,759] [record_and_recognize()][ERROR] 连接失败: [SSL: CERTIFICATE_VERIFY_FAILED] certificate verify failed: certificate is not yet valid (_ssl.c:1149)
[1970-01-26 15:36:24,163] [record_and_recognize()][ERROR] 连接失败: [SSL: CERTIFICATE_VERIFY_FAILED] certificate verify failed: certificate is not yet valid (_ssl.c:1149)
[1970-01-26 15:36:24,648] [record_and_recognize()][ERROR] 连接失败: [SSL: CERTIFICATE_VERIFY_FAILED] certificate verify failed: certificate is not yet valid (_ssl.c:1149)
[1970-01-26 15:36:25,139] [record_and_recognize()][ERROR] 连接失败: [SSL: CERTIFICATE_VERIFY_FAILED] certificate verify failed: certificate is not yet valid (_ssl.c:1149)
[1970-01-26 15:36:25,717] [record_and_recognize()][ERROR] 连接失败: [SSL: CERTIFICATE_VERIFY_FAILED] certificate verify failed: certificate is not yet valid (_ssl.c:1149)
[1970-01-26 15:36:26,339] [record_and_recognize()][ERROR] 连接失败: [SSL: CERTIFICATE_VERIFY_FAILED] certificate verify failed: certificate is not yet valid (_ssl.c:1149)
[1970-01-26 15:36:26,763] [record_and_recognize()][ERROR] 连接失败: [SSL: CERTIFICATE_VERIFY_FAILED] certificate verify failed: certificate is not yet valid (_ssl.c:1149)
[1970-01-26 15:36:27,351] [record_and_recognize()][ERROR] 连接失败: [SSL: CERTIFICATE_VERIFY_FAILED] certificate verify failed: certificate is not yet valid (_ssl.c:1149)
[1970-01-26 15:36:27,868] [record_and_recognize()][ERROR] 连接失败: [SSL: CERTIFICATE_VERIFY_FAILED] certificate verify failed: certificate is not yet valid (_ssl.c:1149)
[1970-01-26 15:36:28,335] [record_and_recognize()][ERROR] 连接失败: [SSL: CERTIFICATE_VERIFY_FAILED] certificate verify failed: certificate is not yet valid (_ssl.c:1149)
[1970-01-26 15:36:28,872] [record_and_recognize()][ERROR] 连接失败: [SSL: CERTIFICATE_VERIFY_FAILED] certificate verify failed: certificate is not yet valid (_ssl.c:1149)
[1970-01-26 15:36:29,390] [record_and_recognize()][ERROR] 连接失败: [SSL: CERTIFICATE_VERIFY_FAILED] certificate verify failed: certificate is not yet valid (_ssl.c:1149)
[1970-01-26 15:36:29,936] [record_and_recognize()][ERROR] 连接失败: [SSL: CERTIFICATE_VERIFY_FAILED] certificate verify failed: certificate is not yet valid (_ssl.c:1149)
[1970-01-26 15:36:30,642] [record_and_recognize()][ERROR] 连接失败: [SSL: CERTIFICATE_VERIFY_FAILED] certificate verify failed: certificate is not yet valid (_ssl.c:1149)
[1970-01-26 15:36:30,993] [record_and_recognize()][ERROR] 连接失败: [SSL: CERTIFICATE_VERIFY_FAILED] certificate verify failed: certificate is not yet valid (_ssl.c:1149)
[1970-01-26 15:36:31,494] [record_and_recognize()][ERROR] 连接失败: [SSL: CERTIFICATE_VERIFY_FAILED] certificate verify failed: certificate is not yet valid (_ssl.c:1149)
[1970-01-26 15:36:31,940] [record_and_recognize()][ERROR] 连接失败: [SSL: CERTIFICATE_VERIFY_FAILED] certificate verify failed: certificate is not yet valid (_ssl.c:1149)
[1970-01-26 15:36:32,496] [record_and_recognize()][ERROR] 连接失败: [SSL: CERTIFICATE_VERIFY_FAILED] certificate verify failed: certificate is not yet valid (_ssl.c:1149)
[1970-01-26 15:36:33,044] [record_and_recognize()][ERROR] 连接失败: [SSL: CERTIFICATE_VERIFY_FAILED] certificate verify failed: certificate is not yet valid (_ssl.c:1149)
[1970-01-26 15:36:33,592] [record_and_recognize()][ERROR] 连接失败: [SSL: CERTIFICATE_VERIFY_FAILED] certificate verify failed: certificate is not yet valid (_ssl.c:1149)
[1970-01-26 15:36:34,154] [record_and_recognize()][ERROR] 连接失败: [SSL: CERTIFICATE_VERIFY_FAILED] certificate verify failed: certificate is not yet valid (_ssl.c:1149)
[1970-01-26 15:36:34,716] [record_and_recognize()][ERROR] 连接失败: [SSL: CERTIFICATE_VERIFY_FAILED] certificate verify failed: certificate is not yet valid (_ssl.c:1149)
[1970-01-26 15:36:35,133] [record_and_recognize()][ERROR] 连接失败: [SSL: CERTIFICATE_VERIFY_FAILED] certificate verify failed: certificate is not yet valid (_ssl.c:1149)
[1970-01-26 15:36:35,638] [record_and_recognize()][ERROR] 连接失败: [SSL: CERTIFICATE_VERIFY_FAILED] certificate verify failed: certificate is not yet valid (_ssl.c:1149)
[1970-01-26 15:36:36,374] [record_and_recognize()][ERROR] 连接失败: [SSL: CERTIFICATE_VERIFY_FAILED] certificate verify failed: certificate is not yet valid (_ssl.c:1149)
[1970-01-26 15:36:36,743] [record_and_recognize()][ERROR] 连接失败: [SSL: CERTIFICATE_VERIFY_FAILED] certificate verify failed: certificate is not yet valid (_ssl.c:1149)
[1970-01-26 15:36:37,271] [record_and_recognize()][ERROR] 连接失败: [SSL: CERTIFICATE_VERIFY_FAILED] certificate verify failed: certificate is not yet valid (_ssl.c:1149)
[1970-01-26 15:36:37,756] [record_and_recognize()][ERROR] 连接失败: [SSL: CERTIFICATE_VERIFY_FAILED] certificate verify failed: certificate is not yet valid (_ssl.c:1149)
[1970-01-26 15:36:38,395] [record_and_recognize()][ERROR] 连接失败: [SSL: CERTIFICATE_VERIFY_FAILED] certificate verify failed: certificate is not yet valid (_ssl.c:1149)
[1970-01-26 15:36:38,771] [record_and_recognize()][ERROR] 连接失败: [SSL: CERTIFICATE_VERIFY_FAILED] certificate verify failed: certificate is not yet valid (_ssl.c:1149)
[1970-01-26 15:36:39,301] [record_and_recognize()][ERROR] 连接失败: [SSL: CERTIFICATE_VERIFY_FAILED] certificate verify failed: certificate is not yet valid (_ssl.c:1149)
[1970-01-26 15:36:39,959] [record_and_recognize()][ERROR] 连接失败: [SSL: CERTIFICATE_VERIFY_FAILED] certificate verify failed: certificate is not yet valid (_ssl.c:1149)
[1970-01-26 15:36:40,462] [record_and_recognize()][ERROR] 连接失败: [SSL: CERTIFICATE_VERIFY_FAILED] certificate verify failed: certificate is not yet valid (_ssl.c:1149)
[1970-01-26 15:36:40,862] [record_and_recognize()][ERROR] 连接失败: [SSL: CERTIFICATE_VERIFY_FAILED] certificate verify failed: certificate is not yet valid (_ssl.c:1149)
[1970-01-26 15:36:41,472] [record_and_recognize()][ERROR] 连接失败: [SSL: CERTIFICATE_VERIFY_FAILED] certificate verify failed: certificate is not yet valid (_ssl.c:1149)
[1970-01-26 15:36:41,951] [record_and_recognize()][ERROR] 连接失败: [SSL: CERTIFICATE_VERIFY_FAILED] certificate verify failed: certificate is not yet valid (_ssl.c:1149)
[1970-01-26 15:36:42,498] [record_and_recognize()][ERROR] 连接失败: [SSL: CERTIFICATE_VERIFY_FAILED] certificate verify failed: certificate is not yet valid (_ssl.c:1149)
[1970-01-26 15:36:42,975] [record_and_recognize()][ERROR] 连接失败: [SSL: CERTIFICATE_VERIFY_FAILED] certificate verify failed: certificate is not yet valid (_ssl.c:1149)
[1970-01-26 15:36:43,548] [record_and_recognize()][ERROR] 连接失败: [SSL: CERTIFICATE_VERIFY_FAILED] certificate verify failed: certificate is not yet valid (_ssl.c:1149)
[1970-01-26 15:36:44,043] [record_and_recognize()][ERROR] 连接失败: [SSL: CERTIFICATE_VERIFY_FAILED] certificate verify failed: certificate is not yet valid (_ssl.c:1149)
[1970-01-26 15:36:44,587] [record_and_recognize()][ERROR] 连接失败: [SSL: CERTIFICATE_VERIFY_FAILED] certificate verify failed: certificate is not yet valid (_ssl.c:1149)
[1970-01-26 15:36:45,114] [record_and_recognize()][ERROR] 连接失败: [SSL: CERTIFICATE_VERIFY_FAILED] certificate verify failed: certificate is not yet valid (_ssl.c:1149)
[1970-01-26 15:36:45,737] [record_and_recognize()][ERROR] 连接失败: [SSL: CERTIFICATE_VERIFY_FAILED] certificate verify failed: certificate is not yet valid (_ssl.c:1149)
[1970-01-26 15:36:46,165] [record_and_recognize()][ERROR] 连接失败: [SSL: CERTIFICATE_VERIFY_FAILED] certificate verify failed: certificate is not yet valid (_ssl.c:1149)
[1970-01-26 15:36:47,019] [record_and_recognize()][ERROR] 连接失败: [SSL: CERTIFICATE_VERIFY_FAILED] certificate verify failed: certificate is not yet valid (_ssl.c:1149)
[1970-01-26 15:36:47,433] [record_and_recognize()][ERROR] 连接失败: [SSL: CERTIFICATE_VERIFY_FAILED] certificate verify failed: certificate is not yet valid (_ssl.c:1149)
[1970-01-26 15:36:47,823] [record_and_recognize()][ERROR] 连接失败: [SSL: CERTIFICATE_VERIFY_FAILED] certificate verify failed: certificate is not yet valid (_ssl.c:1149)
[1970-01-26 15:36:48,367] [record_and_recognize()][ERROR] 连接失败: [SSL: CERTIFICATE_VERIFY_FAILED] certificate verify failed: certificate is not yet valid (_ssl.c:1149)
[1970-01-26 15:36:48,849] [record_and_recognize()][ERROR] 连接失败: [SSL: CERTIFICATE_VERIFY_FAILED] certificate verify failed: certificate is not yet valid (_ssl.c:1149)
[1970-01-26 15:36:49,480] [record_and_recognize()][ERROR] 连接失败: [SSL: CERTIFICATE_VERIFY_FAILED] certificate verify failed: certificate is not yet valid (_ssl.c:1149)
[1970-01-26 15:36:49,978] [record_and_recognize()][ERROR] 连接失败: [SSL: CERTIFICATE_VERIFY_FAILED] certificate verify failed: certificate is not yet valid (_ssl.c:1149)
[1970-01-26 15:36:51,576] [record_and_recognize()][ERROR] 连接失败: [SSL: CERTIFICATE_VERIFY_FAILED] certificate verify failed: certificate is not yet valid (_ssl.c:1149)
[1970-01-26 15:36:52,055] [record_and_recognize()][ERROR] 连接失败: [SSL: CERTIFICATE_VERIFY_FAILED] certificate verify failed: certificate is not yet valid (_ssl.c:1149)
[1970-01-26 15:36:52,370] [record_and_recognize()][ERROR] 连接失败: [SSL: CERTIFICATE_VERIFY_FAILED] certificate verify failed: certificate is not yet valid (_ssl.c:1149)
[1970-01-26 15:36:53,047] [record_and_recognize()][ERROR] 连接失败: [SSL: CERTIFICATE_VERIFY_FAILED] certificate verify failed: certificate is not yet valid (_ssl.c:1149)
[1970-01-26 15:36:53,556] [record_and_recognize()][ERROR] 连接失败: [SSL: CERTIFICATE_VERIFY_FAILED] certificate verify failed: certificate is not yet valid (_ssl.c:1149)
[1970-01-26 15:36:54,048] [record_and_recognize()][ERROR] 连接失败: [SSL: CERTIFICATE_VERIFY_FAILED] certificate verify failed: certificate is not yet valid (_ssl.c:1149)
[1970-01-26 15:36:54,481] [record_and_recognize()][ERROR] 连接失败: [SSL: CERTIFICATE_VERIFY_FAILED] certificate verify failed: certificate is not yet valid (_ssl.c:1149)
[1970-01-26 15:36:55,046] [record_and_recognize()][ERROR] 连接失败: [SSL: CERTIFICATE_VERIFY_FAILED] certificate verify failed: certificate is not yet valid (_ssl.c:1149)
[1970-01-26 15:36:55,640] [record_and_recognize()][ERROR] 连接失败: [SSL: CERTIFICATE_VERIFY_FAILED] certificate verify failed: certificate is not yet valid (_ssl.c:1149)
[1970-01-26 15:36:56,138] [record_and_recognize()][ERROR] 连接失败: [SSL: CERTIFICATE_VERIFY_FAILED] certificate verify failed: certificate is not yet valid (_ssl.c:1149)
[1970-01-26 15:36:56,567] [record_and_recognize()][ERROR] 连接失败: [SSL: CERTIFICATE_VERIFY_FAILED] certificate verify failed: certificate is not yet valid (_ssl.c:1149)
[1970-01-26 15:36:57,150] [record_and_recognize()][ERROR] 连接失败: [SSL: CERTIFICATE_VERIFY_FAILED] certificate verify failed: certificate is not yet valid (_ssl.c:1149)
[1970-01-26 15:36:57,767] [record_and_recognize()][ERROR] 连接失败: [SSL: CERTIFICATE_VERIFY_FAILED] certificate verify failed: certificate is not yet valid (_ssl.c:1149)
[1970-01-26 15:36:58,269] [record_and_recognize()][ERROR] 连接失败: [SSL: CERTIFICATE_VERIFY_FAILED] certificate verify failed: certificate is not yet valid (_ssl.c:1149)
[1970-01-26 15:36:58,660] [record_and_recognize()][ERROR] 连接失败: [SSL: CERTIFICATE_VERIFY_FAILED] certificate verify failed: certificate is not yet valid (_ssl.c:1149)
[1970-01-26 15:36:59,291] [record_and_recognize()][ERROR] 连接失败: [SSL: CERTIFICATE_VERIFY_FAILED] certificate verify failed: certificate is not yet valid (_ssl.c:1149)
[1970-01-26 15:36:59,735] [record_and_recognize()][ERROR] 连接失败: [SSL: CERTIFICATE_VERIFY_FAILED] certificate verify failed: certificate is not yet valid (_ssl.c:1149)
[1970-01-26 15:37:00,339] [record_and_recognize()][ERROR] 连接失败: [SSL: CERTIFICATE_VERIFY_FAILED] certificate verify failed: certificate is not yet valid (_ssl.c:1149)
[1970-01-26 15:37:00,751] [record_and_recognize()][ERROR] 连接失败: [SSL: CERTIFICATE_VERIFY_FAILED] certificate verify failed: certificate is not yet valid (_ssl.c:1149)
[1970-01-26 15:37:01,270] [record_and_recognize()][ERROR] 连接失败: [SSL: CERTIFICATE_VERIFY_FAILED] certificate verify failed: certificate is not yet valid (_ssl.c:1149)
[1970-01-26 15:37:01,939] [record_and_recognize()][ERROR] 连接失败: [SSL: CERTIFICATE_VERIFY_FAILED] certificate verify failed: certificate is not yet valid (_ssl.c:1149)
[1970-01-26 15:37:02,327] [record_and_recognize()][ERROR] 连接失败: [SSL: CERTIFICATE_VERIFY_FAILED] certificate verify failed: certificate is not yet valid (_ssl.c:1149)
[1970-01-26 15:37:02,734] [handler()][ERROR] connection handler failed
Traceback (most recent call last):
  File "/home/unitree/miniconda3/envs/go2/lib/python3.8/site-packages/websockets/legacy/protocol.py", line 953, in transfer_data
    message = await self.read_message()
  File "/home/unitree/miniconda3/envs/go2/lib/python3.8/site-packages/websockets/legacy/protocol.py", line 1023, in read_message
    frame = await self.read_data_frame(max_size=self.max_size)
  File "/home/unitree/miniconda3/envs/go2/lib/python3.8/site-packages/websockets/legacy/protocol.py", line 1098, in read_data_frame
    frame = await self.read_frame(max_size)
  File "/home/unitree/miniconda3/envs/go2/lib/python3.8/site-packages/websockets/legacy/protocol.py", line 1155, in read_frame
    frame = await Frame.read(
  File "/home/unitree/miniconda3/envs/go2/lib/python3.8/site-packages/websockets/legacy/framing.py", line 70, in read
    data = await reader(2)
  File "/home/unitree/miniconda3/envs/go2/lib/python3.8/asyncio/streams.py", line 721, in readexactly
    raise exceptions.IncompleteReadError(incomplete, n)
asyncio.exceptions.IncompleteReadError: 0 bytes read on a total of 2 expected bytes

The above exception was the direct cause of the following exception:

Traceback (most recent call last):
  File "server_recon_v6.py", line 729, in handler
    async for message in websocket:
  File "/home/unitree/miniconda3/envs/go2/lib/python3.8/site-packages/websockets/legacy/protocol.py", line 492, in __aiter__
    yield await self.recv()
  File "/home/unitree/miniconda3/envs/go2/lib/python3.8/site-packages/websockets/legacy/protocol.py", line 562, in recv
    await self.ensure_open()
  File "/home/unitree/miniconda3/envs/go2/lib/python3.8/site-packages/websockets/legacy/protocol.py", line 929, in ensure_open
    raise self.connection_closed_exc()
websockets.exceptions.ConnectionClosedError: no close frame received or sent

During handling of the above exception, another exception occurred:

Traceback (most recent call last):
  File "server_recon_v6.py", line 757, in handler
    print(f"❌ WebSocket 处理异常: {e}")
OSError: [Errno 5] Input/output error

During handling of the above exception, another exception occurred:

Traceback (most recent call last):
  File "/home/unitree/miniconda3/envs/go2/lib/python3.8/site-packages/websockets/legacy/server.py", line 245, in handler
    await self.ws_handler(self)
  File "server_recon_v6.py", line 759, in handler
    print("❌ 客户端断开")
OSError: [Errno 5] Input/output error
[1970-01-26 15:38:15,140] [record_and_recognize()][ERROR] 连接失败: [SSL: CERTIFICATE_VERIFY_FAILED] certificate verify failed: certificate is not yet valid (_ssl.c:1149)
[1970-01-26 15:38:15,621] [record_and_recognize()][ERROR] 连接失败: [SSL: CERTIFICATE_VERIFY_FAILED] certificate verify failed: certificate is not yet valid (_ssl.c:1149)
[1970-01-26 15:38:16,139] [record_and_recognize()][ERROR] 连接失败: [SSL: CERTIFICATE_VERIFY_FAILED] certificate verify failed: certificate is not yet valid (_ssl.c:1149)
[1970-01-26 15:38:16,655] [record_and_recognize()][ERROR] 连接失败: [SSL: CERTIFICATE_VERIFY_FAILED] certificate verify failed: certificate is not yet valid (_ssl.c:1149)
[1970-01-26 15:38:17,183] [record_and_recognize()][ERROR] 连接失败: [SSL: CERTIFICATE_VERIFY_FAILED] certificate verify failed: certificate is not yet valid (_ssl.c:1149)
[1970-01-26 15:38:17,741] [record_and_recognize()][ERROR] 连接失败: [SSL: CERTIFICATE_VERIFY_FAILED] certificate verify failed: certificate is not yet valid (_ssl.c:1149)
[1970-01-26 15:38:18,344] [record_and_recognize()][ERROR] 连接失败: [SSL: CERTIFICATE_VERIFY_FAILED] certificate verify failed: certificate is not yet valid (_ssl.c:1149)
[1970-01-26 15:38:18,937] [record_and_recognize()][ERROR] 连接失败: [SSL: CERTIFICATE_VERIFY_FAILED] certificate verify failed: certificate is not yet valid (_ssl.c:1149)
[1970-01-26 15:38:24,491] [record_and_recognize()][ERROR] 连接失败: [SSL: CERTIFICATE_VERIFY_FAILED] certificate verify failed: certificate is not yet valid (_ssl.c:1149)
[1970-01-26 15:38:24,751] [record_and_recognize()][ERROR] 连接失败: [SSL: CERTIFICATE_VERIFY_FAILED] certificate verify failed: certificate is not yet valid (_ssl.c:1149)
[1970-01-26 15:38:25,254] [record_and_recognize()][ERROR] 连接失败: [SSL: CERTIFICATE_VERIFY_FAILED] certificate verify failed: certificate is not yet valid (_ssl.c:1149)
[1970-01-26 15:38:25,742] [record_and_recognize()][ERROR] 连接失败: [SSL: CERTIFICATE_VERIFY_FAILED] certificate verify failed: certificate is not yet valid (_ssl.c:1149)
[1970-01-26 15:38:26,309] [record_and_recognize()][ERROR] 连接失败: [SSL: CERTIFICATE_VERIFY_FAILED] certificate verify failed: certificate is not yet valid (_ssl.c:1149)
[1970-01-26 15:38:26,943] [record_and_recognize()][ERROR] 连接失败: [SSL: CERTIFICATE_VERIFY_FAILED] certificate verify failed: certificate is not yet valid (_ssl.c:1149)
[1970-01-26 15:38:27,379] [record_and_recognize()][ERROR] 连接失败: [SSL: CERTIFICATE_VERIFY_FAILED] certificate verify failed: certificate is not yet valid (_ssl.c:1149)
[1970-01-26 15:38:27,938] [record_and_recognize()][ERROR] 连接失败: [SSL: CERTIFICATE_VERIFY_FAILED] certificate verify failed: certificate is not yet valid (_ssl.c:1149)
[1970-01-26 15:38:28,378] [record_and_recognize()][ERROR] 连接失败: [SSL: CERTIFICATE_VERIFY_FAILED] certificate verify failed: certificate is not yet valid (_ssl.c:1149)
[1970-01-26 15:38:28,902] [record_and_recognize()][ERROR] 连接失败: [SSL: CERTIFICATE_VERIFY_FAILED] certificate verify failed: certificate is not yet valid (_ssl.c:1149)
[1970-01-26 15:38:29,593] [record_and_recognize()][ERROR] 连接失败: [SSL: CERTIFICATE_VERIFY_FAILED] certificate verify failed: certificate is not yet valid (_ssl.c:1149)
[1970-01-26 15:38:30,041] [record_and_recognize()][ERROR] 连接失败: [SSL: CERTIFICATE_VERIFY_FAILED] certificate verify failed: certificate is not yet valid (_ssl.c:1149)
[1970-01-26 15:38:30,614] [record_and_recognize()][ERROR] 连接失败: [SSL: CERTIFICATE_VERIFY_FAILED] certificate verify failed: certificate is not yet valid (_ssl.c:1149)
[1970-01-26 15:38:31,092] [record_and_recognize()][ERROR] 连接失败: [SSL: CERTIFICATE_VERIFY_FAILED] certificate verify failed: certificate is not yet valid (_ssl.c:1149)
[1970-01-26 15:38:31,623] [record_and_recognize()][ERROR] 连接失败: [SSL: CERTIFICATE_VERIFY_FAILED] certificate verify failed: certificate is not yet valid (_ssl.c:1149)
[1970-01-26 15:38:32,270] [record_and_recognize()][ERROR] 连接失败: [SSL: CERTIFICATE_VERIFY_FAILED] certificate verify failed: certificate is not yet valid (_ssl.c:1149)
[1970-01-26 15:38:32,738] [record_and_recognize()][ERROR] 连接失败: [SSL: CERTIFICATE_VERIFY_FAILED] certificate verify failed: certificate is not yet valid (_ssl.c:1149)
[1970-01-26 15:38:33,173] [record_and_recognize()][ERROR] 连接失败: [SSL: CERTIFICATE_VERIFY_FAILED] certificate verify failed: certificate is not yet valid (_ssl.c:1149)
[1970-01-26 15:38:33,734] [record_and_recognize()][ERROR] 连接失败: [SSL: CERTIFICATE_VERIFY_FAILED] certificate verify failed: certificate is not yet valid (_ssl.c:1149)
[1970-01-26 15:38:34,270] [record_and_recognize()][ERROR] 连接失败: [SSL: CERTIFICATE_VERIFY_FAILED] certificate verify failed: certificate is not yet valid (_ssl.c:1149)
[1970-01-26 15:38:35,038] [record_and_recognize()][ERROR] 连接失败: [SSL: CERTIFICATE_VERIFY_FAILED] certificate verify failed: certificate is not yet valid (_ssl.c:1149)
[1970-01-26 15:38:35,351] [record_and_recognize()][ERROR] 连接失败: [SSL: CERTIFICATE_VERIFY_FAILED] certificate verify failed: certificate is not yet valid (_ssl.c:1149)
[1970-01-26 15:38:35,909] [record_and_recognize()][ERROR] 连接失败: [SSL: CERTIFICATE_VERIFY_FAILED] certificate verify failed: certificate is not yet valid (_ssl.c:1149)
[1970-01-26 15:38:36,347] [record_and_recognize()][ERROR] 连接失败: [SSL: CERTIFICATE_VERIFY_FAILED] certificate verify failed: certificate is not yet valid (_ssl.c:1149)
[1970-01-26 15:38:36,879] [record_and_recognize()][ERROR] 连接失败: [SSL: CERTIFICATE_VERIFY_FAILED] certificate verify failed: certificate is not yet valid (_ssl.c:1149)
[1970-01-26 15:38:37,505] [record_and_recognize()][ERROR] 连接失败: [SSL: CERTIFICATE_VERIFY_FAILED] certificate verify failed: certificate is not yet valid (_ssl.c:1149)
[1970-01-26 15:38:37,948] [record_and_recognize()][ERROR] 连接失败: [SSL: CERTIFICATE_VERIFY_FAILED] certificate verify failed: certificate is not yet valid (_ssl.c:1149)
[1970-01-26 15:38:38,591] [record_and_recognize()][ERROR] 连接失败: [SSL: CERTIFICATE_VERIFY_FAILED] certificate verify failed: certificate is not yet valid (_ssl.c:1149)
[1970-01-26 15:38:39,041] [record_and_recognize()][ERROR] 连接失败: [SSL: CERTIFICATE_VERIFY_FAILED] certificate verify failed: certificate is not yet valid (_ssl.c:1149)
[1970-01-26 15:38:39,597] [record_and_recognize()][ERROR] 连接失败: [SSL: CERTIFICATE_VERIFY_FAILED] certificate verify failed: certificate is not yet valid (_ssl.c:1149)
[1970-01-26 15:38:40,078] [record_and_recognize()][ERROR] 连接失败: [SSL: CERTIFICATE_VERIFY_FAILED] certificate verify failed: certificate is not yet valid (_ssl.c:1149)
[1970-01-26 15:38:40,533] [record_and_recognize()][ERROR] 连接失败: [SSL: CERTIFICATE_VERIFY_FAILED] certificate verify failed: certificate is not yet valid (_ssl.c:1149)
[1970-01-26 15:38:41,077] [record_and_recognize()][ERROR] 连接失败: [SSL: CERTIFICATE_VERIFY_FAILED] certificate verify failed: certificate is not yet valid (_ssl.c:1149)
[1970-01-26 15:38:41,557] [record_and_recognize()][ERROR] 连接失败: [SSL: CERTIFICATE_VERIFY_FAILED] certificate verify failed: certificate is not yet valid (_ssl.c:1149)
[1970-01-26 15:38:42,209] [record_and_recognize()][ERROR] 连接失败: [SSL: CERTIFICATE_VERIFY_FAILED] certificate verify failed: certificate is not yet valid (_ssl.c:1149)
[1970-01-26 15:38:42,655] [record_and_recognize()][ERROR] 连接失败: [SSL: CERTIFICATE_VERIFY_FAILED] certificate verify failed: certificate is not yet valid (_ssl.c:1149)
[1970-01-26 15:38:43,236] [record_and_recognize()][ERROR] 连接失败: [SSL: CERTIFICATE_VERIFY_FAILED] certificate verify failed: certificate is not yet valid (_ssl.c:1149)
[1970-01-26 15:38:43,704] [record_and_recognize()][ERROR] 连接失败: [SSL: CERTIFICATE_VERIFY_FAILED] certificate verify failed: certificate is not yet valid (_ssl.c:1149)
[1970-01-26 15:38:44,219] [record_and_recognize()][ERROR] 连接失败: [SSL: CERTIFICATE_VERIFY_FAILED] certificate verify failed: certificate is not yet valid (_ssl.c:1149)
[1970-01-26 15:38:44,764] [record_and_recognize()][ERROR] 连接失败: [SSL: CERTIFICATE_VERIFY_FAILED] certificate verify failed: certificate is not yet valid (_ssl.c:1149)
[1970-01-26 15:38:45,330] [record_and_recognize()][ERROR] 连接失败: [SSL: CERTIFICATE_VERIFY_FAILED] certificate verify failed: certificate is not yet valid (_ssl.c:1149)
[1970-01-26 15:38:45,838] [record_and_recognize()][ERROR] 连接失败: [SSL: CERTIFICATE_VERIFY_FAILED] certificate verify failed: certificate is not yet valid (_ssl.c:1149)
[1970-01-26 15:38:46,402] [record_and_recognize()][ERROR] 连接失败: [SSL: CERTIFICATE_VERIFY_FAILED] certificate verify failed: certificate is not yet valid (_ssl.c:1149)
[1970-01-26 15:38:46,879] [record_and_recognize()][ERROR] 连接失败: [SSL: CERTIFICATE_VERIFY_FAILED] certificate verify failed: certificate is not yet valid (_ssl.c:1149)
[1970-01-26 15:38:47,448] [record_and_recognize()][ERROR] 连接失败: [SSL: CERTIFICATE_VERIFY_FAILED] certificate verify failed: certificate is not yet valid (_ssl.c:1149)
[1970-01-26 15:38:47,903] [record_and_recognize()][ERROR] 连接失败: [SSL: CERTIFICATE_VERIFY_FAILED] certificate verify failed: certificate is not yet valid (_ssl.c:1149)
[1970-01-26 15:38:48,492] [record_and_recognize()][ERROR] 连接失败: [SSL: CERTIFICATE_VERIFY_FAILED] certificate verify failed: certificate is not yet valid (_ssl.c:1149)
[1970-01-26 15:38:48,900] [record_and_recognize()][ERROR] 连接失败: [SSL: CERTIFICATE_VERIFY_FAILED] certificate verify failed: certificate is not yet valid (_ssl.c:1149)
[1970-01-26 15:38:49,552] [record_and_recognize()][ERROR] 连接失败: [SSL: CERTIFICATE_VERIFY_FAILED] certificate verify failed: certificate is not yet valid (_ssl.c:1149)
[1970-01-26 15:38:50,042] [record_and_recognize()][ERROR] 连接失败: [SSL: CERTIFICATE_VERIFY_FAILED] certificate verify failed: certificate is not yet valid (_ssl.c:1149)
[1970-01-26 15:38:50,469] [record_and_recognize()][ERROR] 连接失败: [SSL: CERTIFICATE_VERIFY_FAILED] certificate verify failed: certificate is not yet valid (_ssl.c:1149)
[1970-01-26 15:38:51,048] [record_and_recognize()][ERROR] 连接失败: [SSL: CERTIFICATE_VERIFY_FAILED] certificate verify failed: certificate is not yet valid (_ssl.c:1149)
[1970-01-26 15:38:51,502] [record_and_recognize()][ERROR] 连接失败: [SSL: CERTIFICATE_VERIFY_FAILED] certificate verify failed: certificate is not yet valid (_ssl.c:1149)
[1970-01-26 15:38:52,050] [record_and_recognize()][ERROR] 连接失败: [SSL: CERTIFICATE_VERIFY_FAILED] certificate verify failed: certificate is not yet valid (_ssl.c:1149)
[1970-01-26 15:38:52,544] [record_and_recognize()][ERROR] 连接失败: [SSL: CERTIFICATE_VERIFY_FAILED] certificate verify failed: certificate is not yet valid (_ssl.c:1149)
[1970-01-26 15:38:53,088] [record_and_recognize()][ERROR] 连接失败: [SSL: CERTIFICATE_VERIFY_FAILED] certificate verify failed: certificate is not yet valid (_ssl.c:1149)
[1970-01-26 15:38:53,670] [record_and_recognize()][ERROR] 连接失败: [SSL: CERTIFICATE_VERIFY_FAILED] certificate verify failed: certificate is not yet valid (_ssl.c:1149)
[1970-01-26 15:38:54,286] [record_and_recognize()][ERROR] 连接失败: [SSL: CERTIFICATE_VERIFY_FAILED] certificate verify failed: certificate is not yet valid (_ssl.c:1149)
[1970-01-26 15:38:54,948] [record_and_recognize()][ERROR] 连接失败: [SSL: CERTIFICATE_VERIFY_FAILED] certificate verify failed: certificate is not yet valid (_ssl.c:1149)
[1970-01-26 15:38:55,234] [record_and_recognize()][ERROR] 连接失败: [SSL: CERTIFICATE_VERIFY_FAILED] certificate verify failed: certificate is not yet valid (_ssl.c:1149)
[1970-01-26 15:38:55,775] [record_and_recognize()][ERROR] 连接失败: [SSL: CERTIFICATE_VERIFY_FAILED] certificate verify failed: certificate is not yet valid (_ssl.c:1149)
[1970-01-26 15:38:56,348] [record_and_recognize()][ERROR] 连接失败: [SSL: CERTIFICATE_VERIFY_FAILED] certificate verify failed: certificate is not yet valid (_ssl.c:1149)
[1970-01-26 15:38:56,897] [record_and_recognize()][ERROR] 连接失败: [SSL: CERTIFICATE_VERIFY_FAILED] certificate verify failed: certificate is not yet valid (_ssl.c:1149)
[1970-01-26 15:38:57,342] [record_and_recognize()][ERROR] 连接失败: [SSL: CERTIFICATE_VERIFY_FAILED] certificate verify failed: certificate is not yet valid (_ssl.c:1149)
[1970-01-26 15:38:57,870] [record_and_recognize()][ERROR] 连接失败: [SSL: CERTIFICATE_VERIFY_FAILED] certificate verify failed: certificate is not yet valid (_ssl.c:1149)
[1970-01-26 15:38:58,402] [record_and_recognize()][ERROR] 连接失败: [SSL: CERTIFICATE_VERIFY_FAILED] certificate verify failed: certificate is not yet valid (_ssl.c:1149)
[1970-01-26 15:38:58,939] [record_and_recognize()][ERROR] 连接失败: [SSL: CERTIFICATE_VERIFY_FAILED] certificate verify failed: certificate is not yet valid (_ssl.c:1149)
[1970-01-26 15:38:59,537] [record_and_recognize()][ERROR] 连接失败: [SSL: CERTIFICATE_VERIFY_FAILED] certificate verify failed: certificate is not yet valid (_ssl.c:1149)
[1970-01-26 15:38:59,974] [record_and_recognize()][ERROR] 连接失败: [SSL: CERTIFICATE_VERIFY_FAILED] certificate verify failed: certificate is not yet valid (_ssl.c:1149)
[1970-01-26 15:39:00,429] [record_and_recognize()][ERROR] 连接失败: [SSL: CERTIFICATE_VERIFY_FAILED] certificate verify failed: certificate is not yet valid (_ssl.c:1149)
[1970-01-26 15:39:01,025] [record_and_recognize()][ERROR] 连接失败: [SSL: CERTIFICATE_VERIFY_FAILED] certificate verify failed: certificate is not yet valid (_ssl.c:1149)
[1970-01-26 15:39:01,538] [record_and_recognize()][ERROR] 连接失败: [SSL: CERTIFICATE_VERIFY_FAILED] certificate verify failed: certificate is not yet valid (_ssl.c:1149)
[1970-01-26 15:39:02,002] [record_and_recognize()][ERROR] 连接失败: [SSL: CERTIFICATE_VERIFY_FAILED] certificate verify failed: certificate is not yet valid (_ssl.c:1149)
[1970-01-26 15:39:02,573] [record_and_recognize()][ERROR] 连接失败: [SSL: CERTIFICATE_VERIFY_FAILED] certificate verify failed: certificate is not yet valid (_ssl.c:1149)
[1970-01-26 15:39:03,235] [record_and_recognize()][ERROR] 连接失败: [SSL: CERTIFICATE_VERIFY_FAILED] certificate verify failed: certificate is not yet valid (_ssl.c:1149)
[1970-01-26 15:39:03,606] [record_and_recognize()][ERROR] 连接失败: [SSL: CERTIFICATE_VERIFY_FAILED] certificate verify failed: certificate is not yet valid (_ssl.c:1149)
[1970-01-26 15:39:04,148] [record_and_recognize()][ERROR] 连接失败: [SSL: CERTIFICATE_VERIFY_FAILED] certificate verify failed: certificate is not yet valid (_ssl.c:1149)
[1970-01-26 15:39:04,661] [record_and_recognize()][ERROR] 连接失败: [SSL: CERTIFICATE_VERIFY_FAILED] certificate verify failed: certificate is not yet valid (_ssl.c:1149)
[1970-01-26 15:39:05,174] [record_and_recognize()][ERROR] 连接失败: [SSL: CERTIFICATE_VERIFY_FAILED] certificate verify failed: certificate is not yet valid (_ssl.c:1149)
[1970-01-26 15:39:05,686] [record_and_recognize()][ERROR] 连接失败: [SSL: CERTIFICATE_VERIFY_FAILED] certificate verify failed: certificate is not yet valid (_ssl.c:1149)
[1970-01-26 15:39:06,208] [record_and_recognize()][ERROR] 连接失败: [SSL: CERTIFICATE_VERIFY_FAILED] certificate verify failed: certificate is not yet valid (_ssl.c:1149)
[1970-01-26 15:39:06,779] [record_and_recognize()][ERROR] 连接失败: [SSL: CERTIFICATE_VERIFY_FAILED] certificate verify failed: certificate is not yet valid (_ssl.c:1149)
[1970-01-26 15:39:07,327] [record_and_recognize()][ERROR] 连接失败: [SSL: CERTIFICATE_VERIFY_FAILED] certificate verify failed: certificate is not yet valid (_ssl.c:1149)
[1970-01-26 15:39:07,801] [record_and_recognize()][ERROR] 连接失败: [SSL: CERTIFICATE_VERIFY_FAILED] certificate verify failed: certificate is not yet valid (_ssl.c:1149)
[1970-01-26 15:39:08,297] [record_and_recognize()][ERROR] 连接失败: [SSL: CERTIFICATE_VERIFY_FAILED] certificate verify failed: certificate is not yet valid (_ssl.c:1149)
[1970-01-26 15:39:08,949] [record_and_recognize()][ERROR] 连接失败: [SSL: CERTIFICATE_VERIFY_FAILED] certificate verify failed: certificate is not yet valid (_ssl.c:1149)
[1970-01-26 15:39:09,468] [record_and_recognize()][ERROR] 连接失败: [SSL: CERTIFICATE_VERIFY_FAILED] certificate verify failed: certificate is not yet valid (_ssl.c:1149)
[1970-01-26 15:39:09,901] [record_and_recognize()][ERROR] 连接失败: [SSL: CERTIFICATE_VERIFY_FAILED] certificate verify failed: certificate is not yet valid (_ssl.c:1149)
[1970-01-26 15:39:10,469] [record_and_recognize()][ERROR] 连接失败: [SSL: CERTIFICATE_VERIFY_FAILED] certificate verify failed: certificate is not yet valid (_ssl.c:1149)
[1970-01-26 15:39:10,943] [record_and_recognize()][ERROR] 连接失败: [SSL: CERTIFICATE_VERIFY_FAILED] certificate verify failed: certificate is not yet valid (_ssl.c:1149)
[1970-01-26 15:39:11,756] [record_and_recognize()][ERROR] 连接失败: [SSL: CERTIFICATE_VERIFY_FAILED] certificate verify failed: certificate is not yet valid (_ssl.c:1149)
[1970-01-26 15:39:12,240] [record_and_recognize()][ERROR] 连接失败: [SSL: CERTIFICATE_VERIFY_FAILED] certificate verify failed: certificate is not yet valid (_ssl.c:1149)
[1970-01-26 15:39:12,549] [record_and_recognize()][ERROR] 连接失败: [SSL: CERTIFICATE_VERIFY_FAILED] certificate verify failed: certificate is not yet valid (_ssl.c:1149)
[1970-01-26 15:39:13,140] [record_and_recognize()][ERROR] 连接失败: [SSL: CERTIFICATE_VERIFY_FAILED] certificate verify failed: certificate is not yet valid (_ssl.c:1149)
[1970-01-26 15:39:13,611] [record_and_recognize()][ERROR] 连接失败: [SSL: CERTIFICATE_VERIFY_FAILED] certificate verify failed: certificate is not yet valid (_ssl.c:1149)
[1970-01-26 15:39:15,278] [record_and_recognize()][ERROR] 连接失败: [SSL: CERTIFICATE_VERIFY_FAILED] certificate verify failed: certificate is not yet valid (_ssl.c:1149)
[1970-01-26 15:39:15,645] [record_and_recognize()][ERROR] 连接失败: [SSL: CERTIFICATE_VERIFY_FAILED] certificate verify failed: certificate is not yet valid (_ssl.c:1149)
[1970-01-26 15:39:16,106] [record_and_recognize()][ERROR] 连接失败: [SSL: CERTIFICATE_VERIFY_FAILED] certificate verify failed: certificate is not yet valid (_ssl.c:1149)
[1970-01-26 15:39:16,561] [record_and_recognize()][ERROR] 连接失败: [SSL: CERTIFICATE_VERIFY_FAILED] certificate verify failed: certificate is not yet valid (_ssl.c:1149)
[1970-01-26 15:39:17,103] [record_and_recognize()][ERROR] 连接失败: [SSL: CERTIFICATE_VERIFY_FAILED] certificate verify failed: certificate is not yet valid (_ssl.c:1149)
[1970-01-26 15:39:17,603] [record_and_recognize()][ERROR] 连接失败: [SSL: CERTIFICATE_VERIFY_FAILED] certificate verify failed: certificate is not yet valid (_ssl.c:1149)
[1970-01-26 15:39:18,072] [record_and_recognize()][ERROR] 连接失败: [SSL: CERTIFICATE_VERIFY_FAILED] certificate verify failed: certificate is not yet valid (_ssl.c:1149)
[1970-01-26 15:39:18,623] [record_and_recognize()][ERROR] 连接失败: [SSL: CERTIFICATE_VERIFY_FAILED] certificate verify failed: certificate is not yet valid (_ssl.c:1149)
[1970-01-26 15:39:19,315] [record_and_recognize()][ERROR] 连接失败: [SSL: CERTIFICATE_VERIFY_FAILED] certificate verify failed: certificate is not yet valid (_ssl.c:1149)
[1970-01-26 15:39:19,684] [record_and_recognize()][ERROR] 连接失败: [SSL: CERTIFICATE_VERIFY_FAILED] certificate verify failed: certificate is not yet valid (_ssl.c:1149)
[1970-01-26 15:39:20,354] [record_and_recognize()][ERROR] 连接失败: [SSL: CERTIFICATE_VERIFY_FAILED] certificate verify failed: certificate is not yet valid (_ssl.c:1149)
[1970-01-26 15:39:20,690] [record_and_recognize()][ERROR] 连接失败: [SSL: CERTIFICATE_VERIFY_FAILED] certificate verify failed: certificate is not yet valid (_ssl.c:1149)
[1970-01-26 15:39:21,223] [record_and_recognize()][ERROR] 连接失败: [SSL: CERTIFICATE_VERIFY_FAILED] certificate verify failed: certificate is not yet valid (_ssl.c:1149)
[1970-01-26 15:39:21,752] [record_and_recognize()][ERROR] 连接失败: [SSL: CERTIFICATE_VERIFY_FAILED] certificate verify failed: certificate is not yet valid (_ssl.c:1149)
[1970-01-26 15:39:22,288] [record_and_recognize()][ERROR] 连接失败: [SSL: CERTIFICATE_VERIFY_FAILED] certificate verify failed: certificate is not yet valid (_ssl.c:1149)
[1970-01-26 15:39:22,863] [record_and_recognize()][ERROR] 连接失败: [SSL: CERTIFICATE_VERIFY_FAILED] certificate verify failed: certificate is not yet valid (_ssl.c:1149)
[1970-01-26 15:39:23,439] [record_and_recognize()][ERROR] 连接失败: [SSL: CERTIFICATE_VERIFY_FAILED] certificate verify failed: certificate is not yet valid (_ssl.c:1149)
[1970-01-26 15:39:23,953] [record_and_recognize()][ERROR] 连接失败: [SSL: CERTIFICATE_VERIFY_FAILED] certificate verify failed: certificate is not yet valid (_ssl.c:1149)
[1970-01-26 15:39:24,391] [record_and_recognize()][ERROR] 连接失败: [SSL: CERTIFICATE_VERIFY_FAILED] certificate verify failed: certificate is not yet valid (_ssl.c:1149)
[1970-01-26 15:39:24,975] [record_and_recognize()][ERROR] 连接失败: [SSL: CERTIFICATE_VERIFY_FAILED] certificate verify failed: certificate is not yet valid (_ssl.c:1149)
[1970-01-26 15:39:25,520] [record_and_recognize()][ERROR] 连接失败: [SSL: CERTIFICATE_VERIFY_FAILED] certificate verify failed: certificate is not yet valid (_ssl.c:1149)
[1970-01-26 15:39:26,031] [record_and_recognize()][ERROR] 连接失败: [SSL: CERTIFICATE_VERIFY_FAILED] certificate verify failed: certificate is not yet valid (_ssl.c:1149)
[1970-01-26 15:39:26,589] [record_and_recognize()][ERROR] 连接失败: [SSL: CERTIFICATE_VERIFY_FAILED] certificate verify failed: certificate is not yet valid (_ssl.c:1149)
[1970-01-26 15:39:27,036] [record_and_recognize()][ERROR] 连接失败: [SSL: CERTIFICATE_VERIFY_FAILED] certificate verify failed: certificate is not yet valid (_ssl.c:1149)
[1970-01-26 15:39:27,622] [record_and_recognize()][ERROR] 连接失败: [SSL: CERTIFICATE_VERIFY_FAILED] certificate verify failed: certificate is not yet valid (_ssl.c:1149)
[1970-01-26 15:39:28,185] [record_and_recognize()][ERROR] 连接失败: [SSL: CERTIFICATE_VERIFY_FAILED] certificate verify failed: certificate is not yet valid (_ssl.c:1149)
[1970-01-26 15:39:28,644] [record_and_recognize()][ERROR] 连接失败: [SSL: CERTIFICATE_VERIFY_FAILED] certificate verify failed: certificate is not yet valid (_ssl.c:1149)
[1970-01-26 15:39:29,176] [record_and_recognize()][ERROR] 连接失败: [SSL: CERTIFICATE_VERIFY_FAILED] certificate verify failed: cer[1970-01-26 15:44:58,432] [record_and_recognize()][ERROR] 连接失败: [SSL: CERTIFICATE_VERIFY_FAILED] certificate verify failed: certificate is not yet valid (_ssl.c:1149)
[1970-01-26 15:44:59,092] [record_and_recognize()][ERROR] 连接失败: [SSL: CERTIFICATE_VERIFY_FAILED] certificate verify failed: certificate is not yet valid (_ssl.c:1149)
[1970-01-26 15:44:59,662] [record_and_recognize()][ERROR] 连接失败: [SSL: CERTIFICATE_VERIFY_FAILED] certificate verify failed: certificate is not yet valid (_ssl.c:1149)
[1970-01-26 15:45:00,037] [record_and_recognize()][ERROR] 连接失败: [SSL: CERTIFICATE_VERIFY_FAILED] certificate verify failed: certificate is not yet valid (_ssl.c:1149)
[1970-01-26 15:45:00,618] [record_and_recognize()][ERROR] 连接失败: [SSL: CERTIFICATE_VERIFY_FAILED] certificate verify failed: certificate is not yet valid (_ssl.c:1149)
[1970-01-26 15:45:00,982] [record_and_recognize()][ERROR] 连接失败: [SSL: CERTIFICATE_VERIFY_FAILED] certificate verify failed: certificate is not yet valid (_ssl.c:1149)
[1970-01-26 15:45:01,541] [record_and_recognize()][ERROR] 连接失败: [SSL: CERTIFICATE_VERIFY_FAILED] certificate verify failed: certificate is not yet valid (_ssl.c:1149)
[1970-01-26 15:45:02,094] [record_and_recognize()][ERROR] 连接失败: [SSL: CERTIFICATE_VERIFY_FAILED] certificate verify failed: certificate is not yet valid (_ssl.c:1149)
[1970-01-26 15:45:02,654] [record_and_recognize()][ERROR] 连接失败: [SSL: CERTIFICATE_VERIFY_FAILED] certificate verify failed: certificate is not yet valid (_ssl.c:1149)
[1970-01-26 15:45:03,107] [record_and_recognize()][ERROR] 连接失败: [SSL: CERTIFICATE_VERIFY_FAILED] certificate verify failed: certificate is not yet valid (_ssl.c:1149)
[1970-01-26 15:45:03,626] [record_and_recognize()][ERROR] 连接失败: [SSL: CERTIFICATE_VERIFY_FAILED] certificate verify failed: certificate is not yet valid (_ssl.c:1149)
[1970-01-26 15:45:04,167] [record_and_recognize()][ERROR] 连接失败: [SSL: CERTIFICATE_VERIFY_FAILED] certificate verify failed: certificate is not yet valid (_ssl.c:1149)
[1970-01-26 15:45:04,668] [record_and_recognize()][ERROR] 连接失败: [SSL: CERTIFICATE_VERIFY_FAILED] certificate verify failed: certificate is not yet valid (_ssl.c:1149)
[1970-01-26 15:45:05,136] [record_and_recognize()][ERROR] 连接失败: [SSL: CERTIFICATE_VERIFY_FAILED] certificate verify failed: certificate is not yet valid (_ssl.c:1149)
[1970-01-26 15:45:05,671] [record_and_recognize()][ERROR] 连接失败: [SSL: CERTIFICATE_VERIFY_FAILED] certificate verify failed: certificate is not yet valid (_ssl.c:1149)
[1970-01-26 15:45:06,194] [record_and_recognize()][ERROR] 连接失败: [SSL: CERTIFICATE_VERIFY_FAILED] certificate verify failed: certificate is not yet valid (_ssl.c:1149)
[1970-01-26 15:45:06,793] [record_and_recognize()][ERROR] 连接失败: [SSL: CERTIFICATE_VERIFY_FAILED] certificate verify failed: certificate is not yet valid (_ssl.c:1149)
[1970-01-26 15:45:07,363] [record_and_recognize()][ERROR] 连接失败: [SSL: CERTIFICATE_VERIFY_FAILED] certificate verify failed: certificate is not yet valid (_ssl.c:1149)
[1970-01-26 15:45:07,848] [record_and_recognize()][ERROR] 连接失败: [SSL: CERTIFICATE_VERIFY_FAILED] certificate verify failed: certificate is not yet valid (_ssl.c:1149)
[1970-01-26 15:45:08,300] [record_and_recognize()][ERROR] 连接失败: [SSL: CERTIFICATE_VERIFY_FAILED] certificate verify failed: certificate is not yet valid (_ssl.c:1149)
[1970-01-26 15:45:08,845] [record_and_recognize()][ERROR] 连接失败: [SSL: CERTIFICATE_VERIFY_FAILED] certificate verify failed: certificate is not yet valid (_ssl.c:1149)
[1970-01-26 15:45:09,372] [record_and_recognize()][ERROR] 连接失败: [SSL: CERTIFICATE_VERIFY_FAILED] certificate verify failed: certificate is not yet valid (_ssl.c:1149)
[1970-01-26 15:45:09,924] [record_and_recognize()][ERROR] 连接失败: [SSL: CERTIFICATE_VERIFY_FAILED] certificate verify failed: certificate is not yet valid (_ssl.c:1149)
[1970-01-26 15:45:10,498] [record_and_recognize()][ERROR] 连接失败: [SSL: CERTIFICATE_VERIFY_FAILED] certificate verify failed: certificate is not yet valid (_ssl.c:1149)
[1970-01-26 15:45:10,960] [record_and_recognize()][ERROR] 连接失败: [SSL: CERTIFICATE_VERIFY_FAILED] certificate verify failed: certificate is not yet valid (_ssl.c:1149)
[1970-01-26 15:45:11,435] [record_and_recognize()][ERROR] 连接失败: [SSL: CERTIFICATE_VERIFY_FAILED] certificate verify failed: certificate is not yet valid (_ssl.c:1149)
[1970-01-26 15:45:12,002] [record_and_recognize()][ERROR] 连接失败: [SSL: CERTIFICATE_VERIFY_FAILED] certificate verify failed: certificate is not yet valid (_ssl.c:1149)
[1970-01-26 15:45:12,498] [record_and_recognize()][ERROR] 连接失败: [SSL: CERTIFICATE_VERIFY_FAILED] certificate verify failed: certificate is not yet valid (_ssl.c:1149)
[1970-01-26 15:45:13,082] [record_and_recognize()][ERROR] 连接失败: [SSL: CERTIFICATE_VERIFY_FAILED] certificate verify failed: certificate is not yet valid (_ssl.c:1149)
[1970-01-26 15:45:13,626] [record_and_recognize()][ERROR] 连接失败: [SSL: CERTIFICATE_VERIFY_FAILED] certificate verify failed: certificate is not yet valid (_ssl.c:1149)
[1970-01-26 15:45:14,240] [record_and_recognize()][ERROR] 连接失败: [SSL: CERTIFICATE_VERIFY_FAILED] certificate verify failed: certificate is not yet valid (_ssl.c:1149)
[1970-01-26 15:45:14,593] [record_and_recognize()][ERROR] 连接失败: [SSL: CERTIFICATE_VERIFY_FAILED] certificate verify failed: certificate is not yet valid (_ssl.c:1149)
[1970-01-26 15:45:15,275] [record_and_recognize()][ERROR] 连接失败: [SSL: CERTIFICATE_VERIFY_FAILED] certificate verify failed: certificate is not yet valid (_ssl.c:1149)
[1970-01-26 15:45:15,846] [record_and_recognize()][ERROR] 连接失败: [SSL: CERTIFICATE_VERIFY_FAILED] certificate verify failed: certificate is not yet valid (_ssl.c:1149)
[1970-01-26 15:45:16,335] [record_and_recognize()][ERROR] 连接失败: [SSL: CERTIFICATE_VERIFY_FAILED] certificate verify failed: certificate is not yet valid (_ssl.c:1149)
[1970-01-26 15:45:16,900] [record_and_recognize()][ERROR] 连接失败: [SSL: CERTIFICATE_VERIFY_FAILED] certificate verify failed: certificate is not yet valid (_ssl.c:1149)
[1970-01-26 15:45:17,447] [record_and_recognize()][ERROR] 连接失败: [SSL: CERTIFICATE_VERIFY_FAILED] certificate verify failed: certificate is not yet valid (_ssl.c:1149)
[1970-01-26 15:45:18,008] [record_and_recognize()][ERROR] 连接失败: [SSL: CERTIFICATE_VERIFY_FAILED] certificate verify failed: certificate is not yet valid (_ssl.c:1149)
[1970-01-26 15:45:18,395] [record_and_recognize()][ERROR] 连接失败: [SSL: CERTIFICATE_VERIFY_FAILED] certificate verify failed: certificate is not yet valid (_ssl.c:1149)
[1970-01-26 15:45:18,847] [record_and_recognize()][ERROR] 连接失败: [SSL: CERTIFICATE_VERIFY_FAILED] certificate verify failed: certificate is not yet valid (_ssl.c:1149)
[1970-01-26 15:45:19,502] [record_and_recognize()][ERROR] 连接失败: [SSL: CERTIFICATE_VERIFY_FAILED] certificate verify failed: certificate is not yet valid (_ssl.c:1149)
[1970-01-26 15:45:19,804] [record_and_recognize()][ERROR] 连接失败: [SSL: CERTIFICATE_VERIFY_FAILED] certificate verify failed: certificate is not yet valid (_ssl.c:1149)
[1970-01-26 15:45:20,316] [record_and_recognize()][ERROR] 连接失败: [SSL: CERTIFICATE_VERIFY_FAILED] certificate verify failed: certificate is not yet valid (_ssl.c:1149)
[1970-01-26 15:45:20,933] [record_and_recognize()][ERROR] 连接失败: [SSL: CERTIFICATE_VERIFY_FAILED] certificate verify failed: certificate is not yet valid (_ssl.c:1149)
[1970-01-26 15:45:21,356] [record_and_recognize()][ERROR] 连接失败: [SSL: CERTIFICATE_VERIFY_FAILED] certificate verify failed: certificate is not yet valid (_ssl.c:1149)
[1970-01-26 15:45:21,932] [record_and_recognize()][ERROR] 连接失败: [SSL: CERTIFICATE_VERIFY_FAILED] certificate verify failed: certificate is not yet valid (_ssl.c:1149)
[1970-01-26 15:45:22,384] [record_and_recognize()][ERROR] 连接失败: [SSL: CERTIFICATE_VERIFY_FAILED] certificate verify failed: certificate is not yet valid (_ssl.c:1149)
[1970-01-26 15:45:22,926] [record_and_recognize()][ERROR] 连接失败: [SSL: CERTIFICATE_VERIFY_FAILED] certificate verify failed: certificate is not yet valid (_ssl.c:1149)
[1970-01-26 15:45:23,436] [record_and_recognize()][ERROR] 连接失败: [SSL: CERTIFICATE_VERIFY_FAILED] certificate verify failed: certificate is not yet valid (_ssl.c:1149)
[1970-01-26 15:45:23,978] [record_and_recognize()][ERROR] 连接失败: [SSL: CERTIFICATE_VERIFY_FAILED] certificate verify failed: certificate is not yet valid (_ssl.c:1149)
[1970-01-26 15:45:24,465] [record_and_recognize()][ERROR] 连接失败: [SSL: CERTIFICATE_VERIFY_FAILED] certificate verify failed: certificate is not yet valid (_ssl.c:1149)
[1970-01-26 15:45:25,043] [record_and_recognize()][ERROR] 连接失败: [SSL: CERTIFICATE_VERIFY_FAILED] certificate verify failed: certificate is not yet valid (_ssl.c:1149)
[1970-01-26 15:45:25,584] [record_and_recognize()][ERROR] 连接失败: [SSL: CERTIFICATE_VERIFY_FAILED] certificate verify failed: certificate is not yet valid (_ssl.c:1149)
[1970-01-26 15:45:26,115] [record_and_recognize()][ERROR] 连接失败: [SSL: CERTIFICATE_VERIFY_FAILED] certificate verify failed: certificate is not yet valid (_ssl.c:1149)
[1970-01-26 15:45:26,628] [record_and_recognize()][ERROR] 连接失败: [SSL: CERTIFICATE_VERIFY_FAILED] certificate verify failed: certificate is not yet valid (_ssl.c:1149)
[1970-01-26 15:45:27,176] [record_and_recognize()][ERROR] 连接失败: [SSL: CERTIFICATE_VERIFY_FAILED] certificate verify failed: certificate is not yet valid (_ssl.c:1149)
[1970-01-26 15:45:27,686] [record_and_recognize()][ERROR] 连接失败: [SSL: CERTIFICATE_VERIFY_FAILED] certificate verify failed: certificate is not yet valid (_ssl.c:1149)
[1970-01-26 15:45:28,250] [record_and_recognize()][ERROR] 连接失败: [SSL: CERTIFICATE_VERIFY_FAILED] certificate verify failed: certificate is not yet valid (_ssl.c:1149)
[1970-01-26 15:45:33,439] [record_and_recognize()][ERROR] 连接失败: [SSL: CERTIFICATE_VERIFY_FAILED] certificate verify failed: certificate is not yet valid (_ssl.c:1149)
[1970-01-26 15:45:33,758] [record_and_recognize()][ERROR] 连接失败: [SSL: CERTIFICATE_VERIFY_FAILED] certificate verify failed: certificate is not yet valid (_ssl.c:1149)
[1970-01-26 15:45:34,326] [record_and_recognize()][ERROR] 连接失败: [SSL: CERTIFICATE_VERIFY_FAILED] certificate verify failed: certificate is not yet valid (_ssl.c:1149)
[1970-01-26 15:45:34,854] [record_and_recognize()][ERROR] 连接失败: [SSL: CERTIFICATE_VERIFY_FAILED] certificate verify failed: certificate is not yet valid (_ssl.c:1149)
[1970-01-26 15:45:35,323] [record_and_recognize()][ERROR] 连接失败: [SSL: CERTIFICATE_VERIFY_FAILED] certificate verify failed: certificate is not yet valid (_ssl.c:1149)
[1970-01-26 15:45:35,784] [record_and_recognize()][ERROR] 连接失败: [SSL: CERTIFICATE_VERIFY_FAILED] certificate verify failed: certificate is not yet valid (_ssl.c:1149)
[1970-01-26 15:45:37,444] [record_and_recognize()][ERROR] 连接失败: [SSL: CERTIFICATE_VERIFY_FAILED] certificate verify failed: certificate is not yet valid (_ssl.c:1149)
[1970-01-26 15:45:37,679] [record_and_recognize()][ERROR] 连接失败: [SSL: CERTIFICATE_VERIFY_FAILED] certificate verify failed: certificate is not yet valid (_ssl.c:1149)
[1970-01-26 15:45:38,316] [record_and_recognize()][ERROR] 连接失败: [SSL: CERTIFICATE_VERIFY_FAILED] certificate verify failed: certificate is not yet valid (_ssl.c:1149)
[1970-01-26 15:45:38,796] [record_and_recognize()][ERROR] 连接失败: [SSL: CERTIFICATE_VERIFY_FAILED] certificate verify failed: certificate is not yet valid (_ssl.c:1149)
[1970-01-26 15:45:39,462] [record_and_recognize()][ERROR] 连接失败: [SSL: CERTIFICATE_VERIFY_FAILED] certificate verify failed: certificate is not yet valid (_ssl.c:1149)
[1970-01-26 15:45:39,837] [record_and_recognize()][ERROR] 连接失败: [SSL: CERTIFICATE_VERIFY_FAILED] certificate verify failed: certificate is not yet valid (_ssl.c:1149)
[1970-01-26 15:45:40,400] [record_and_recognize()][ERROR] 连接失败: [SSL: CERTIFICATE_VERIFY_FAILED] certificate verify failed: certificate is not yet valid (_ssl.c:1149)
[1970-01-26 15:45:40,898] [record_and_recognize()][ERROR] 连接失败: [SSL: CERTIFICATE_VERIFY_FAILED] certificate verify failed: certificate is not yet valid (_ssl.c:1149)
[1970-01-26 15:45:41,530] [record_and_recognize()][ERROR] 连接失败: [SSL: CERTIFICATE_VERIFY_FAILED] certificate verify failed: certificate is not yet valid (_ssl.c:1149)
[1970-01-26 15:45:42,028] [record_and_recognize()][ERROR] 连接失败: [SSL: CERTIFICATE_VERIFY_FAILED] certificate verify failed: certificate is not yet valid (_ssl.c:1149)
[1970-01-26 15:45:42,569] [record_and_recognize()][ERROR] 连接失败: [SSL: CERTIFICATE_VERIFY_FAILED] certificate verify failed: certificate is not yet valid (_ssl.c:1149)
[1970-01-26 15:45:42,979] [record_and_recognize()][ERROR] 连接失败: [SSL: CERTIFICATE_VERIFY_FAILED] certificate verify failed: certificate is not yet valid (_ssl.c:1149)
[1970-01-26 15:45:43,540] [record_and_recognize()][ERROR] 连接失败: [SSL: CERTIFICATE_VERIFY_FAILED] certificate verify failed: certificate is not yet valid (_ssl.c:1149)
[1970-01-26 15:45:44,253] [record_and_recognize()][ERROR] 连接失败: [SSL: CERTIFICATE_VERIFY_FAILED] certificate verify failed: certificate is not yet valid (_ssl.c:1149)
[1970-01-26 15:45:44,619] [record_and_recognize()][ERROR] 连接失败: [SSL: CERTIFICATE_VERIFY_FAILED] certificate verify failed: certificate is not yet valid (_ssl.c:1149)
[1970-01-26 15:45:45,219] [record_and_recognize()][ERROR] 连接失败: [SSL: CERTIFICATE_VERIFY_FAILED] certificate verify failed: certificate is not yet valid (_ssl.c:1149)
[1970-01-26 15:45:45,717] [record_and_recognize()][ERROR] 连接失败: [SSL: CERTIFICATE_VERIFY_FAILED] certificate verify failed: certificate is not yet valid (_ssl.c:1149)
[1970-01-26 15:45:46,228] [record_and_recognize()][ERROR] 连接失败: [SSL: CERTIFICATE_VERIFY_FAILED] certificate verify failed: certificate is not yet valid (_ssl.c:1149)
[1970-01-26 15:45:46,714] [record_and_recognize()][ERROR] 连接失败: [SSL: CERTIFICATE_VERIFY_FAILED] certificate verify failed: certificate is not yet valid (_ssl.c:1149)
[1970-01-26 15:45:47,207] [record_and_recognize()][ERROR] 连接失败: [SSL: CERTIFICATE_VERIFY_FAILED] certificate verify failed: certificate is not yet valid (_ssl.c:1149)
[1970-01-26 15:45:47,796] [record_and_recognize()][ERROR] 连接失败: [SSL: CERTIFICATE_VERIFY_FAILED] certificate verify failed: certificate is not yet valid (_ssl.c:1149)
[1970-01-26 15:45:48,322] [record_and_recognize()][ERROR] 连接失败: [SSL: CERTIFICATE_VERIFY_FAILED] certificate verify failed: certificate is not yet valid (_ssl.c:1149)
[1970-01-26 15:45:49,028] [record_and_recognize()][ERROR] 连接失败: [SSL: CERTIFICATE_VERIFY_FAILED] certificate verify failed: certificate is not yet valid (_ssl.c:1149)
[1970-01-26 15:45:49,262] [record_and_recognize()][ERROR] 连接失败: [SSL: CERTIFICATE_VERIFY_FAILED] certificate verify failed: certificate is not yet valid (_ssl.c:1149)
[1970-01-26 15:45:49,967] [record_and_recognize()][ERROR] 连接失败: [SSL: CERTIFICATE_VERIFY_FAILED] certificate verify failed: certificate is not yet valid (_ssl.c:1149)
[1970-01-26 15:45:50,444] [record_and_recognize()][ERROR] 连接失败: [SSL: CERTIFICATE_VERIFY_FAILED] certificate verify failed: certificate is not yet valid (_ssl.c:1149)
[1970-01-26 15:45:50,957] [record_and_recognize()][ERROR] 连接失败: [SSL: CERTIFICATE_VERIFY_FAILED] certificate verify failed: certificate is not yet valid (_ssl.c:1149)
[1970-01-26 15:45:51,397] [record_and_recognize()][ERROR] 连接失败: [SSL: CERTIFICATE_VERIFY_FAILED] certificate verify failed: certificate is not yet valid (_ssl.c:1149)
[1970-01-26 15:45:52,166] [record_and_recognize()][ERROR] 连接失败: [SSL: CERTIFICATE_VERIFY_FAILED] certificate verify failed: certificate is not yet valid (_ssl.c:1149)
[1970-01-26 15:45:52,587] [record_and_recognize()][ERROR] 连接失败: [SSL: CERTIFICATE_VERIFY_FAILED] certificate verify failed: certificate is not yet valid (_ssl.c:1149)
[1970-01-26 15:45:53,035] [record_and_recognize()][ERROR] 连接失败: [SSL: CERTIFICATE_VERIFY_FAILED] certificate verify failed: certificate is not yet valid (_ssl.c:1149)
[1970-01-26 15:45:53,533] [record_and_recognize()][ERROR] 连接失败: [SSL: CERTIFICATE_VERIFY_FAILED] certificate verify failed: certificate is not yet valid (_ssl.c:1149)
[1970-01-26 15:45:54,074] [record_and_recognize()][ERROR] 连接失败: [SSL: CERTIFICATE_VERIFY_FAILED] certificate verify failed: certificate is not yet valid (_ssl.c:1149)
[1970-01-26 15:45:54,686] [record_and_recognize()][ERROR] 连接失败: [SSL: CERTIFICATE_VERIFY_FAILED] certificate verify failed: certificate is not yet valid (_ssl.c:1149)
[1970-01-26 15:45:55,178] [record_and_recognize()][ERROR] 连接失败: [SSL: CERTIFICATE_VERIFY_FAILED] certificate verify failed: certificate is not yet valid (_ssl.c:1149)
[1970-01-26 15:45:55,669] [record_and_recognize()][ERROR] 连接失败: [SSL: CERTIFICATE_VERIFY_FAILED] certificate verify failed: certificate is not yet valid (_ssl.c:1149)
[1970-01-26 15:45:56,236] [record_and_recognize()][ERROR] 连接失败: [SSL: CERTIFICATE_VERIFY_FAILED] certificate verify failed: certificate is not yet valid (_ssl.c:1149)
[1970-01-26 15:45:56,670] [record_and_recognize()][ERROR] 连接失败: [SSL: CERTIFICATE_VERIFY_FAILED] certificate verify failed: certificate is not yet valid (_ssl.c:1149)
[1970-01-26 15:45:57,287] [record_and_recognize()][ERROR] 连接失败: [SSL: CERTIFICATE_VERIFY_FAILED] certificate verify failed: certificate is not yet valid (_ssl.c:1149)
[1970-01-26 15:45:58,020] [record_and_recognize()][ERROR] 连接失败: [SSL: CERTIFICATE_VERIFY_FAILED] certificate verify failed: certificate is not yet valid (_ssl.c:1149)
[1970-01-26 15:45:58,438] [record_and_recognize()][ERROR] 连接失败: [SSL: CERTIFICATE_VERIFY_FAILED] certificate verify failed: certificate is not yet valid (_ssl.c:1149)
[1970-01-26 15:45:58,820] [record_and_recognize()][ERROR] 连接失败: [SSL: CERTIFICATE_VERIFY_FAILED] certificate verify failed: certificate is not yet valid (_ssl.c:1149)
[1970-01-26 15:45:59,454] [record_and_recognize()][ERROR] 连接失败: [SSL: CERTIFICATE_VERIFY_FAILED] certificate verify failed: certificate is not yet valid (_ssl.c:1149)
[1970-01-26 15:45:59,893] [record_and_recognize()][ERROR] 连接失败: [SSL: CERTIFICATE_VERIFY_FAILED] certificate verify failed: certificate is not yet valid (_ssl.c:1149)
[1970-01-26 15:46:00,557] [record_and_recognize()][ERROR] 连接失败: [SSL: CERTIFICATE_VERIFY_FAILED] certificate verify failed: certificate is not yet valid (_ssl.c:1149)
[1970-01-26 15:46:00,915] [record_and_recognize()][ERROR] 连接失败: [SSL: CERTIFICATE_VERIFY_FAILED] certificate verify failed: certificate is not yet valid (_ssl.c:1149)
[1970-01-26 15:46:01,376] [record_and_recognize()][ERROR] 连接失败: [SSL: CERTIFICATE_VERIFY_FAILED] certificate verify failed: certificate is not yet valid (_ssl.c:1149)
[1970-01-26 15:46:01,927] [record_and_recognize()][ERROR] 连接失败: [SSL: CERTIFICATE_VERIFY_FAILED] certificate verify failed: certificate is not yet valid (_ssl.c:1149)
[1970-01-26 15:46:02,427] [record_and_recognize()][ERROR] 连接失败: [SSL: CERTIFICATE_VERIFY_FAILED] certificate verify failed: certificate is not yet valid (_ssl.c:1149)
[1970-01-26 15:46:02,957] [record_and_recognize()][ERROR] 连接失败: [SSL: CERTIFICATE_VERIFY_FAILED] certificate verify failed: certificate is not yet valid (_ssl.c:1149)
[1970-01-26 15:46:03,735] [record_and_recognize()][ERROR] 连接失败: [SSL: CERTIFICATE_VERIFY_FAILED] certificate verify failed: certificate is not yet valid (_ssl.c:1149)
[1970-01-26 15:46:04,095] [record_and_recognize()][ERROR] 连接失败: [SSL: CERTIFICATE_VERIFY_FAILED] certificate verify failed: certificate is not yet valid (_ssl.c:1149)
[1970-01-26 15:46:04,654] [record_and_recognize()][ERROR] 连接失败: [SSL: CERTIFICATE_VERIFY_FAILED] certificate verify failed: certificate is not yet valid (_ssl.c:1149)
[1970-01-26 15:46:05,077] [record_and_recognize()][ERROR] 连接失败: [SSL: CERTIFICATE_VERIFY_FAILED] certificate verify failed: certificate is not yet valid (_ssl.c:1149)
[1970-01-26 15:46:05,599] [record_and_recognize()][ERROR] 连接失败: [SSL: CERTIFICATE_VERIFY_FAILED] certificate verify failed: certificate is not yet valid (_ssl.c:1149)
[1970-01-26 15:46:06,475] [record_and_recognize()][ERROR] 连接失败: [SSL: CERTIFICATE_VERIFY_FAILED] certificate verify failed: certificate is not yet valid (_ssl.c:1149)
[1970-01-26 15:46:06,717] [record_and_recognize()][ERROR] 连接失败: [SSL: CERTIFICATE_VERIFY_FAILED] certificate verify failed: certificate is not yet valid (_ssl.c:1149)
[1970-01-26 15:46:07,339] [record_and_recognize()][ERROR] 连接失败: [SSL: CERTIFICATE_VERIFY_FAILED] certificate verify failed: certificate is not yet valid (_ssl.c:1149)
[1970-01-26 15:46:07,759] [record_and_recognize()][ERROR] 连接失败: [SSL: CERTIFICATE_VERIFY_FAILED] certificate verify failed: certificate is not yet valid (_ssl.c:1149)
[1970-01-26 15:46:08,394] [record_and_recognize()][ERROR] 连接失败: [SSL: CERTIFICATE_VERIFY_FAILED] certificate verify failed: certificate is not yet valid (_ssl.c:1149)
[1970-01-26 15:46:08,887] [record_and_recognize()][ERROR] 连接失败: [SSL: CERTIFICATE_VERIFY_FAILED] certificate verify failed: certificate is not yet valid (_ssl.c:1149)
[1970-01-26 15:46:09,433] [record_and_recognize()][ERROR] 连接失败: [SSL: CERTIFICATE_VERIFY_FAILED] certificate verify failed: certificate is not yet valid (_ssl.c:1149)
[1970-01-26 15:46:09,926] [record_and_recognize()][ERROR] 连接失败: [SSL: CERTIFICATE_VERIFY_FAILED] certificate verify failed: certificate is not yet valid (_ssl.c:1149)
[1970-01-26 15:46:10,523] [record_and_recognize()][ERROR] 连接失败: [SSL: CERTIFICATE_VERIFY_FAILED] certificate verify failed: certificate is not yet valid (_ssl.c:1149)
[1970-01-26 15:46:11,145] [record_and_recognize()][ERROR] 连接失败: [SSL: CERTIFICATE_VERIFY_FAILED] certificate verify failed: certificate is not yet valid (_ssl.c:1149)
[1970-01-26 15:46:11,696] [record_and_recognize()][ERROR] 连接失败: [SSL: CERTIFICATE_VERIFY_FAILED] certificate verify failed: certificate is not yet valid (_ssl.c:1149)
[1970-01-26 15:46:12,063] [record_and_recognize()][ERROR] 连接失败: [SSL: CERTIFICATE_VERIFY_FAILED] certificate verify failed: certificate is not yet valid (_ssl.c:1149)
[1970-01-26 15:46:12,585] [record_and_recognize()][ERROR] 连接失败: [SSL: CERTIFICATE_VERIFY_FAILED] certificate verify failed: certificate is not yet valid (_ssl.c:1149)
[1970-01-26 15:46:13,120] [record_and_recognize()][ERROR] 连接失败: [SSL: CERTIFICATE_VERIFY_FAILED] certificate verify failed: certificate is not yet valid (_ssl.c:1149)
[1970-01-26 15:46:13,614] [record_and_recognize()][ERROR] 连接失败: [SSL: CERTIFICATE_VERIFY_FAILED] certificate verify failed: certificate is not yet valid (_ssl.c:1149)
[1970-01-26 15:46:14,256] [record_and_recognize()][ERROR] 连接失败: [SSL: CERTIFICATE_VERIFY_FAILED] certificate verify failed: certificate is not yet valid (_ssl.c:1149)
[1970-01-26 15:46:14,713] [record_and_recognize()][ERROR] 连接失败: [SSL: CERTIFICATE_VERIFY_FAILED] certificate verify failed: certificate is not yet valid (_ssl.c:1149)
[1970-01-26 15:46:15,303] [record_and_recognize()][ERROR] 连接失败: [SSL: CERTIFICATE_VERIFY_FAILED] certificate verify failed: certificate is not yet valid (_ssl.c:1149)
[1970-01-26 15:46:15,714] [record_and_recognize()][ERROR] 连接失败: [SSL: CERTIFICATE_VERIFY_FAILED] certificate verify failed: certificate is not yet valid (_ssl.c:1149)
[1970-01-26 15:46:16,352] [record_and_recognize()][ERROR] 连接失败: [SSL: CERTIFICATE_VERIFY_FAILED] certificate verify failed: certificate is not yet valid (_ssl.c:1149)
[1970-01-26 15:46:16,781] [record_and_recognize()][ERROR] 连接失败: [SSL: CERTIFICATE_VERIFY_FAILED] certificate verify failed: certificate is not yet valid (_ssl.c:1149)
[1970-01-26 15:46:17,353] [record_and_recognize()][ERROR] 连接失败: [SSL: CERTIFICATE_VERIFY_FAILED] certificate verify failed: certificate is not yet valid (_ssl.c:1149)
[1970-01-26 15:46:17,844] [record_and_recognize()][ERROR] 连接失败: [SSL: CERTIFICATE_VERIFY_FAILED] certificate verify failed: certificate is not yet valid (_ssl.c:1149)
[1970-01-26 15:46:18,357] [record_and_recognize()][ERROR] 连接失败: [SSL: CERTIFICATE_VERIFY_FAILED] certificate verify failed: certificate is not yet valid (_ssl.c:1149)
[1970-01-26 15:46:18,988] [record_and_recognize()][ERROR] 连接失败: [SSL: CERTIFICATE_VERIFY_FAILED] certificate verify failed: certificate is not yet valid (_ssl.c:1149)
[1970-01-26 15:46:19,494] [record_and_recognize()][ERROR] 连接失败: [SSL: CERTIFICATE_VERIFY_FAILED] certificate verify failed: certificate is not yet valid (_ssl.c:1149)
[1970-01-26 15:46:19,980] [record_and_recognize()][ERROR] 连接失败: [SSL: CERTIFICATE_VERIFY_FAILED] certificate verify failed: certificate is not yet valid (_ssl.c:1149)
[1970-01-26 15:46:20,460] [record_and_recognize()][ERROR] 连接失败: [SSL: CERTIFICATE_VERIFY_FAILED] certificate verify failed: certificate is not yet valid (_ssl.c:1149)
[1970-01-26 15:46:21,107] [record_and_recognize()][ERROR] 连接失败: [SSL: CERTIFICATE_VERIFY_FAILED] certificate verify failed: certificate is not yet valid (_ssl.c:1149)
[1970-01-26 15:46:21,556] [record_and_recognize()][ERROR] 连接失败: [SSL: CERTIFICATE_VERIFY_FAILED] certificate verify failed: certificate is not yet valid (_ssl.c:1149)
[1970-01-26 15:46:33,267] [record_and_recognize()][ERROR] 连接失败: [SSL: CERTIFICATE_VERIFY_FAILED] certificate verify failed: certificate is not yet valid (_ssl.c:1149)
[1970-01-26 15:46:38,268] [record_and_recognize()][ERROR] 连接失败: [SSL: CERTIFICATE_VERIFY_FAILED] certificate verify failed: certificate is not yet valid (_ssl.c:1149)
[1970-01-26 15:46:38,529] [record_and_recognize()][ERROR] 连接失败: [SSL: CERTIFICATE_VERIFY_FAILED] certificate verify failed: certificate is not yet valid (_ssl.c:1149)
[1970-01-26 15:46:39,037] [record_and_recognize()][ERROR] 连接失败: [SSL: CERTIFICATE_VERIFY_FAILED] certificate verify failed: certificate is not yet valid (_ssl.c:1149)
[1970-01-26 15:46:39,609] [record_and_recognize()][ERROR] 连接失败: [SSL: CERTIFICATE_VERIFY_FAILED] certificate verify failed: certificate is not yet valid (_ssl.c:1149)
[1970-01-26 15:46:40,117] [record_and_recognize()][ERROR] 连接失败: [SSL: CERTIFICATE_VERIFY_FAILED] certificate verify failed: certificate is not yet valid (_ssl.c:1149)
[1970-01-26 15:46:40,738] [record_and_recognize()][ERROR] 连接失败: [SSL: CERTIFICATE_VERIFY_FAILED] certificate verify failed: certificate is not yet valid (_ssl.c:1149)
[1970-01-26 15:46:41,053] [record_and_recognize()][ERROR] 连接失败: [SSL: CERTIFICATE_VERIFY_FAILED] certificate verify failed: certificate is not yet valid (_ssl.c:1149)
[1970-01-26 15:46:41,634] [record_and_recognize()][ERROR] 连接失败: [SSL: CERTIFICATE_VERIFY_FAILED] certificate verify failed: certificate is not yet valid (_ssl.c:1149)
[1970-01-26 15:46:42,114] [record_and_recognize()][ERROR] 连接失败: [SSL: CERTIFICATE_VERIFY_FAILED] certificate verify failed: certificate is not yet valid (_ssl.c:1149)
[1970-01-26 15:46:50,268] [record_and_recognize()][ERROR] 连接失败: [SSL: CERTIFICATE_VERIFY_FAILED] certificate verify failed: certificate is not yet valid (_ssl.c:1149)
[1970-01-26 15:46:50,497] [record_and_recognize()][ERROR] 连接失败: [SSL: CERTIFICATE_VERIFY_FAILED] certificate verify failed: certificate is not yet valid (_ssl.c:1149)
[1970-01-26 15:46:51,005] [record_and_recognize()][ERROR] 连接失败: [SSL: CERTIFICATE_VERIFY_FAILED] certificate verify failed: certificate is not yet valid (_ssl.c:1149)
[1970-01-26 15:46:51,589] [record_and_recognize()][ERROR] 连接失败: [SSL: CERTIFICATE_VERIFY_FAILED] certificate verify failed: certificate is not yet valid (_ssl.c:1149)
[1970-01-26 15:46:52,178] [record_and_recognize()][ERROR] 连接失败: [SSL: CERTIFICATE_VERIFY_FAILED] certificate verify failed: certificate is not yet valid (_ssl.c:1149)
[1970-01-26 15:46:52,723] [record_and_recognize()][ERROR] 连接失败: [SSL: CERTIFICATE_VERIFY_FAILED] certificate verify failed: certificate is not yet valid (_ssl.c:1149)
[1970-01-26 15:46:53,139] [record_and_recognize()][ERROR] 连接失败: [SSL: CERTIFICATE_VERIFY_FAILED] certificate verify failed: certificate is not yet valid (_ssl.c:1149)
[1970-01-26 15:46:53,708] [record_and_recognize()][ERROR] 连接失败: [SSL: CERTIFICATE_VERIFY_FAILED] certificate verify failed: certificate is not yet valid (_ssl.c:1149)
[1970-01-26 15:46:54,238] [record_and_recognize()][ERROR] 连接失败: [SSL: CERTIFICATE_VERIFY_FAILED] certificate verify failed: certificate is not yet valid (_ssl.c:1149)
[1970-01-26 15:46:54,883] [record_and_recognize()][ERROR] 连接失败: [SSL: CERTIFICATE_VERIFY_FAILED] certificate verify failed: certificate is not yet valid (_ssl.c:1149)
[1970-01-26 15:46:55,265] [record_and_recognize()][ERROR] 连接失败: [SSL: CERTIFICATE_VERIFY_FAILED] certificate verify failed: certificate is not yet valid (_ssl.c:1149)
[1970-01-26 15:46:55,819] [record_and_recognize()][ERROR] 连接失败: [SSL: CERTIFICATE_VERIFY_FAILED] certificate verify failed: certificate is not yet valid (_ssl.c:1149)
[1970-01-26 15:46:56,315] [record_and_recognize()][ERROR] 连接失败: [SSL: CERTIFICATE_VERIFY_FAILED] certificate verify failed: certificate is not yet valid (_ssl.c:1149)
[1970-01-26 15:46:56,935] [record_and_recognize()][ERROR] 连接失败: [SSL: CERTIFICATE_VERIFY_FAILED] certificate verify failed: certificate is not yet valid (_ssl.c:1149)
[1970-01-26 15:46:57,394] [record_and_recognize()][ERROR] 连接失败: [SSL: CERTIFICATE_VERIFY_FAILED] certificate verify failed: certificate is not yet valid (_ssl.c:1149)
[1970-01-26 15:46:57,901] [record_and_recognize()][ERROR] 连接失败: [SSL: CERTIFICATE_VERIFY_FAILED] certificate verify failed: certificate is not yet valid (_ssl.c:1149)
[1970-01-26 15:46:58,437] [record_and_recognize()][ERROR] 连接失败: [SSL: CERTIFICATE_VERIFY_FAILED] certificate verify failed: certificate is not yet valid (_ssl.c:1149)
[1970-01-26 15:46:58,940] [record_and_recognize()][ERROR] 连接失败: [SSL: CERTIFICATE_VERIFY_FAILED] certificate verify failed: certificate is not yet valid (_ssl.c:1149)
[1970-01-26 15:46:59,545] [record_and_recognize()][ERROR] 连接失败: [SSL: CERTIFICATE_VERIFY_FAILED] certificate verify failed: certificate is not yet valid (_ssl.c:1149)
[1970-01-26 15:46:59,966] [record_and_recognize()][ERROR] 连接失败: [SSL: CERTIFICATE_VERIFY_FAILED] certificate verify failed: certificate is not yet valid (_ssl.c:1149)
[1970-01-26 15:47:00,476] [record_and_recognize()][ERROR] 连接失败: [SSL: CERTIFICATE_VERIFY_FAILED] certificate verify failed: certificate is not yet valid (_ssl.c:1149)
[1970-01-26 15:47:01,051] [record_and_recognize()][ERROR] 连接失败: [SSL: CERTIFICATE_VERIFY_FAILED] certificate verify failed: certificate is not yet valid (_ssl.c:1149)
[1970-01-26 15:47:01,500] [record_and_recognize()][ERROR] 连接失败: [SSL: CERTIFICATE_VERIFY_FAILED] certificate verify failed: certificate is not yet valid (_ssl.c:1149)
[1970-01-26 15:47:02,230] [record_and_recognize()][ERROR] 连接失败: [SSL: CERTIFICATE_VERIFY_FAILED] certificate verify failed: certificate is not yet valid (_ssl.c:1149)
[1970-01-26 15:47:02,537] [record_and_recognize()][ERROR] 连接失败: [SSL: CERTIFICATE_VERIFY_FAILED] certificate verify failed: certificate is not yet valid (_ssl.c:1149)
[1970-01-26 15:47:03,131] [record_and_recognize()][ERROR] 连接失败: [SSL: CERTIFICATE_VERIFY_FAILED] certificate verify failed: certificate is not yet valid (_ssl.c:1149)
[1970-01-26 15:47:03,703] [record_and_recognize()][ERROR] 连接失败: [SSL: CERTIFICATE_VERIFY_FAILED] certificate verify failed: certificate is not yet valid (_ssl.c:1149)
[1970-01-26 15:47:04,156] [record_and_recognize()][ERROR] 连接失败: [SSL: CERTIFICATE_VERIFY_FAILED] certificate verify failed: certificate is not yet valid (_ssl.c:1149)
[1970-01-26 15:47:04,681] [record_and_recognize()][ERROR] 连接失败: [SSL: CERTIFICATE_VERIFY_FAILED] certificate verify failed: certificate is not yet valid (_ssl.c:1149)
[1970-01-26 15:47:05,149] [record_and_recognize()][ERROR] 连接失败: [SSL: CERTIFICATE_VERIFY_FAILED] certificate verify failed: certificate is not yet valid (_ssl.c:1149)
[1970-01-26 15:47:05,691] [record_and_recognize()][ERROR] 连接失败: [SSL: CERTIFICATE_VERIFY_FAILED] certificate verify failed: certificate is not yet valid (_ssl.c:1149)
[1970-01-26 15:47:06,300] [record_and_recognize()][ERROR] 连接失败: [SSL: CERTIFICATE_VERIFY_FAILED] certificate verify failed: certificate is not yet valid (_ssl.c:1149)
[1970-01-26 15:47:06,750] [record_and_recognize()][ERROR] 连接失败: [SSL: CERTIFICATE_VERIFY_FAILED] certificate verify failed: certificate is not yet valid (_ssl.c:1149)
[1970-01-26 15:47:07,322] [record_and_recognize()][ERROR] 连接失败: [SSL: CERTIFICATE_VERIFY_FAILED] certificate verify failed: certificate is not yet valid (_ssl.c:1149)
[1970-01-26 15:47:07,835] [record_and_recognize()][ERROR] 连接失败: [SSL: CERTIFICATE_VERIFY_FAILED] certificate verify failed: certificate is not yet valid (_ssl.c:1149)
[1970-01-26 15:47:08,366] [record_and_recognize()][ERROR] 连接失败: [SSL: CERTIFICATE_VERIFY_FAILED] certificate verify failed: certificate is not yet valid (_ssl.c:1149)
[1970-01-26 15:47:08,851] [record_and_recognize()][ERROR] 连接失败: [SSL: CERTIFICATE_VERIFY_FAILED] certificate verify failed: certificate is not yet valid (_ssl.c:1149)
[1970-01-26 15:47:09,475] [record_and_recognize()][ERROR] 连接失败: [SSL: CERTIFICATE_VERIFY_FAILED] certificate verify failed: certificate is not yet valid (_ssl.c:1149)
[1970-01-26 15:47:09,961] [record_and_recognize()][ERROR] 连接失败: [SSL: CERTIFICATE_VERIFY_FAILED] certificate verify failed: certificate is not yet valid (_ssl.c:1149)
[1970-01-26 15:47:10,502] [record_and_recognize()][ERROR] 连接失败: [SSL: CERTIFICATE_VERIFY_FAILED] certificate verify failed: certificate is not yet valid (_ssl.c:1149)
[1970-01-26 15:47:11,091] [record_and_recognize()][ERROR] 连接失败: [SSL: CERTIFICATE_VERIFY_FAILED] certificate verify failed: certificate is not yet valid (_ssl.c:1149)
[1970-01-26 15:47:11,517] [record_and_recognize()][ERROR] 连接失败: [SSL: CERTIFICATE_VERIFY_FAILED] certificate verify failed: certificate is not yet valid (_ssl.c:1149)
[1970-01-26 15:47:19,281] [record_and_recognize()][ERROR] 连接失败: [SSL: CERTIFICATE_VERIFY_FAILED] certificate verify failed: certificate is not yet valid (_ssl.c:1149)
[1970-01-26 15:47:19,517] [record_and_recognize()][ERROR] 连接失败: [SSL: CERTIFICATE_VERIFY_FAILED] certificate verify failed: certificate is not yet valid (_ssl.c:1149)
[1970-01-26 15:47:20,080] [record_and_recognize()][ERROR] 连接失败: [SSL: CERTIFICATE_VERIFY_FAILED] certificate verify failed: certificate is not yet valid (_ssl.c:1149)
[1970-01-26 15:47:20,580] [record_and_recognize()][ERROR] 连接失败: [SSL: CERTIFICATE_VERIFY_FAILED] certificate verify failed: certificate is not yet valid (_ssl.c:1149)
[1970-01-26 15:47:21,252] [record_and_recognize()][ERROR] 连接失败: [SSL: CERTIFICATE_VERIFY_FAILED] certificate verify failed: certificate is not yet valid (_ssl.c:1149)
[1970-01-26 15:47:21,782] [record_and_recognize()][ERROR] 连接失败: [SSL: CERTIFICATE_VERIFY_FAILED] certificate verify failed: certificate is not yet valid (_ssl.c:1149)
[1970-01-26 15:47:22,288] [record_and_recognize()][ERROR] 连接失败: [SSL: CERTIFICATE_VERIFY_FAILED] certificate verify failed: certificate is not yet valid (_ssl.c:1149)
[1970-01-26 15:47:22,870] [record_and_recognize()][ERROR] 连接失败: [SSL: CERTIFICATE_VERIFY_FAILED] certificate verify failed: certificate is not yet valid (_ssl.c:1149)
[1970-01-26 15:47:23,406] [record_and_recognize()][ERROR] 连接失败: [SSL: CERTIFICATE_VERIFY_FAILED] certificate verify failed: certificate is not yet valid (_ssl.c:1149)
[1970-01-26 15:47:23,748] [record_and_recognize()][ERROR] 连接失败: [SSL: CERTIFICATE_VERIFY_FAILED] certificate verify failed: certificate is not yet valid (_ssl.c:1149)
[1970-01-26 15:47:24,411] [record_and_recognize()][ERROR] 连接失败: [SSL: CERTIFICATE_VERIFY_FAILED] certificate verify failed: certificate is not yet valid (_ssl.c:1149)
[1970-01-26 15:47:25,009] [record_and_recognize()][ERROR] 连接失败: [SSL: CERTIFICATE_VERIFY_FAILED] certificate verify failed: certificate is not yet valid (_ssl.c:1149)
[1970-01-26 15:47:25,385] [record_and_recognize()][ERROR] 连接失败: [SSL: CERTIFICATE_VERIFY_FAILED] certificate verify failed: certificate is not yet valid (_ssl.c:1149)
[1970-01-26 15:47:25,941] [record_and_recognize()][ERROR] 连接失败: [SSL: CERTIFICATE_VERIFY_FAILED] certificate verify failed: certificate is not yet valid (_ssl.c:1149)
[1970-01-26 15:47:26,428] [record_and_recognize()][ERROR] 连接失败: [SSL: CERTIFICATE_VERIFY_FAILED] certificate verify failed: certificate is not yet valid (_ssl.c:1149)
[1970-01-26 15:47:26,968] [record_and_recognize()][ERROR] 连接失败: [SSL: CERTIFICATE_VERIFY_FAILED] certificate verify failed: certificate is not yet valid (_ssl.c:1149)
[1970-01-26 15:47:27,577] [record_and_recognize()][ERROR] 连接失败: [SSL: CERTIFICATE_VERIFY_FAILED] certificate verify failed: certificate is not yet valid (_ssl.c:1149)
[1970-01-26 15:47:27,977] [record_and_recognize()][ERROR] 连接失败: [SSL: CERTIFICATE_VERIFY_FAILED] certificate verify failed: certificate is not yet valid (_ssl.c:1149)
[1970-01-26 15:47:28,704] [record_and_recognize()][ERROR] 连接失败: [SSL: CERTIFICATE_VERIFY_FAILED] certificate verify failed: certificate is not yet valid (_ssl.c:1149)
[1970-01-26 15:47:29,080] [record_and_recognize()][ERROR] 连接失败: [SSL: CERTIFICATE_VERIFY_FAILED] certificate verify failed: certificate is not yet valid (_ssl.c:1149)
[1970-01-26 15:47:29,839] [record_and_recognize()][ERROR] 连接失败: [SSL: CERTIFICATE_VERIFY_FAILED] certificate verify failed: certificate is not yet valid (_ssl.c:1149)
[1970-01-26 15:47:30,112] [record_and_recognize()][ERROR] 连接失败: [SSL: CERTIFICATE_VERIFY_FAILED] certificate verify failed: certificate is not yet valid (_ssl.c:1149)
[1970-01-26 15:47:30,607] [record_and_recognize()][ERROR] 连接失败: [SSL: CERTIFICATE_VERIFY_FAILED] certificate verify failed: certificate is not yet valid (_ssl.c:1149)
[1970-01-26 15:47:31,185] [record_and_recognize()][ERROR] 连接失败: [SSL: CERTIFICATE_VERIFY_FAILED] certificate verify failed: certificate is not yet valid (_ssl.c:1149)
[1970-01-26 15:47:31,825] [record_and_recognize()][ERROR] 连接失败: [SSL: CERTIFICATE_VERIFY_FAILED] certificate verify failed: certificate is not yet valid (_ssl.c:1149)
[1970-01-26 15:47:32,290] [record_and_recognize()][ERROR] 连接失败: [SSL: CERTIFICATE_VERIFY_FAILED] certificate verify failed: certificate is not yet valid (_ssl.c:1149)
[1970-01-26 15:47:32,923] [record_and_recognize()][ERROR] 连接失败: [SSL: CERTIFICATE_VERIFY_FAILED] certificate verify failed: certificate is not yet valid (_ssl.c:1149)
[1970-01-26 15:47:33,286] [record_and_recognize()][ERROR] 连接失败: [SSL: CERTIFICATE_VERIFY_FAILED] certificate verify failed: certificate is not yet valid (_ssl.c:1149)
[1970-01-26 15:47:33,855] [record_and_recognize()][ERROR] 连接失败: [SSL: CERTIFICATE_VERIFY_FAILED] certificate verify failed: certificate is not yet valid (_ssl.c:1149)
[1970-01-26 15:47:34,413] [record_and_recognize()][ERROR] 连接失败: [SSL: CERTIFICATE_VERIFY_FAILED] certificate verify failed: certificate is not yet valid (_ssl.c:1149)
[1970-01-26 15:47:34,899] [record_and_recognize()][ERROR] 连接失败: [SSL: CERTIFICATE_VERIFY_FAILED] certificate verify failed: certificate is not yet valid (_ssl.c:1149)
[1970-01-26 15:47:35,521] [record_and_recognize()][ERROR] 连接失败: [SSL: CERTIFICATE_VERIFY_FAILED] certificate verify failed: certificate is not yet valid (_ssl.c:1149)
[1970-01-26 15:47:35,894] [record_and_recognize()][ERROR] 连接失败: [SSL: CERTIFICATE_VERIFY_FAILED] certificate verify failed: certificate is not yet valid (_ssl.c:1149)
[1970-01-26 15:47:36,615] [record_and_recognize()][ERROR] 连接失败: [SSL: CERTIFICATE_VERIFY_FAILED] certificate verify failed: certificate is not yet valid (_ssl.c:1149)
[1970-01-26 15:47:37,046] [record_and_recognize()][ERROR] 连接失败: [SSL: CERTIFICATE_VERIFY_FAILED] certificate verify failed: certificate is not yet valid (_ssl.c:1149)
[1970-01-26 15:47:37,484] [record_and_recognize()][ERROR] 连接失败: [SSL: CERTIFICATE_VERIFY_FAILED] certificate verify failed: certificate is not yet valid (_ssl.c:1149)
[1970-01-26 15:47:38,287] [record_and_recognize()][ERROR] 连接失败: [SSL: CERTIFICATE_VERIFY_FAILED] certificate verify failed: certificate is not yet valid (_ssl.c:1149)
[1970-01-26 15:47:38,507] [record_and_recognize()][ERROR] 连接失败: [SSL: CERTIFICATE_VERIFY_FAILED] certificate verify failed: certificate is not yet valid (_ssl.c:1149)
[1970-01-26 15:47:39,128] [record_and_recognize()][ERROR] 连接失败: [SSL: CERTIFICATE_VERIFY_FAILED] certificate verify failed: certificate is not yet valid (_ssl.c:1149)
[1970-01-26 15:47:39,611] [record_and_recognize()][ERROR] 连接失败: [SSL: CERTIFICATE_VERIFY_FAILED] certificate verify failed: certificate is not yet valid (_ssl.c:1149)
[1970-01-26 15:47:40,199] [record_and_recognize()][ERROR] 连接失败: [SSL: CERTIFICATE_VERIFY_FAILED] certificate verify failed: certificate is not yet valid (_ssl.c:1149)
[1970-01-26 15:47:40,811] [record_and_recognize()][ERROR] 连接失败: [SSL: CERTIFICATE_VERIFY_FAILED] certificate verify failed: certificate is not yet valid (_ssl.c:1149)
[1970-01-26 15:47:41,152] [record_and_recognize()][ERROR] 连接失败: [SSL: CERTIFICATE_VERIFY_FAILED] certificate verify failed: certificate is not yet valid (_ssl.c:1149)
[1970-01-26 15:47:42,120] [record_and_recognize()][ERROR] 连接失败: [SSL: CERTIFICATE_VERIFY_FAILED] certificate verify failed: certificate is not yet valid (_ssl.c:1149)
[1970-01-26 15:47:42,451] [record_and_recognize()][ERROR] 连接失败: [SSL: CERTIFICATE_VERIFY_FAILED] certificate verify failed: certificate is not yet valid (_ssl.c:1149)
[1970-01-26 15:47:42,934] [record_and_recognize()][ERROR] 连接失败: [SSL: CERTIFICATE_VERIFY_FAILED] certificate verify failed: certificate is not yet valid (_ssl.c:1149)
[1970-01-26 15:47:43,418] [record_and_recognize()][ERROR] 连接失败: [SSL: CERTIFICATE_VERIFY_FAILED] certificate verify failed: certificate is not yet valid (_ssl.c:1149)
[1970-01-26 15:47:43,959] [record_and_recognize()][ERROR] 连接失败: [SSL: CERTIFICATE_VERIFY_FAILED] certificate verify failed: certificate is not yet valid (_ssl.c:1149)
[1970-01-26 15:47:44,620] [record_and_recognize()][ERROR] 连接失败: [SSL: CERTIFICATE_VERIFY_FAILED] certificate verify failed: certificate is not yet valid (_ssl.c:1149)
[1970-01-26 15:47:45,117] [record_and_recognize()][ERROR] 连接失败: [SSL: CERTIFICATE_VERIFY_FAILED] certificate verify failed: certificate is not yet valid (_ssl.c:1149)
[1970-01-26 15:47:45,588] [record_and_recognize()][ERROR] 连接失败: [SSL: CERTIFICATE_VERIFY_FAILED] certificate verify failed: certificate is not yet valid (_ssl.c:1149)
[1970-01-26 15:47:46,210] [record_and_recognize()][ERROR] 连接失败: [SSL: CERTIFICATE_VERIFY_FAILED] certificate verify failed: certificate is not yet valid (_ssl.c:1149)
[1970-01-26 15:47:46,728] [record_and_recognize()][ERROR] 连接失败: [SSL: CERTIFICATE_VERIFY_FAILED] certificate verify failed: certificate is not yet valid (_ssl.c:1149)
[1970-01-26 15:47:47,134] [record_and_recognize()][ERROR] 连接失败: [SSL: CERTIFICATE_VERIFY_FAILED] certificate verify failed: certificate is not yet valid (_ssl.c:1149)
[1970-01-26 15:47:47,778] [record_and_recognize()][ERROR] 连接失败: [SSL: CERTIFICATE_VERIFY_FAILED] certificate verify failed: certificate is not yet valid (_ssl.c:1149)
[1970-01-26 15:47:48,251] [record_and_recognize()][ERROR] 连接失败: [SSL: CERTIFICATE_VERIFY_FAILED] certificate verify failed: certificate is not yet valid (_ssl.c:1149)
[1970-01-26 15:47:48,896] [record_and_recognize()][ERROR] 连接失败: [SSL: CERTIFICATE_VERIFY_FAILED] certificate verify failed: certificate is not yet valid (_ssl.c:1149)
[1970-01-26 15:47:49,227] [record_and_recognize()][ERROR] 连接失败: [SSL: CERTIFICATE_VERIFY_FAILED] certificate verify failed: certificate is not yet valid (_ssl.c:1149)
[1970-01-26 15:47:49,788] [record_and_recognize()][ERROR] 连接失败: [SSL: CERTIFICATE_VERIFY_FAILED] certificate verify failed: certificate is not yet valid (_ssl.c:1149)
[1970-01-26 15:47:50,311] [record_and_recognize()][ERROR] 连接失败: [SSL: CERTIFICATE_VERIFY_FAILED] certificate verify failed: certificate is not yet valid (_ssl.c:1149)
[1970-01-26 15:47:50,896] [record_and_recognize()][ERROR] 连接失败: [SSL: CERTIFICATE_VERIFY_FAILED] certificate verify failed: certificate is not yet valid (_ssl.c:1149)
[1970-01-26 15:47:51,406] [record_and_recognize()][ERROR] 连接失败: [SSL: CERTIFICATE_VERIFY_FAILED] certificate verify failed: certificate is not yet valid (_ssl.c:1149)
[1970-01-26 15:47:51,957] [record_and_recognize()][ERROR] 连接失败: [SSL: CERTIFICATE_VERIFY_FAILED] certificate verify failed: certificate is not yet valid (_ssl.c:1149)
[1970-01-26 15:47:52,368] [record_and_recognize()][ERROR] 连接失败: [SSL: CERTIFICATE_VERIFY_FAILED] certificate verify failed: certificate is not yet valid (_ssl.c:1149)
[1970-01-26 15:47:52,940] [record_and_recognize()][ERROR] 连接失败: [SSL: CERTIFICATE_VERIFY_FAILED] certificate verify failed: certificate is not yet valid (_ssl.c:1149)
[1970-01-26 15:47:53,532] [record_and_recognize()][ERROR] 连接失败: [SSL: CERTIFICATE_VERIFY_FAILED] certificate verify failed: certificate is not yet valid (_ssl.c:1149)
[1970-01-26 15:47:53,901] [record_and_recognize()][ERROR] 连接失败: [SSL: CERTIFICATE_VERIFY_FAILED] certificate verify failed: certificate is not yet valid (_ssl.c:1149)
[1970-01-26 15:47:54,540] [record_and_recognize()][ERROR] 连接失败: [SSL: CERTIFICATE_VERIFY_FAILED] certificate verify failed: certificate is not yet valid (_ssl.c:1149)
[1970-01-26 15:47:55,069] [record_and_recognize()][ERROR] 连接失败: [SSL: CERTIFICATE_VERIFY_FAILED] certificate verify failed: certificate is not yet valid (_ssl.c:1149)
[1970-01-26 15:47:55,575] [record_and_recognize()][ERROR] 连接失败: [SSL: CERTIFICATE_VERIFY_FAILED] certificate verify failed: certificate is not yet valid (_ssl.c:1149)
[1970-01-26 15:47:56,167] [record_and_recognize()][ERROR] 连接失败: [SSL: CERTIFICATE_VERIFY_FAILED] certificate verify failed: certificate is not yet valid (_ssl.c:1149)
[1970-01-26 15:47:56,605] [record_and_recognize()][ERROR] 连接失败: [SSL: CERTIFICATE_VERIFY_FAILED] certificate verify failed: certificate is not yet valid (_ssl.c:1149)
[1970-01-26 15:47:57,218] [record_and_recognize()][ERROR] 连接失败: [SSL: CERTIFICATE_VERIFY_FAILED] certificate verify failed: certificate is not yet valid (_ssl.c:1149)
[1970-01-26 15:47:58,777] [record_and_recognize()][ERROR] 连接失败: [SSL: CERTIFICATE_VERIFY_FAILED] certificate verify failed: certificate is not yet valid (_ssl.c:1149)
[1970-01-26 15:47:59,051] [record_and_recognize()][ERROR] 连接失败: [SSL: CERTIFICATE_VERIFY_FAILED] certificate verify failed: certificate is not yet valid (_ssl.c:1149)
[1970-01-26 15:47:59,774] [record_and_recognize()][ERROR] 连接失败: [SSL: CERTIFICATE_VERIFY_FAILED] certificate verify failed: certificate is not yet valid (_ssl.c:1149)
[1970-01-26 15:48:00,099] [record_and_recognize()][ERROR] 连接失败: [SSL: CERTIFICATE_VERIFY_FAILED] certificate verify failed: certificate is not yet valid (_ssl.c:1149)
[1970-01-26 15:48:00,682] [record_and_recognize()][ERROR] 连接失败: [SSL: CERTIFICATE_VERIFY_FAILED] certificate verify failed: certificate is not yet valid (_ssl.c:1149)
[1970-01-26 15:48:01,127] [record_and_recognize()][ERROR] 连接失败: [SSL: CERTIFICATE_VERIFY_FAILED] certificate verify failed: certificate is not yet valid (_ssl.c:1149)
[1970-01-26 15:48:01,683] [record_and_recognize()][ERROR] 连接失败: [SSL: CERTIFICATE_VERIFY_FAILED] certificate verify failed: certificate is not yet valid (_ssl.c:1149)
[1970-01-26 15:48:02,211] [record_and_recognize()][ERROR] 连接失败: [SSL: CERTIFICATE_VERIFY_FAILED] certificate verify failed: certificate is not yet valid (_ssl.c:1149)
[1970-01-26 15:48:02,671] [record_and_recognize()][ERROR] 连接失败: [SSL: CERTIFICATE_VERIFY_FAILED] certificate verify failed: certificate is not yet valid (_ssl.c:1149)
[1970-01-26 15:48:03,297] [record_and_recognize()][ERROR] 连接失败: [SSL: CERTIFICATE_VERIFY_FAILED] certificate verify failed: certificate is not yet valid (_ssl.c:1149)
[1970-01-26 15:48:03,770] [record_and_recognize()][ERROR] 连接失败: [SSL: CERTIFICATE_VERIFY_FAILED] certificate verify failed: certificate is not yet valid (_ssl.c:1149)
[1970-01-26 15:48:04,303] [record_and_recognize()][ERROR] 连接失败: [SSL: CERTIFICATE_VERIFY_FAILED] certificate verify failed: certificate is not yet valid (_ssl.c:1149)
[1970-01-26 15:48:04,901] [record_and_recognize()][ERROR] 连接失败: [SSL: CERTIFICATE_VERIFY_FAILED] certificate verify failed: certificate is not yet valid (_ssl.c:1149)
[1970-01-26 15:48:05,340] [record_and_recognize()][ERROR] 连接失败: [SSL: CERTIFICATE_VERIFY_FAILED] certificate verify failed: certificate is not yet valid (_ssl.c:1149)
[1970-01-26 15:48:05,948] [record_and_recognize()][ERROR] 连接失败: [SSL: CERTIFICATE_VERIFY_FAILED] certificate verify failed: certificate is not yet valid (_ssl.c:1149)
[1970-01-26 15:48:06,538] [record_and_recognize()][ERROR] 连接失败: [SSL: CERTIFICATE_VERIFY_FAILED] certificate verify failed: certificate is not yet valid (_ssl.c:1149)
[1970-01-26 15:48:07,005] [record_and_recognize()][ERROR] 连接失败: [SSL: CERTIFICATE_VERIFY_FAILED] certificate verify failed: certificate is not yet valid (_ssl.c:1149)
[1970-01-26 15:48:07,665] [record_and_recognize()][ERROR] 连接失败: [SSL: CERTIFICATE_VERIFY_FAILED] certificate verify failed: certificate is not yet valid (_ssl.c:1149)
[1970-01-26 15:48:07,967] [record_and_recognize()][ERROR] 连接失败: [SSL: CERTIFICATE_VERIFY_FAILED] certificate verify failed: certificate is not yet valid (_ssl.c:1149)
[1970-01-26 15:48:08,499] [record_and_recognize()][ERROR] 连接失败: [SSL: CERTIFICATE_VERIFY_FAILED] certificate verify failed: certificate is not yet valid (_ssl.c:1149)
[1970-01-26 15:48:09,051] [record_and_recognize()][ERROR] 连接失败: [SSL: CERTIFICATE_VERIFY_FAILED] certificate verify failed: certificate is not yet valid (_ssl.c:1149)
[1970-01-26 15:48:09,588] [record_and_recognize()][ERROR] 连接失败: [SSL: CERTIFICATE_VERIFY_FAILED] certificate verify failed: certificate is not yet valid (_ssl.c:1149)
[1970-01-26 15:48:10,132] [record_and_recognize()][ERROR] 连接失败: [SSL: CERTIFICATE_VERIFY_FAILED] certificate verify failed: certificate is not yet valid (_ssl.c:1149)
[1970-01-26 15:48:10,746] [record_and_recognize()][ERROR] 连接失败: [SSL: CERTIFICATE_VERIFY_FAILED] certificate verify failed: certificate is not yet valid (_ssl.c:1149)
[1970-01-26 15:48:11,167] [record_and_recognize()][ERROR] 连接失败: [SSL: CERTIFICATE_VERIFY_FAILED] certificate verify failed: certificate is not yet valid (_ssl.c:1149)
[1970-01-26 15:48:12,900] [record_and_recognize()][ERROR] 连接失败: [SSL: CERTIFICATE_VERIFY_FAILED] certificate verify failed: certificate is not yet valid (_ssl.c:1149)
[1970-01-26 15:48:13,249] [record_and_recognize()][ERROR] 连接失败: [SSL: CERTIFICATE_VERIFY_FAILED] certificate verify failed: certificate is not yet valid (_ssl.c:1149)
[1970-01-26 15:48:13,702] [record_and_recognize()][ERROR] 连接失败: [SSL: CERTIFICATE_VERIFY_FAILED] certificate verify failed: certificate is not yet valid (_ssl.c:1149)
[1970-01-26 15:48:14,333] [record_and_recognize()][ERROR] 连接失败: [SSL: CERTIFICATE_VERIFY_FAILED] certificate verify failed: certificate is not yet valid (_ssl.c:1149)
[1970-01-26 15:48:14,727] [record_and_recognize()][ERROR] 连接失败: [SSL: CERTIFICATE_VERIFY_FAILED] certificate verify failed: certificate is not yet valid (_ssl.c:1149)
[1970-01-26 15:48:15,331] [record_and_recognize()][ERROR] 连接失败: [SSL: CERTIFICATE_VERIFY_FAILED] certificate verify failed: certificate is not yet valid (_ssl.c:1149)
[1970-01-26 15:48:15,770] [record_and_recognize()][ERROR] 连接失败: [SSL: CERTIFICATE_VERIFY_FAILED] certificate verify failed: certificate is not yet valid (_ssl.c:1149)
[1970-01-26 15:48:29,269] [record_and_recognize()][ERROR] 连接失败: [SSL: CERTIFICATE_VERIFY_FAILED] certificate verify failed: certificate is not yet valid (_ssl.c:1149)
[1970-01-26 15:48:29,577] [record_and_recognize()][ERROR] 连接失败: [SSL: CERTIFICATE_VERIFY_FAILED] certificate verify failed: certificate is not yet valid (_ssl.c:1149)
[1970-01-26 15:48:29,997] [record_and_recognize()][ERROR] 连接失败: [SSL: CERTIFICATE_VERIFY_FAILED] certificate verify failed: certificate is not yet valid (_ssl.c:1149)
[1970-01-26 15:48:30,730] [record_and_recognize()][ERROR] 连接失败: [SSL: CERTIFICATE_VERIFY_FAILED] certificate verify failed: certificate is not yet valid (_ssl.c:1149)
[1970-01-26 15:48:31,114] [record_and_recognize()][ERROR] 连接失败: [SSL: CERTIFICATE_VERIFY_FAILED] certificate verify failed: certificate is not yet valid (_ssl.c:1149)
[1970-01-26 15:48:31,602] [record_and_recognize()][ERROR] 连接失败: [SSL: CERTIFICATE_VERIFY_FAILED] certificate verify failed: certificate is not yet valid (_ssl.c:1149)
[1970-01-26 15:48:32,180] [record_and_recognize()][ERROR] 连接失败: [SSL: CERTIFICATE_VERIFY_FAILED] certificate verify failed: certificate is not yet valid (_ssl.c:1149)
[1970-01-26 15:48:32,649] [record_and_recognize()][ERROR] 连接失败: [SSL: CERTIFICATE_VERIFY_FAILED] certificate verify failed: certificate is not yet valid (_ssl.c:1149)
[1970-01-26 15:48:33,318] [record_and_recognize()][ERROR] 连接失败: [SSL: CERTIFICATE_VERIFY_FAILED] certificate verify failed: certificate is not yet valid (_ssl.c:1149)
[1970-01-26 15:48:33,859] [record_and_recognize()][ERROR] 连接失败: [SSL: CERTIFICATE_VERIFY_FAILED] certificate verify failed: certificate is not yet valid (_ssl.c:1149)
[1970-01-26 15:48:34,344] [record_and_recognize()][ERROR] 连接失败: [SSL: CERTIFICATE_VERIFY_FAILED] certificate verify failed: certificate is not yet valid (_ssl.c:1149)
[1970-01-26 15:48:34,785] [record_and_recognize()][ERROR] 连接失败: [SSL: CERTIFICATE_VERIFY_FAILED] certificate verify failed: certificate is not yet valid (_ssl.c:1149)
[1970-01-26 15:48:35,412] [record_and_recognize()][ERROR] 连接失败: [SSL: CERTIFICATE_VERIFY_FAILED] certificate verify failed: certificate is not yet valid (_ssl.c:1149)
[1970-01-26 15:48:36,976] [record_and_recognize()][ERROR] 连接失败: [SSL: CERTIFICATE_VERIFY_FAILED] certificate verify failed: certificate is not yet valid (_ssl.c:1149)
[1970-01-26 15:48:37,317] [record_and_recognize()][ERROR] 连接失败: [SSL: CERTIFICATE_VERIFY_FAILED] certificate verify failed: certificate is not yet valid (_ssl.c:1149)
[1970-01-26 15:48:37,768] [record_and_recognize()][ERROR] 连接失败: [SSL: CERTIFICATE_VERIFY_FAILED] certificate verify failed: certificate is not yet valid (_ssl.c:1149)
[1970-01-26 15:48:38,490] [record_and_recognize()][ERROR] 连接失败: [SSL: CERTIFICATE_VERIFY_FAILED] certificate verify failed: certificate is not yet valid (_ssl.c:1149)
[1970-01-26 15:48:38,856] [record_and_recognize()][ERROR] 连接失败: [SSL: CERTIFICATE_VERIFY_FAILED] certificate verify failed: certificate is not yet valid (_ssl.c:1149)
[1970-01-26 15:48:39,335] [record_and_recognize()][ERROR] 连接失败: [SSL: CERTIFICATE_VERIFY_FAILED] certificate verify failed: certificate is not yet valid (_ssl.c:1149)
[1970-01-26 15:48:39,819] [record_and_recognize()][ERROR] 连接失败: [SSL: CERTIFICATE_VERIFY_FAILED] certificate verify failed: certificate is not yet valid (_ssl.c:1149)
[1970-01-26 15:48:40,407] [record_and_recognize()][ERROR] 连接失败: [SSL: CERTIFICATE_VERIFY_FAILED] certificate verify failed: certificate is not yet valid (_ssl.c:1149)
[1970-01-26 15:48:41,066] [record_and_recognize()][ERROR] 连接失败: [SSL: CERTIFICATE_VERIFY_FAILED] certificate verify failed: certificate is not yet valid (_ssl.c:1149)
[1970-01-26 15:48:41,541] [record_and_recognize()][ERROR] 连接失败: [SSL: CERTIFICATE_VERIFY_FAILED] certificate verify failed: certificate is not yet valid (_ssl.c:1149)
[1970-01-26 15:48:41,995] [record_and_recognize()][ERROR] 连接失败: [SSL: CERTIFICATE_VERIFY_FAILED] certificate verify failed: certificate is not yet valid (_ssl.c:1149)
[1970-01-26 15:48:42,421] [record_and_recognize()][ERROR] 连接失败: [SSL: CERTIFICATE_VERIFY_FAILED] certificate verify failed: certificate is not yet valid (_ssl.c:1149)
[1970-01-26 15:48:43,107] [record_and_recognize()][ERROR] 连接失败: [SSL: CERTIFICATE_VERIFY_FAILED] certificate verify failed: certificate is not yet valid (_ssl.c:1149)
[1970-01-26 15:48:43,614] [record_and_recognize()][ERROR] 连接失败: [SSL: CERTIFICATE_VERIFY_FAILED] certificate verify failed: certificate is not yet valid (_ssl.c:1149)
[1970-01-26 15:48:44,220] [record_and_recognize()][ERROR] 连接失败: [SSL: CERTIFICATE_VERIFY_FAILED] certificate verify failed: certificate is not yet valid (_ssl.c:1149)
[1970-01-26 15:48:44,551] [record_and_recognize()][ERROR] 连接失败: [SSL: CERTIFICATE_VERIFY_FAILED] certificate verify failed: certificate is not yet valid (_ssl.c:1149)
[1970-01-26 15:48:45,198] [record_and_recognize()][ERROR] 连接失败: [SSL: CERTIFICATE_VERIFY_FAILED] certificate verify failed: certificate is not yet valid (_ssl.c:1149)
[1970-01-26 15:48:45,581] [record_and_recognize()][ERROR] 连接失败: [SSL: CERTIFICATE_VERIFY_FAILED] certificate verify failed: certificate is not yet valid (_ssl.c:1149)
[1970-01-26 15:48:46,390] [record_and_recognize()][ERROR] 连接失败: [SSL: CERTIFICATE_VERIFY_FAILED] certificate verify failed: certificate is not yet valid (_ssl.c:1149)
[1970-01-26 15:48:46,733] [record_and_recognize()][ERROR] 连接失败: [SSL: CERTIFICATE_VERIFY_FAILED] certificate verify failed: certificate is not yet valid (_ssl.c:1149)
[1970-01-26 15:48:47,251] [record_and_recognize()][ERROR] 连接失败: [SSL: CERTIFICATE_VERIFY_FAILED] certificate verify failed: certificate is not yet valid (_ssl.c:1149)
[1970-01-26 15:48:47,763] [record_and_recognize()][ERROR] 连接失败: [SSL: CERTIFICATE_VERIFY_FAILED] certificate verify failed: certificate is not yet valid (_ssl.c:1149)
[1970-01-26 15:48:48,207] [record_and_recognize()][ERROR] 连接失败: [SSL: CERTIFICATE_VERIFY_FAILED] certificate verify failed: certificate is not yet valid (_ssl.c:1149)
[1970-01-26 15:48:48,853] [record_and_recognize()][ERROR] 连接失败: [SSL: CERTIFICATE_VERIFY_FAILED] certificate verify failed: certificate is not yet valid (_ssl.c:1149)
[1970-01-26 15:48:49,364] [record_and_recognize()][ERROR] 连接失败: [SSL: CERTIFICATE_VERIFY_FAILED] certificate verify failed: certificate is not yet valid (_ssl.c:1149)
[1970-01-26 15:48:49,998] [record_and_recognize()][ERROR] 连接失败: [SSL: CERTIFICATE_VERIFY_FAILED] certificate verify failed: certificate is not yet valid (_ssl.c:1149)
[1970-01-26 15:48:50,370] [record_and_recognize()][ERROR] 连接失败: [SSL: CERTIFICATE_VERIFY_FAILED] certificate verify failed: certificate is not yet valid (_ssl.c:1149)
[1970-01-26 15:48:50,915] [record_and_recognize()][ERROR] 连接失败: [SSL: CERTIFICATE_VERIFY_FAILED] certificate verify failed: certificate is not yet valid (_ssl.c:1149)
[1970-01-26 15:48:51,399] [record_and_recognize()][ERROR] 连接失败: [SSL: CERTIFICATE_VERIFY_FAILED] certificate verify failed: certificate is not yet valid (_ssl.c:1149)
[1970-01-26 15:48:54,004] [record_and_recognize()][ERROR] 连接失败: [SSL: CERTIFICATE_VERIFY_FAILED] certificate verify failed: certificate is not yet valid (_ssl.c:1149)
[1970-01-26 15:48:54,281] [record_and_recognize()][ERROR] 连接失败: [SSL: CERTIFICATE_VERIFY_FAILED] certificate verify failed: certificate is not yet valid (_ssl.c:1149)
[1970-01-26 15:48:54,929] [record_and_recognize()][ERROR] 连接失败: [SSL: CERTIFICATE_VERIFY_FAILED] certificate verify failed: certificate is not yet valid (_ssl.c:1149)
[1970-01-26 15:48:55,400] [record_and_recognize()][ERROR] 连接失败: [SSL: CERTIFICATE_VERIFY_FAILED] certificate verify failed: certificate is not yet valid (_ssl.c:1149)
[1970-01-26 15:48:55,838] [record_and_recognize()][ERROR] 连接失败: [SSL: CERTIFICATE_VERIFY_FAILED] certificate verify failed: certificate is not yet valid (_ssl.c:1149)
[1970-01-26 15:48:56,416] [record_and_recognize()][ERROR] 连接失败: [SSL: CERTIFICATE_VERIFY_FAILED] certificate verify failed: certificate is not yet valid (_ssl.c:1149)
[1970-01-26 15:48:59,205] [record_and_recognize()][ERROR] 连接失败: [SSL: CERTIFICATE_VERIFY_FAILED] certificate verify failed: certificate is not yet valid (_ssl.c:1149)
[1970-01-26 15:48:59,689] [record_and_recognize()][ERROR] 连接失败: [SSL: CERTIFICATE_VERIFY_FAILED] certificate verify failed: certificate is not yet valid (_ssl.c:1149)
[1970-01-26 15:48:59,986] [record_and_recognize()][ERROR] 连接失败: [SSL: CERTIFICATE_VERIFY_FAILED] certificate verify failed: certificate is not yet valid (_ssl.c:1149)
[1970-01-26 15:49:00,607] [record_and_recognize()][ERROR] 连接失败: [SSL: CERTIFICATE_VERIFY_FAILED] certificate verify failed: certificate is not yet valid (_ssl.c:1149)
[1970-01-26 15:49:01,245] [record_and_recognize()][ERROR] 连接失败: [SSL: CERTIFICATE_VERIFY_FAILED] certificate verify failed: certificate is not yet valid (_ssl.c:1149)
[1970-01-26 15:49:01,738] [record_and_recognize()][ERROR] 连接失败: [SSL: CERTIFICATE_VERIFY_FAILED] certificate verify failed: certificate is not yet valid (_ssl.c:1149)
[1970-01-26 15:49:02,628] [record_and_recognize()][ERROR] 连接失败: [SSL: CERTIFICATE_VERIFY_FAILED] certificate verify failed: certificate is not yet valid (_ssl.c:1149)
[1970-01-26 15:49:02,916] [record_and_recognize()][ERROR] 连接失败: [SSL: CERTIFICATE_VERIFY_FAILED] certificate verify failed: certificate is not yet valid (_ssl.c:1149)
[1970-01-26 15:49:03,405] [record_and_recognize()][ERROR] 连接失败: [SSL: CERTIFICATE_VERIFY_FAILED] certificate verify failed: certificate is not yet valid (_ssl.c:1149)
[1970-01-26 15:49:03,958] [record_and_recognize()][ERROR] 连接失败: [SSL: CERTIFICATE_VERIFY_FAILED] certificate verify failed: certificate is not yet valid (_ssl.c:1149)
[1970-01-26 15:49:04,504] [record_and_recognize()][ERROR] 连接失败: [SSL: CERTIFICATE_VERIFY_FAILED] certificate verify failed: certificate is not yet valid (_ssl.c:1149)
[1970-01-26 15:49:05,042] [record_and_recognize()][ERROR] 连接失败: [SSL: CERTIFICATE_VERIFY_FAILED] certificate verify failed: certificate is not yet valid (_ssl.c:1149)
[1970-01-26 15:49:05,527] [record_and_recognize()][ERROR] 连接失败: [SSL: CERTIFICATE_VERIFY_FAILED] certificate verify failed: certificate is not yet valid (_ssl.c:1149)
[1970-01-26 15:49:06,089] [record_and_recognize()][ERROR] 连接失败: [SSL: CERTIFICATE_VERIFY_FAILED] certificate verify failed: certificate is not yet valid (_ssl.c:1149)
[1970-01-26 15:49:06,680] [record_and_recognize()][ERROR] 连接失败: [SSL: CERTIFICATE_VERIFY_FAILED] certificate verify failed: certificate is not yet valid (_ssl.c:1149)
[1970-01-26 15:49:07,264] [record_and_recognize()][ERROR] 连接失败: [SSL: CERTIFICATE_VERIFY_FAILED] certificate verify failed: certificate is not yet valid (_ssl.c:1149)
[1970-01-26 15:49:07,773] [record_and_recognize()][ERROR] 连接失败: [SSL: CERTIFICATE_VERIFY_FAILED] certificate verify failed: certificate is not yet valid (_ssl.c:1149)
[1970-01-26 15:49:08,258] [record_and_recognize()][ERROR] 连接失败: [SSL: CERTIFICATE_VERIFY_FAILED] certificate verify failed: certificate is not yet valid (_ssl.c:1149)
[1970-01-26 15:49:08,757] [record_and_recognize()][ERROR] 连接失败: [SSL: CERTIFICATE_VERIFY_FAILED] certificate verify failed: certificate is not yet valid (_ssl.c:1149)
[1970-01-26 15:49:09,315] [record_and_recognize()][ERROR] 连接失败: [SSL: CERTIFICATE_VERIFY_FAILED] certificate verify failed: certificate is not yet valid (_ssl.c:1149)
[1970-01-26 15:49:09,848] [record_and_recognize()][ERROR] 连接失败: [SSL: CERTIFICATE_VERIFY_FAILED] certificate verify failed: certificate is not yet valid (_ssl.c:1149)
[1970-01-26 15:49:15,406] [record_and_recognize()][ERROR] 连接失败: [SSL: CERTIFICATE_VERIFY_FAILED] certificate verify failed: certificate is not yet valid (_ssl.c:1149)
[1970-01-26 15:49:15,737] [record_and_recognize()][ERROR] 连接失败: [SSL: CERTIFICATE_VERIFY_FAILED] certificate verify failed: certificate is not yet valid (_ssl.c:1149)
[1970-01-26 15:49:16,215] [record_and_recognize()][ERROR] 连接失败: [SSL: CERTIFICATE_VERIFY_FAILED] certificate verify failed: certificate is not yet valid (_ssl.c:1149)
[1970-01-26 15:49:16,844] [record_and_recognize()][ERROR] 连接失败: [SSL: CERTIFICATE_VERIFY_FAILED] certificate verify failed: certificate is not yet valid (_ssl.c:1149)
[1970-01-26 15:49:17,354] [record_and_recognize()][ERROR] 连接失败: [SSL: CERTIFICATE_VERIFY_FAILED] certificate verify failed: certificate is not yet valid (_ssl.c:1149)
[1970-01-26 15:49:18,916] [record_and_recognize()][ERROR] 连接失败: [SSL: CERTIFICATE_VERIFY_FAILED] certificate verify failed: certificate is not yet valid (_ssl.c:1149)
[1970-01-26 15:49:19,552] [record_and_recognize()][ERROR] 连接失败: [SSL: CERTIFICATE_VERIFY_FAILED] certificate verify failed: certificate is not yet valid (_ssl.c:1149)
[1970-01-26 15:49:27,275] [record_and_recognize()][ERROR] 连接失败: [SSL: CERTIFICATE_VERIFY_FAILED] certificate verify failed: certificate is not yet valid (_ssl.c:1149)
[1970-01-26 15:49:27,579] [record_and_recognize()][ERROR] 连接失败: [SSL: CERTIFICATE_VERIFY_FAILED] certificate verify failed: certificate is not yet valid (_ssl.c:1149)
[1970-01-26 15:49:28,147] [record_and_recognize()][ERROR] 连接失败: [SSL: CERTIFICATE_VERIFY_FAILED] certificate verify failed: certificate is not yet valid (_ssl.c:1149)
[1970-01-26 15:49:28,573] [record_and_recognize()][ERROR] 连接失败: [SSL: CERTIFICATE_VERIFY_FAILED] certificate verify failed: certificate is not yet valid (_ssl.c:1149)
[1970-01-26 15:49:29,083] [record_and_recognize()][ERROR] 连接失败: [SSL: CERTIFICATE_VERIFY_FAILED] certificate verify failed: certificate is not yet valid (_ssl.c:1149)
[1970-01-26 15:49:29,687] [record_and_recognize()][ERROR] 连接失败: [SSL: CERTIFICATE_VERIFY_FAILED] certificate verify failed: certificate is not yet valid (_ssl.c:1149)
[1970-01-26 15:49:30,284] [record_and_recognize()][ERROR] 连接失败: [SSL: CERTIFICATE_VERIFY_FAILED] certificate verify failed: certificate is not yet valid (_ssl.c:1149)
[1970-01-26 15:49:30,628] [record_and_recognize()][ERROR] 连接失败: [SSL: CERTIFICATE_VERIFY_FAILED] certificate verify failed: certificate is not yet valid (_ssl.c:1149)
[1970-01-26 15:49:31,264] [record_and_recognize()][ERROR] 连接失败: [SSL: CERTIFICATE_VERIFY_FAILED] certificate verify failed: certificate is not yet valid (_ssl.c:1149)
[1970-01-26 15:49:31,761] [record_and_recognize()][ERROR] 连接失败: [SSL: CERTIFICATE_VERIFY_FAILED] certificate verify failed: certificate is not yet valid (_ssl.c:1149)
[1970-01-26 15:49:32,485] [record_and_recognize()][ERROR] 连接失败: [SSL: CERTIFICATE_VERIFY_FAILED] certificate verify failed: certificate is not yet valid (_ssl.c:1149)
[1970-01-26 15:49:32,881] [record_and_recognize()][ERROR] 连接失败: [SSL: CERTIFICATE_VERIFY_FAILED] certificate verify failed: certificate is not yet valid (_ssl.c:1149)
[1970-01-26 15:49:33,664] [record_and_recognize()][ERROR] 连接失败: [SSL: CERTIFICATE_VERIFY_FAILED] certificate verify failed: certificate is not yet valid (_ssl.c:1149)
[1970-01-26 15:49:33,918] [record_and_recognize()][ERROR] 连接失败: [SSL: CERTIFICATE_VERIFY_FAILED] certificate verify failed: certificate is not yet valid (_ssl.c:1149)
[1970-01-26 15:49:34,484] [record_and_recognize()][ERROR] 连接失败: [SSL: CERTIFICATE_VERIFY_FAILED] certificate verify failed: certificate is not yet valid (_ssl.c:1149)
[1970-01-26 15:49:35,015] [record_and_recognize()][ERROR] 连接失败: [SSL: CERTIFICATE_VERIFY_FAILED] certificate verify failed: certificate is not yet valid (_ssl.c:1149)
[1970-01-26 15:49:35,646] [record_and_recognize()][ERROR] 连接失败: [SSL: CERTIFICATE_VERIFY_FAILED] certificate verify failed: certificate is not yet valid (_ssl.c:1149)
[1970-01-26 15:49:36,137] [record_and_recognize()][ERROR] 连接失败: [SSL: CERTIFICATE_VERIFY_FAILED] certificate verify failed: certificate is not yet valid (_ssl.c:1149)
[1970-01-26 15:49:36,558] [record_and_recognize()][ERROR] 连接失败: [SSL: CERTIFICATE_VERIFY_FAILED] certificate verify failed: certificate is not yet valid (_ssl.c:1149)
[1970-01-26 15:49:37,188] [record_and_recognize()][ERROR] 连接失败: [SSL: CERTIFICATE_VERIFY_FAILED] certificate verify failed: certificate is not yet valid (_ssl.c:1149)
[1970-01-26 15:49:37,654] [record_and_recognize()][ERROR] 连接失败: [SSL: CERTIFICATE_VERIFY_FAILED] certificate verify failed: certificate is not yet valid (_ssl.c:1149)
[1970-01-26 15:49:38,177] [record_and_recognize()][ERROR] 连接失败: [SSL: CERTIFICATE_VERIFY_FAILED] certificate verify failed: certificate is not yet valid (_ssl.c:1149)
[1970-01-26 15:49:38,656] [record_and_recognize()][ERROR] 连接失败: [SSL: CERTIFICATE_VERIFY_FAILED] certificate verify failed: certificate is not yet valid (_ssl.c:1149)
[1970-01-26 15:49:39,227] [record_and_recognize()][ERROR] 连接失败: [SSL: CERTIFICATE_VERIFY_FAILED] certificate verify failed: certificate is not yet valid (_ssl.c:1149)
[1970-01-26 15:49:40,774] [record_and_recognize()][ERROR] 连接失败: [SSL: CERTIFICATE_VERIFY_FAILED] certificate verify failed: certificate is not yet valid (_ssl.c:1149)
[1970-01-26 15:49:41,092] [record_and_recognize()][ERROR] 连接失败: [SSL: CERTIFICATE_VERIFY_FAILED] certificate verify failed: certificate is not yet valid (_ssl.c:1149)
[1970-01-26 15:49:41,609] [record_and_recognize()][ERROR] 连接失败: [SSL: CERTIFICATE_VERIFY_FAILED] certificate verify failed: certificate is not yet valid (_ssl.c:1149)
[1970-01-26 15:49:42,075] [record_and_recognize()][ERROR] 连接失败: [SSL: CERTIFICATE_VERIFY_FAILED] certificate verify failed: certificate is not yet valid (_ssl.c:1149)
[1970-01-26 15:49:42,591] [record_and_recognize()][ERROR] 连接失败: [SSL: CERTIFICATE_VERIFY_FAILED] certificate verify failed: certificate is not yet valid (_ssl.c:1149)
[1970-01-26 15:49:55,279] [record_and_recognize()][ERROR] 连接失败: [SSL: CERTIFICATE_VERIFY_FAILED] certificate verify failed: certificate is not yet valid (_ssl.c:1149)
[1970-01-26 15:49:55,654] [record_and_recognize()][ERROR] 连接失败: [SSL: CERTIFICATE_VERIFY_FAILED] certificate verify failed: certificate is not yet valid (_ssl.c:1149)
[1970-01-26 15:49:56,099] [record_and_recognize()][ERROR] 连接失败: [SSL: CERTIFICATE_VERIFY_FAILED] certificate verify failed: certificate is not yet valid (_ssl.c:1149)
[1970-01-26 15:49:56,736] [record_and_recognize()][ERROR] 连接失败: [SSL: CERTIFICATE_VERIFY_FAILED] certificate verify failed: certificate is not yet valid (_ssl.c:1149)
[1970-01-26 15:49:57,248] [record_and_recognize()][ERROR] 连接失败: [SSL: CERTIFICATE_VERIFY_FAILED] certificate verify failed: certificate is not yet valid (_ssl.c:1149)
[1970-01-26 15:49:57,643] [record_and_recognize()][ERROR] 连接失败: [SSL: CERTIFICATE_VERIFY_FAILED] certificate verify failed: certificate is not yet valid (_ssl.c:1149)
[1970-01-26 15:49:58,238] [record_and_recognize()][ERROR] 连接失败: [SSL: CERTIFICATE_VERIFY_FAILED] certificate verify failed: certificate is not yet valid (_ssl.c:1149)
[1970-01-26 15:49:58,774] [record_and_recognize()][ERROR] 连接失败: [SSL: CERTIFICATE_VERIFY_FAILED] certificate verify failed: certificate is not yet valid (_ssl.c:1149)
[1970-01-26 15:49:59,263] [record_and_recognize()][ERROR] 连接失败: [SSL: CERTIFICATE_VERIFY_FAILED] certificate verify failed: certificate is not yet valid (_ssl.c:1149)
[1970-01-26 15:49:59,904] [record_and_recognize()][ERROR] 连接失败: [SSL: CERTIFICATE_VERIFY_FAILED] certificate verify failed: certificate is not yet valid (_ssl.c:1149)
[1970-01-26 15:50:00,399] [record_and_recognize()][ERROR] 连接失败: [SSL: CERTIFICATE_VERIFY_FAILED] certificate verify failed: certificate is not yet valid (_ssl.c:1149)
[1970-01-26 15:50:00,925] [record_and_recognize()][ERROR] 连接失败: [SSL: CERTIFICATE_VERIFY_FAILED] certificate verify failed: certificate is not yet valid (_ssl.c:1149)
[1970-01-26 15:50:01,479] [record_and_recognize()][ERROR] 连接失败: [SSL: CERTIFICATE_VERIFY_FAILED] certificate verify failed: certificate is not yet valid (_ssl.c:1149)
[1970-01-26 15:50:02,179] [record_and_recognize()][ERROR] 连接失败: [SSL: CERTIFICATE_VERIFY_FAILED] certificate verify failed: certificate is not yet valid (_ssl.c:1149)
[1970-01-26 15:50:02,510] [record_and_recognize()][ERROR] 连接失败: [SSL: CERTIFICATE_VERIFY_FAILED] certificate verify failed: certificate is not yet valid (_ssl.c:1149)
[1970-01-26 15:50:03,041] [record_and_recognize()][ERROR] 连接失败: [SSL: CERTIFICATE_VERIFY_FAILED] certificate verify failed: certificate is not yet valid (_ssl.c:1149)
[1970-01-26 15:50:03,592] [record_and_recognize()][ERROR] 连接失败: [SSL: CERTIFICATE_VERIFY_FAILED] certificate verify failed: certificate is not yet valid (_ssl.c:1149)
[1970-01-26 15:50:04,214] [record_and_recognize()][ERROR] 连接失败: [SSL: CERTIFICATE_VERIFY_FAILED] certificate verify failed: certificate is not yet valid (_ssl.c:1149)
[1970-01-26 15:50:04,654] [record_and_recognize()][ERROR] 连接失败: [SSL: CERTIFICATE_VERIFY_FAILED] certificate verify failed: certificate is not yet valid (_ssl.c:1149)
[1970-01-26 15:50:05,159] [record_and_recognize()][ERROR] 连接失败: [SSL: CERTIFICATE_VERIFY_FAILED] certificate verify failed: certificate is not yet valid (_ssl.c:1149)
[1970-01-26 15:50:05,730] [record_and_recognize()][ERROR] 连接失败: [SSL: CERTIFICATE_VERIFY_FAILED] certificate verify failed: certificate is not yet valid (_ssl.c:1149)
[1970-01-26 15:50:06,273] [record_and_recognize()][ERROR] 连接失败: [SSL: CERTIFICATE_VERIFY_FAILED] certificate verify failed: certificate is not yet valid (_ssl.c:1149)
[1970-01-26 15:50:06,815] [record_and_recognize()][ERROR] 连接失败: [SSL: CERTIFICATE_VERIFY_FAILED] certificate verify failed: certificate is not yet valid (_ssl.c:1149)
[1970-01-26 15:50:07,326] [record_and_recognize()][ERROR] 连接失败: [SSL: CERTIFICATE_VERIFY_FAILED] certificate verify failed: certificate is not yet valid (_ssl.c:1149)
[1970-01-26 15:50:07,791] [record_and_recognize()][ERROR] 连接失败: [SSL: CERTIFICATE_VERIFY_FAILED] certificate verify failed: certificate is not yet valid (_ssl.c:1149)
[1970-01-26 15:50:08,309] [record_and_recognize()][ERROR] 连接失败: [SSL: CERTIFICATE_VERIFY_FAILED] certificate verify failed: certificate is not yet valid (_ssl.c:1149)
[1970-01-26 15:50:08,871] [record_and_recognize()][ERROR] 连接失败: [SSL: CERTIFICATE_VERIFY_FAILED] certificate verify failed: certificate is not yet valid (_ssl.c:1149)
[1970-01-26 15:50:09,394] [record_and_recognize()][ERROR] 连接失败: [SSL: CERTIFICATE_VERIFY_FAILED] certificate verify failed: certificate is not yet valid (_ssl.c:1149)
[1970-01-26 15:50:09,803] [record_and_recognize()][ERROR] 连接失败: [SSL: CERTIFICATE_VERIFY_FAILED] certificate verify failed: certificate is not yet valid (_ssl.c:1149)
[1970-01-26 15:50:10,398] [record_and_recognize()][ERROR] 连接失败: [SSL: CERTIFICATE_VERIFY_FAILED] certificate verify failed: certificate is not yet valid (_ssl.c:1149)
[1970-01-26 15:50:11,134] [record_and_recognize()][ERROR] 连接失败: [SSL: CERTIFICATE_VERIFY_FAILED] certificate verify failed: certificate is not yet valid (_ssl.c:1149)
[1970-01-26 15:50:11,514] [record_and_recognize()][ERROR] 连接失败: [SSL: CERTIFICATE_VERIFY_FAILED] certificate verify failed: certificate is not yet valid (_ssl.c:1149)
[1970-01-26 15:50:12,000] [record_and_recognize()][ERROR] 连接失败: [SSL: CERTIFICATE_VERIFY_FAILED] certificate verify failed: certificate is not yet valid (_ssl.c:1149)
[1970-01-26 15:50:12,551] [record_and_recognize()][ERROR] 连接失败: [SSL: CERTIFICATE_VERIFY_FAILED] certificate verify failed: certificate is not yet valid (_ssl.c:1149)
[1970-01-26 15:50:13,062] [record_and_recognize()][ERROR] 连接失败: [SSL: CERTIFICATE_VERIFY_FAILED] certificate verify failed: certificate is not yet valid (_ssl.c:1149)
[1970-01-26 15:50:13,544] [record_and_recognize()][ERROR] 连接失败: [SSL: CERTIFICATE_VERIFY_FAILED] certificate verify failed: certificate is not yet valid (_ssl.c:1149)
[1970-01-26 15:50:14,105] [record_and_recognize()][ERROR] 连接失败: [SSL: CERTIFICATE_VERIFY_FAILED] certificate verify failed: certificate is not yet valid (_ssl.c:1149)
[1970-01-26 15:50:14,720] [record_and_recognize()][ERROR] 连接失败: [SSL: CERTIFICATE_VERIFY_FAILED] certificate verify failed: certificate is not yet valid (_ssl.c:1149)
[1970-01-26 15:50:15,255] [record_and_recognize()][ERROR] 连接失败: [SSL: CERTIFICATE_VERIFY_FAILED] certificate verify failed: certificate is not yet valid (_ssl.c:1149)
[1970-01-26 15:50:15,750] [record_and_recognize()][ERROR] 连接失败: [SSL: CERTIFICATE_VERIFY_FAILED] certificate verify failed: certificate is not yet valid (_ssl.c:1149)
[1970-01-26 15:50:16,389] [record_and_recognize()][ERROR] 连接失败: [SSL: CERTIFICATE_VERIFY_FAILED] certificate verify failed: certificate is not yet valid (_ssl.c:1149)
[1970-01-26 15:50:26,486] [find_yl200s_source()][WARNING] 未找到 DJI 麦克风设备
[1970-01-26 15:50:26,486] [set_default_source()][WARNING] 设置默认源失败: expected str, bytes or os.PathLike object, not NoneType
[1970-01-26 15:50:27,495] [record_and_recognize()][ERROR] 连接失败: [SSL: CERTIFICATE_VERIFY_FAILED] certificate verify failed: certificate is not yet valid (_ssl.c:1149)
[1970-01-26 15:50:27,858] [record_and_recognize()][ERROR] 连接失败: [SSL: CERTIFICATE_VERIFY_FAILED] certificate verify failed: certificate is not yet valid (_ssl.c:1149)
[1970-01-26 15:50:28,580] [record_and_recognize()][ERROR] 连接失败: [SSL: CERTIFICATE_VERIFY_FAILED] certificate verify failed: certificate is not yet valid (_ssl.c:1149)
[1970-01-26 15:50:29,058] [record_and_recognize()][ERROR] 连接失败: [SSL: CERTIFICATE_VERIFY_FAILED] certificate verify failed: certificate is not yet valid (_ssl.c:1149)
[1970-01-26 15:50:29,486] [record_and_recognize()][ERROR] 连接失败: [SSL: CERTIFICATE_VERIFY_FAILED] certificate verify failed: certificate is not yet valid (_ssl.c:1149)
[1970-01-26 15:50:30,037] [record_and_recognize()][ERROR] 连接失败: [SSL: CERTIFICATE_VERIFY_FAILED] certificate verify failed: certificate is not yet valid (_ssl.c:1149)
[1970-01-26 15:50:30,527] [record_and_recognize()][ERROR] 连接失败: [SSL: CERTIFICATE_VERIFY_FAILED] certificate verify failed: certificate is not yet valid (_ssl.c:1149)
[1970-01-26 15:50:31,105] [record_and_recognize()][ERROR] 连接失败: [SSL: CERTIFICATE_VERIFY_FAILED] certificate verify failed: certificate is not yet valid (_ssl.c:1149)
[1970-01-26 15:50:31,566] [record_and_recognize()][ERROR] 连接失败: [SSL: CERTIFICATE_VERIFY_FAILED] certificate verify failed: certificate is not yet valid (_ssl.c:1149)
[1970-01-26 15:50:32,029] [record_and_recognize()][ERROR] 连接失败: [SSL: CERTIFICATE_VERIFY_FAILED] certificate verify failed: certificate is not yet valid (_ssl.c:1149)
[1970-01-26 15:50:32,616] [record_and_recognize()][ERROR] 连接失败: [SSL: CERTIFICATE_VERIFY_FAILED] certificate verify failed: certificate is not yet valid (_ssl.c:1149)
[1970-01-26 15:50:39,301] [record_and_recognize()][ERROR] 连接失败: [SSL: CERTIFICATE_VERIFY_FAILED] certificate verify failed: certificate is not yet valid (_ssl.c:1149)
[1970-01-26 15:50:39,630] [record_and_recognize()][ERROR] 连接失败: [SSL: CERTIFICATE_VERIFY_FAILED] certificate verify failed: certificate is not yet valid (_ssl.c:1149)
[1970-01-26 15:50:40,122] [record_and_recognize()][ERROR] 连接失败: [SSL: CERTIFICATE_VERIFY_FAILED] certificate verify failed: certificate is not yet valid (_ssl.c:1149)
[1970-01-26 15:50:40,675] [record_and_recognize()][ERROR] 连接失败: [SSL: CERTIFICATE_VERIFY_FAILED] certificate verify failed: certificate is not yet valid (_ssl.c:1149)
[1970-01-26 15:50:41,185] [record_and_recognize()][ERROR] 连接失败: [SSL: CERTIFICATE_VERIFY_FAILED] certificate verify failed: certificate is not yet valid (_ssl.c:1149)
[1970-01-26 15:50:41,737] [record_and_recognize()][ERROR] 连接失败: [SSL: CERTIFICATE_VERIFY_FAILED] certificate verify failed: certificate is not yet valid (_ssl.c:1149)
[1970-01-26 15:50:42,362] [record_and_recognize()][ERROR] 连接失败: [SSL: CERTIFICATE_VERIFY_FAILED] certificate verify failed: certificate is not yet valid (_ssl.c:1149)
[1970-01-26 15:50:42,799] [record_and_recognize()][ERROR] 连接失败: [SSL: CERTIFICATE_VERIFY_FAILED] certificate verify failed: certificate is not yet valid (_ssl.c:1149)
[1970-01-26 15:50:43,267] [record_and_recognize()][ERROR] 连接失败: [SSL: CERTIFICATE_VERIFY_FAILED] certificate verify failed: certificate is not yet valid (_ssl.c:1149)
[1970-01-26 15:50:43,846] [record_and_recognize()][ERROR] 连接失败: [SSL: CERTIFICATE_VERIFY_FAILED] certificate verify failed: certificate is not yet valid (_ssl.c:1149)
[1970-01-26 15:50:44,265] [record_and_recognize()][ERROR] 连接失败: [SSL: CERTIFICATE_VERIFY_FAILED] certificate verify failed: certificate is not yet valid (_ssl.c:1149)
[1970-01-26 15:50:44,915] [record_and_recognize()][ERROR] 连接失败: [SSL: CERTIFICATE_VERIFY_FAILED] certificate verify failed: certificate is not yet valid (_ssl.c:1149)
[1970-01-26 15:50:45,472] [record_and_recognize()][ERROR] 连接失败: [SSL: CERTIFICATE_VERIFY_FAILED] certificate verify failed: certificate is not yet valid (_ssl.c:1149)
[1970-01-26 15:50:45,964] [record_and_recognize()][ERROR] 连接失败: [SSL: CERTIFICATE_VERIFY_FAILED] certificate verify failed: certificate is not yet valid (_ssl.c:1149)
[1970-01-26 15:50:46,506] [record_and_recognize()][ERROR] 连接失败: [SSL: CERTIFICATE_VERIFY_FAILED] certificate verify failed: certificate is not yet valid (_ssl.c:1149)
[1970-01-26 15:50:46,956] [record_and_recognize()][ERROR] 连接失败: [SSL: CERTIFICATE_VERIFY_FAILED] certificate verify failed: certificate is not yet valid (_ssl.c:1149)
[1970-01-26 15:50:52,609] [record_and_recognize()][ERROR] 连接失败: [SSL: CERTIFICATE_VERIFY_FAILED] certificate verify failed: certificate is not yet valid (_ssl.c:1149)
[1970-01-26 15:50:52,959] [record_and_recognize()][ERROR] 连接失败: [SSL: CERTIFICATE_VERIFY_FAILED] certificate verify failed: certificate is not yet valid (_ssl.c:1149)
[1970-01-26 15:50:53,405] [record_and_recognize()][ERROR] 连接失败: [SSL: CERTIFICATE_VERIFY_FAILED] certificate verify failed: certificate is not yet valid (_ssl.c:1149)
[1970-01-26 15:50:53,919] [record_and_recognize()][ERROR] 连接失败: [SSL: CERTIFICATE_VERIFY_FAILED] certificate verify failed: certificate is not yet valid (_ssl.c:1149)
[1970-01-26 15:50:54,404] [record_and_recognize()][ERROR] 连接失败: [SSL: CERTIFICATE_VERIFY_FAILED] certificate verify failed: certificate is not yet valid (_ssl.c:1149)
[1970-01-26 15:50:54,943] [record_and_recognize()][ERROR] 连接失败: [SSL: CERTIFICATE_VERIFY_FAILED] certificate verify failed: certificate is not yet valid (_ssl.c:1149)
[1970-01-26 15:50:55,518] [record_and_recognize()][ERROR] 连接失败: [SSL: CERTIFICATE_VERIFY_FAILED] certificate verify failed: certificate is not yet valid (_ssl.c:1149)
[1970-01-26 15:50:56,035] [record_and_recognize()][ERROR] 连接失败: [SSL: CERTIFICATE_VERIFY_FAILED] certificate verify failed: certificate is not yet valid (_ssl.c:1149)
[1970-01-26 15:50:56,568] [record_and_recognize()][ERROR] 连接失败: [SSL: CERTIFICATE_VERIFY_FAILED] certificate verify failed: certificate is not yet valid (_ssl.c:1149)
[1970-01-26 15:50:57,113] [record_and_recognize()][ERROR] 连接失败: [SSL: CERTIFICATE_VERIFY_FAILED] certificate verify failed: certificate is not yet valid (_ssl.c:1149)
[1970-01-26 15:50:57,674] [record_and_recognize()][ERROR] 连接失败: [SSL: CERTIFICATE_VERIFY_FAILED] certificate verify failed: certificate is not yet valid (_ssl.c:1149)
[1970-01-26 15:50:58,113] [record_and_recognize()][ERROR] 连接失败: [SSL: CERTIFICATE_VERIFY_FAILED] certificate verify failed: certificate is not yet valid (_ssl.c:1149)
[1970-01-26 15:50:58,818] [record_and_recognize()][ERROR] 连接失败: [SSL: CERTIFICATE_VERIFY_FAILED] certificate verify failed: certificate is not yet valid (_ssl.c:1149)
[1970-01-26 15:50:59,272] [record_and_recognize()][ERROR] 连接失败: [SSL: CERTIFICATE_VERIFY_FAILED] certificate verify failed: certificate is not yet valid (_ssl.c:1149)
[1970-01-26 15:50:59,845] [record_and_recognize()][ERROR] 连接失败: [SSL: CERTIFICATE_VERIFY_FAILED] certificate verify failed: certificate is not yet valid (_ssl.c:1149)
[1970-01-26 15:51:00,232] [record_and_recognize()][ERROR] 连接失败: [SSL: CERTIFICATE_VERIFY_FAILED] certificate verify failed: certificate is not yet valid (_ssl.c:1149)
[1970-01-26 15:51:00,760] [record_and_recognize()][ERROR] 连接失败: [SSL: CERTIFICATE_VERIFY_FAILED] certificate verify failed: certificate is not yet valid (_ssl.c:1149)
[1970-01-26 15:51:01,248] [record_and_recognize()][ERROR] 连接失败: [SSL: CERTIFICATE_VERIFY_FAILED] certificate verify failed: certificate is not yet valid (_ssl.c:1149)
[1970-01-26 15:51:01,825] [record_and_recognize()][ERROR] 连接失败: [SSL: CERTIFICATE_VERIFY_FAILED] certificate verify failed: certificate is not yet valid (_ssl.c:1149)
[1970-01-26 15:51:02,395] [record_and_recognize()][ERROR] 连接失败: [SSL: CERTIFICATE_VERIFY_FAILED] certificate verify failed: certificate is not yet valid (_ssl.c:1149)
[1970-01-26 15:51:02,914] [record_and_recognize()][ERROR] 连接失败: [SSL: CERTIFICATE_VERIFY_FAILED] certificate verify failed: certificate is not yet valid (_ssl.c:1149)
[1970-01-26 15:51:03,363] [record_and_recognize()][ERROR] 连接失败: [SSL: CERTIFICATE_VERIFY_FAILED] certificate verify failed: certificate is not yet valid (_ssl.c:1149)
[1970-01-26 15:51:03,974] [record_and_recognize()][ERROR] 连接失败: [SSL: CERTIFICATE_VERIFY_FAILED] certificate verify failed: certificate is not yet valid (_ssl.c:1149)
[1970-01-26 15:51:04,533] [record_and_recognize()][ERROR] 连接失败: [SSL: CERTIFICATE_VERIFY_FAILED] certificate verify failed: certificate is not yet valid (_ssl.c:1149)
[1970-01-26 15:51:05,000] [record_and_recognize()][ERROR] 连接失败: [SSL: CERTIFICATE_VERIFY_FAILED] certificate verify failed: certificate is not yet valid (_ssl.c:1149)
[1970-01-26 15:51:05,491] [record_and_recognize()][ERROR] 连接失败: [SSL: CERTIFICATE_VERIFY_FAILED] certificate verify failed: certificate is not yet valid (_ssl.c:1149)
[1970-01-26 15:51:05,977] [record_and_recognize()][ERROR] 连接失败: [SSL: CERTIFICATE_VERIFY_FAILED] certificate verify failed: certificate is not yet valid (_ssl.c:1149)
[1970-01-26 15:51:06,674] [record_and_recognize()][ERROR] 连接失败: [SSL: CERTIFICATE_VERIFY_FAILED] certificate verify failed: certificate is not yet valid (_ssl.c:1149)
[1970-01-26 15:51:07,174] [record_and_recognize()][ERROR] 连接失败: [SSL: CERTIFICATE_VERIFY_FAILED] certificate verify failed: certificate is not yet valid (_ssl.c:1149)
[1970-01-26 15:51:07,826] [record_and_recognize()][ERROR] 连接失败: [SSL: CERTIFICATE_VERIFY_FAILED] certificate verify failed: certificate is not yet valid (_ssl.c:1149)
[1970-01-26 15:51:08,137] [record_and_recognize()][ERROR] 连接失败: [SSL: CERTIFICATE_VERIFY_FAILED] certificate verify failed: certificate is not yet valid (_ssl.c:1149)
[1970-01-26 15:51:08,762] [record_and_recognize()][ERROR] 连接失败: [SSL: CERTIFICATE_VERIFY_FAILED] certificate verify failed: certificate is not yet valid (_ssl.c:1149)
[1970-01-26 15:51:09,205] [record_and_recognize()][ERROR] 连接失败: [SSL: CERTIFICATE_VERIFY_FAILED] certificate verify failed: certificate is not yet valid (_ssl.c:1149)
[1970-01-26 15:51:09,847] [record_and_recognize()][ERROR] 连接失败: [SSL: CERTIFICATE_VERIFY_FAILED] certificate verify failed: certificate is not yet valid (_ssl.c:1149)
[1970-01-26 15:51:10,276] [record_and_recognize()][ERROR] 连接失败: [SSL: CERTIFICATE_VERIFY_FAILED] certificate verify failed: certificate is not yet valid (_ssl.c:1149)
[1970-01-26 15:51:10,916] [record_and_recognize()][ERROR] 连接失败: [SSL: CERTIFICATE_VERIFY_FAILED] certificate verify failed: certificate is not yet valid (_ssl.c:1149)
[1970-01-26 15:51:11,296] [record_and_recognize()][ERROR] 连接失败: [SSL: CERTIFICATE_VERIFY_FAILED] certificate verify failed: certificate is not yet valid (_ssl.c:1149)
[1970-01-26 15:51:11,896] [record_and_recognize()][ERROR] 连接失败: [SSL: CERTIFICATE_VERIFY_FAILED] certificate verify failed: certificate is not yet valid (_ssl.c:1149)
[1970-01-26 15:51:12,426] [record_and_recognize()][ERROR] 连接失败: [SSL: CERTIFICATE_VERIFY_FAILED] certificate verify failed: certificate is not yet valid (_ssl.c:1149)
[1970-01-26 15:51:12,983] [record_and_recognize()][ERROR] 连接失败: [SSL: CERTIFICATE_VERIFY_FAILED] certificate verify failed: certificate is not yet valid (_ssl.c:1149)
[1970-01-26 15:51:13,419] [record_and_recognize()][ERROR] 连接失败: [SSL: CERTIFICATE_VERIFY_FAILED] certificate verify failed: certificate is not yet valid (_ssl.c:1149)
[1970-01-26 15:51:14,014] [record_and_recognize()][ERROR] 连接失败: [SSL: CERTIFICATE_VERIFY_FAILED] certificate verify failed: certificate is not yet valid (_ssl.c:1149)
[1970-01-26 15:51:14,483] [record_and_recognize()][ERROR] 连接失败: [SSL: CERTIFICATE_VERIFY_FAILED] certificate verify failed: certificate is not yet valid (_ssl.c:1149)
[1970-01-26 15:51:15,070] [record_and_recognize()][ERROR] 连接失败: [SSL: CERTIFICATE_VERIFY_FAILED] certificate verify failed: certificate is not yet valid (_ssl.c:1149)
[1970-01-26 15:51:15,613] [record_and_recognize()][ERROR] 连接失败: [SSL: CERTIFICATE_VERIFY_FAILED] certificate verify failed: certificate is not yet valid (_ssl.c:1149)
[1970-01-26 15:51:16,167] [record_and_recognize()][ERROR] 连接失败: [SSL: CERTIFICATE_VERIFY_FAILED] certificate verify failed: certificate is not yet valid (_ssl.c:1149)
[1970-01-26 15:51:16,676] [record_and_recognize()][ERROR] 连接失败: [SSL: CERTIFICATE_VERIFY_FAILED] certificate verify failed: certificate is not yet valid (_ssl.c:1149)
[1970-01-26 15:51:17,184] [record_and_recognize()][ERROR] 连接失败: [SSL: CERTIFICATE_VERIFY_FAILED] certificate verify failed: certificate is not yet valid (_ssl.c:1149)
[1970-01-26 15:51:17,639] [record_and_recognize()][ERROR] 连接失败: [SSL: CERTIFICATE_VERIFY_FAILED] certificate verify failed: certificate is not yet valid (_ssl.c:1149)
[1970-01-26 15:51:18,163] [record_and_recognize()][ERROR] 连接失败: [SSL: CERTIFICATE_VERIFY_FAILED] certificate verify failed: certificate is not yet valid (_ssl.c:1149)
[1970-01-26 15:51:18,770] [record_and_recognize()][ERROR] 连接失败: [SSL: CERTIFICATE_VERIFY_FAILED] certificate verify failed: certificate is not yet valid (_ssl.c:1149)
[1970-01-26 15:51:19,338] [record_and_recognize()][ERROR] 连接失败: [SSL: CERTIFICATE_VERIFY_FAILED] certificate verify failed: certificate is not yet valid (_ssl.c:1149)
[1970-01-26 15:51:19,808] [record_and_recognize()][ERROR] 连接失败: [SSL: CERTIFICATE_VERIFY_FAILED] certificate verify failed: certificate is not yet valid (_ssl.c:1149)
[1970-01-26 15:51:20,367] [record_and_recognize()][ERROR] 连接失败: [SSL: CERTIFICATE_VERIFY_FAILED] certificate verify failed: certificate is not yet valid (_ssl.c:1149)
[1970-01-26 15:51:20,854] [record_and_recognize()][ERROR] 连接失败: [SSL: CERTIFICATE_VERIFY_FAILED] certificate verify failed: certificate is not yet valid (_ssl.c:1149)
[1970-01-26 15:51:21,325] [record_and_recognize()][ERROR] 连接失败: [SSL: CERTIFICATE_VERIFY_FAILED] certificate verify failed: certificate is not yet valid (_ssl.c:1149)
[1970-01-26 15:51:21,922] [record_and_recognize()][ERROR] 连接失败: [SSL: CERTIFICATE_VERIFY_FAILED] certificate verify failed: certificate is not yet valid (_ssl.c:1149)
[1970-01-26 15:51:22,372] [record_and_recognize()][ERROR] 连接失败: [SSL: CERTIFICATE_VERIFY_FAILED] certificate verify failed: certificate is not yet valid (_ssl.c:1149)
[1970-01-26 15:51:30,326] [record_and_recognize()][ERROR] 连接失败: [SSL: CERTIFICATE_VERIFY_FAILED] certificate verify failed: certificate is not yet valid (_ssl.c:1149)
[1970-01-26 15:51:30,552] [record_and_recognize()][ERROR] 连接失败: [SSL: CERTIFICATE_VERIFY_FAILED] certificate verify failed: certificate is not yet valid (_ssl.c:1149)
[1970-01-26 15:51:31,396] [record_and_recognize()][ERROR] 连接失败: [SSL: CERTIFICATE_VERIFY_FAILED] certificate verify failed: certificate is not yet valid (_ssl.c:1149)
[1970-01-26 15:51:31,705] [record_and_recognize()][ERROR] 连接失败: [SSL: CERTIFICATE_VERIFY_FAILED] certificate verify failed: certificate is not yet valid (_ssl.c:1149)
[1970-01-26 15:51:32,683] [record_and_recognize()][ERROR] 连接失败: [SSL: CERTIFICATE_VERIFY_FAILED] certificate verify failed: certificate is not yet valid (_ssl.c:1149)
[1970-01-26 15:51:33,128] [record_and_recognize()][ERROR] 连接失败: [SSL: CERTIFICATE_VERIFY_FAILED] certificate verify failed: certificate is not yet valid (_ssl.c:1149)
[1970-01-26 15:51:33,843] [record_and_recognize()][ERROR] 连接失败: [SSL: CERTIFICATE_VERIFY_FAILED] certificate verify failed: certificate is not yet valid (_ssl.c:1149)
[1970-01-26 15:51:34,578] [record_and_recognize()][ERROR] 连接失败: [SSL: CERTIFICATE_VERIFY_FAILED] certificate verify failed: certificate is not yet valid (_ssl.c:1149)
[1970-01-26 15:51:34,934] [record_and_recognize()][ERROR] 连接失败: [SSL: CERTIFICATE_VERIFY_FAILED] certificate verify failed: certificate is not yet valid (_ssl.c:1149)
[1970-01-26 15:51:35,347] [record_and_recognize()][ERROR] 连接失败: [SSL: CERTIFICATE_VERIFY_FAILED] certificate verify failed: certificate is not yet valid (_ssl.c:1149)
[1970-01-26 15:51:36,013] [record_and_recognize()][ERROR] 连接失败: [SSL: CERTIFICATE_VERIFY_FAILED] certificate verify failed: certificate is not yet valid (_ssl.c:1149)
[1970-01-26 15:51:36,342] [record_and_recognize()][ERROR] 连接失败: [SSL: CERTIFICATE_VERIFY_FAILED] certificate verify failed: certificate is not yet valid (_ssl.c:1149)
[1970-01-26 15:51:37,025] [record_and_recognize()][ERROR] 连接失败: [SSL: CERTIFICATE_VERIFY_FAILED] certificate verify failed: certificate is not yet valid (_ssl.c:1149)
[1970-01-26 15:51:37,605] [record_and_recognize()][ERROR] 连接失败: [SSL: CERTIFICATE_VERIFY_FAILED] certificate verify failed: certificate is not yet valid (_ssl.c:1149)
[1970-01-26 15:51:38,314] [record_and_recognize()][ERROR] 连接失败: [SSL: CERTIFICATE_VERIFY_FAILED] certificate verify failed: certificate is not yet valid (_ssl.c:1149)
[1970-01-26 15:51:38,869] [record_and_recognize()][ERROR] 连接失败: [SSL: CERTIFICATE_VERIFY_FAILED] certificate verify failed: certificate is not yet valid (_ssl.c:1149)
[1970-01-26 15:51:39,737] [record_and_recognize()][ERROR] 连接失败: [SSL: CERTIFICATE_VERIFY_FAILED] certificate verify failed: certificate is not yet valid (_ssl.c:1149)
[1970-01-26 15:51:40,437] [record_and_recognize()][ERROR] 连接失败: [SSL: CERTIFICATE_VERIFY_FAILED] certificate verify failed: certificate is not yet valid (_ssl.c:1149)
[1970-01-26 15:51:41,585] [record_and_recognize()][ERROR] 连接失败: [SSL: CERTIFICATE_VERIFY_FAILED] certificate verify failed: certificate is not yet valid (_ssl.c:1149)
[1970-01-26 15:51:41,816] [record_and_recognize()][ERROR] 连接失败: [SSL: CERTIFICATE_VERIFY_FAILED] certificate verify failed: certificate is not yet valid (_ssl.c:1149)
[1970-01-26 15:51:42,383] [record_and_recognize()][ERROR] 连接失败: [SSL: CERTIFICATE_VERIFY_FAILED] certificate verify failed: certificate is not yet valid (_ssl.c:1149)
[1970-01-26 15:51:42,964] [record_and_recognize()][ERROR] 连接失败: [SSL: CERTIFICATE_VERIFY_FAILED] certificate verify failed: certificate is not yet valid (_ssl.c:1149)
[1970-01-26 15:51:43,639] [record_and_recognize()][ERROR] 连接失败: [SSL: CERTIFICATE_VERIFY_FAILED] certificate verify failed: certificate is not yet valid (_ssl.c:1149)
[1970-01-26 15:51:44,045] [record_and_recognize()][ERROR] 连接失败: [SSL: CERTIFICATE_VERIFY_FAILED] certificate verify failed: certificate is not yet valid (_ssl.c:1149)
[1970-01-26 15:51:44,707] [record_and_recognize()][ERROR] 连接失败: [SSL: CERTIFICATE_VERIFY_FAILED] certificate verify failed: certificate is not yet valid (_ssl.c:1149)
[1970-01-26 15:51:45,446] [record_and_recognize()][ERROR] 连接失败: [SSL: CERTIFICATE_VERIFY_FAILED] certificate verify failed: certificate is not yet valid (_ssl.c:1149)
[1970-01-26 15:51:45,791] [record_and_recognize()][ERROR] 连接失败: [SSL: CERTIFICATE_VERIFY_FAILED] certificate verify failed: certificate is not yet valid (_ssl.c:1149)
[1970-01-26 15:51:47,375] [record_and_recognize()][ERROR] 连接失败: [SSL: CERTIFICATE_VERIFY_FAILED] certificate verify failed: certificate is not yet valid (_ssl.c:1149)
[1970-01-26 15:51:47,838] [record_and_recognize()][ERROR] 连接失败: [SSL: CERTIFICATE_VERIFY_FAILED] certificate verify failed: certificate is not yet valid (_ssl.c:1149)
[1970-01-26 15:51:48,367] [record_and_recognize()][ERROR] 连接失败: [SSL: CERTIFICATE_VERIFY_FAILED] certificate verify failed: certificate is not yet valid (_ssl.c:1149)
[1970-01-26 15:51:54,326] [record_and_recognize()][ERROR] 连接失败: [SSL: CERTIFICATE_VERIFY_FAILED] certificate verify failed: certificate is not yet valid (_ssl.c:1149)
[1970-01-26 15:51:54,951] [record_and_recognize()][ERROR] 连接失败: [SSL: CERTIFICATE_VERIFY_FAILED] certificate verify failed: certificate is not yet valid (_ssl.c:1149)
[1970-01-26 15:51:55,365] [record_and_recognize()][ERROR] 连接失败: [SSL: CERTIFICATE_VERIFY_FAILED] certificate verify failed: certificate is not yet valid (_ssl.c:1149)
[1970-01-26 15:51:55,721] [record_and_recognize()][ERROR] 连接失败: [SSL: CERTIFICATE_VERIFY_FAILED] certificate verify failed: certificate is not yet valid (_ssl.c:1149)
[1970-01-26 15:51:56,647] [record_and_recognize()][ERROR] 连接失败: [SSL: CERTIFICATE_VERIFY_FAILED] certificate verify failed: certificate is not yet valid (_ssl.c:1149)
[1970-01-26 15:51:57,026] [record_and_recognize()][ERROR] 连接失败: [SSL: CERTIFICATE_VERIFY_FAILED] certificate verify failed: certificate is not yet valid (_ssl.c:1149)
[1970-01-26 15:51:57,407] [record_and_recognize()][ERROR] 连接失败: [SSL: CERTIFICATE_VERIFY_FAILED] certificate verify failed: certificate is not yet valid (_ssl.c:1149)
[1970-01-26 15:51:57,948] [record_and_recognize()][ERROR] 连接失败: [SSL: CERTIFICATE_VERIFY_FAILED] certificate verify failed: certificate is not yet valid (_ssl.c:1149)
[1970-01-26 15:51:58,508] [record_and_recognize()][ERROR] 连接失败: [SSL: CERTIFICATE_VERIFY_FAILED] certificate verify failed: certificate is not yet valid (_ssl.c:1149)
[1970-01-26 15:51:59,206] [record_and_recognize()][ERROR] 连接失败: [SSL: CERTIFICATE_VERIFY_FAILED] certificate verify failed: certificate is not yet valid (_ssl.c:1149)
[1970-01-26 15:51:59,683] [record_and_recognize()][ERROR] 连接失败: [SSL: CERTIFICATE_VERIFY_FAILED] certificate verify failed: certificate is not yet valid (_ssl.c:1149)
[1970-01-26 15:52:00,110] [record_and_recognize()][ERROR] 连接失败: [SSL: CERTIFICATE_VERIFY_FAILED] certificate verify failed: certificate is not yet valid (_ssl.c:1149)
[1970-01-26 15:52:00,638] [record_and_recognize()][ERROR] 连接失败: [SSL: CERTIFICATE_VERIFY_FAILED] certificate verify failed: certificate is not yet valid (_ssl.c:1149)
[1970-01-26 15:52:01,186] [record_and_recognize()][ERROR] 连接失败: [SSL: CERTIFICATE_VERIFY_FAILED] certificate verify failed: certificate is not yet valid (_ssl.c:1149)
[1970-01-26 15:52:01,710] [record_and_recognize()][ERROR] 连接失败: [SSL: CERTIFICATE_VERIFY_FAILED] certificate verify failed: certificate is not yet valid (_ssl.c:1149)
[1970-01-26 15:52:02,240] [record_and_recognize()][ERROR] 连接失败: [SSL: CERTIFICATE_VERIFY_FAILED] certificate verify failed: certificate is not yet valid (_ssl.c:1149)
[1970-01-26 15:52:02,913] [record_and_recognize()][ERROR] 连接失败: [SSL: CERTIFICATE_VERIFY_FAILED] certificate verify failed: certificate is not yet valid (_ssl.c:1149)
[1970-01-26 15:52:03,343] [record_and_recognize()][ERROR] 连接失败: [SSL: CERTIFICATE_VERIFY_FAILED] certificate verify failed: certificate is not yet valid (_ssl.c:1149)
[1970-01-26 15:52:03,801] [record_and_recognize()][ERROR] 连接失败: [SSL: CERTIFICATE_VERIFY_FAILED] certificate verify failed: certificate is not yet valid (_ssl.c:1149)
[1970-01-26 15:52:04,355] [record_and_recognize()][ERROR] 连接失败: [SSL: CERTIFICATE_VERIFY_FAILED] certificate verify failed: certificate is not yet valid (_ssl.c:1149)
[1970-01-26 15:52:04,834] [record_and_recognize()][ERROR] 连接失败: [SSL: CERTIFICATE_VERIFY_FAILED] certificate verify failed: certificate is not yet valid (_ssl.c:1149)
[1970-01-26 15:52:11,376] [record_and_recognize()][ERROR] 连接失败: [SSL: CERTIFICATE_VERIFY_FAILED] certificate verify failed: certificate is not yet valid (_ssl.c:1149)
[1970-01-26 15:52:16,714] [record_and_recognize()][ERROR] 连接失败: [SSL: CERTIFICATE_VERIFY_FAILED] certificate verify failed: certificate is not yet valid (_ssl.c:1149)
[1970-01-26 15:52:17,153] [record_and_recognize()][ERROR] 连接失败: [SSL: CERTIFICATE_VERIFY_FAILED] certificate verify failed: certificate is not yet valid (_ssl.c:1149)
[1970-01-26 15:52:17,552] [record_and_recognize()][ERROR] 连接失败: [SSL: CERTIFICATE_VERIFY_FAILED] certificate verify failed: certificate is not yet valid (_ssl.c:1149)
[1970-01-26 15:52:18,086] [record_and_recognize()][ERROR] 连接失败: [SSL: CERTIFICATE_VERIFY_FAILED] certificate verify failed: certificate is not yet valid (_ssl.c:1149)
[1970-01-26 15:52:18,641] [record_and_recognize()][ERROR] 连接失败: [SSL: CERTIFICATE_VERIFY_FAILED] certificate verify failed: certificate is not yet valid (_ssl.c:1149)
[1970-01-26 15:52:19,059] [record_and_recognize()][ERROR] 连接失败: [SSL: CERTIFICATE_VERIFY_FAILED] certificate verify failed: certificate is not yet valid (_ssl.c:1149)
[1970-01-26 15:52:19,625] [record_and_recognize()][ERROR] 连接失败: [SSL: CERTIFICATE_VERIFY_FAILED] certificate verify failed: certificate is not yet valid (_ssl.c:1149)
[1970-01-26 15:52:20,233] [record_and_recognize()][ERROR] 连接失败: [SSL: CERTIFICATE_VERIFY_FAILED] certificate verify failed: certificate is not yet valid (_ssl.c:1149)
[1970-01-26 15:52:20,655] [record_and_recognize()][ERROR] 连接失败: [SSL: CERTIFICATE_VERIFY_FAILED] certificate verify failed: certificate is not yet valid (_ssl.c:1149)
[1970-01-26 15:52:21,217] [record_and_recognize()][ERROR] 连接失败: [SSL: CERTIFICATE_VERIFY_FAILED] certificate verify failed: certificate is not yet valid (_ssl.c:1149)
[1970-01-26 15:52:21,673] [record_and_recognize()][ERROR] 连接失败: [SSL: CERTIFICATE_VERIFY_FAILED] certificate verify failed: certificate is not yet valid (_ssl.c:1149)
[1970-01-26 15:52:22,217] [record_and_recognize()][ERROR] 连接失败: [SSL: CERTIFICATE_VERIFY_FAILED] certificate verify failed: certificate is not yet valid (_ssl.c:1149)
[1970-01-26 15:52:22,881] [record_and_recognize()][ERROR] 连接失败: [SSL: CERTIFICATE_VERIFY_FAILED] certificate verify failed: certificate is not yet valid (_ssl.c:1149)
[1970-01-26 15:52:24,055] [record_and_recognize()][ERROR] 连接失败: [SSL: CERTIFICATE_VERIFY_FAILED] certificate verify failed: certificate is not yet valid (_ssl.c:1149)
[1970-01-26 15:52:24,364] [record_and_recognize()][ERROR] 连接失败: [SSL: CERTIFICATE_VERIFY_FAILED] certificate verify failed: certificate is not yet valid (_ssl.c:1149)
[1970-01-26 15:52:24,960] [record_and_recognize()][ERROR] 连接失败: [SSL: CERTIFICATE_VERIFY_FAILED] certificate verify failed: certificate is not yet valid (_ssl.c:1149)
[1970-01-26 15:52:25,340] [record_and_recognize()][ERROR] 连接失败: [SSL: CERTIFICATE_VERIFY_FAILED] certificate verify failed: certificate is not yet valid (_ssl.c:1149)
[1970-01-26 15:52:25,973] [record_and_recognize()][ERROR] 连接失败: [SSL: CERTIFICATE_VERIFY_FAILED] certificate verify failed: certificate is not yet valid (_ssl.c:1149)
[1970-01-26 15:52:26,552] [record_and_recognize()][ERROR] 连接失败: [SSL: CERTIFICATE_VERIFY_FAILED] certificate verify failed: certificate is not yet valid (_ssl.c:1149)
[1970-01-26 15:52:27,170] [record_and_recognize()][ERROR] 连接失败: [SSL: CERTIFICATE_VERIFY_FAILED] certificate verify failed: certificate is not yet valid (_ssl.c:1149)
[1970-01-26 15:52:27,617] [record_and_recognize()][ERROR] 连接失败: [SSL: CERTIFICATE_VERIFY_FAILED] certificate verify failed: certificate is not yet valid (_ssl.c:1149)
[1970-01-26 15:52:28,111] [record_and_recognize()][ERROR] 连接失败: [SSL: CERTIFICATE_VERIFY_FAILED] certificate verify failed: certificate is not yet valid (_ssl.c:1149)
[1970-01-26 15:52:28,535] [record_and_recognize()][ERROR] 连接失败: [SSL: CERTIFICATE_VERIFY_FAILED] certificate verify failed: certificate is not yet valid (_ssl.c:1149)
[1970-01-26 15:52:29,105] [record_and_recognize()][ERROR] 连接失败: [SSL: CERTIFICATE_VERIFY_FAILED] certificate verify failed: certificate is not yet valid (_ssl.c:1149)
[1970-01-26 15:52:29,948] [record_and_recognize()][ERROR] 连接失败: [SSL: CERTIFICATE_VERIFY_FAILED] certificate verify failed: certificate is not yet valid (_ssl.c:1149)
[1970-01-26 15:52:30,195] [record_and_recognize()][ERROR] 连接失败: [SSL: CERTIFICATE_VERIFY_FAILED] certificate verify failed: certificate is not yet valid (_ssl.c:1149)
[1970-01-26 15:52:30,830] [record_and_recognize()][ERROR] 连接失败: [SSL: CERTIFICATE_VERIFY_FAILED] certificate verify failed: certificate is not yet valid (_ssl.c:1149)
[1970-01-26 15:52:31,361] [record_and_recognize()][ERROR] 连接失败: [SSL: CERTIFICATE_VERIFY_FAILED] certificate verify failed: certificate is not yet valid (_ssl.c:1149)
[1970-01-26 15:52:31,961] [record_and_recognize()][ERROR] 连接失败: [SSL: CERTIFICATE_VERIFY_FAILED] certificate verify failed: certificate is not yet valid (_ssl.c:1149)
[1970-01-26 15:52:32,473] [record_and_recognize()][ERROR] 连接失败: [SSL: CERTIFICATE_VERIFY_FAILED] certificate verify failed: certificate is not yet valid (_ssl.c:1149)
[1970-01-26 15:52:33,248] [record_and_recognize()][ERROR] 连接失败: [SSL: CERTIFICATE_VERIFY_FAILED] certificate verify failed: certificate is not yet valid (_ssl.c:1149)
[1970-01-26 15:52:33,551] [record_and_recognize()][ERROR] 连接失败: [SSL: CERTIFICATE_VERIFY_FAILED] certificate verify failed: certificate is not yet valid (_ssl.c:1149)
[1970-01-26 15:52:34,024] [record_and_recognize()][ERROR] 连接失败: [SSL: CERTIFICATE_VERIFY_FAILED] certificate verify failed: certificate is not yet valid (_ssl.c:1149)
[1970-01-26 15:52:34,703] [record_and_recognize()][ERROR] 连接失败: [SSL: CERTIFICATE_VERIFY_FAILED] certificate verify failed: certificate is not yet valid (_ssl.c:1149)
[1970-01-26 15:52:35,134] [record_and_recognize()][ERROR] 连接失败: [SSL: CERTIFICATE_VERIFY_FAILED] certificate verify failed: certificate is not yet valid (_ssl.c:1149)
[1970-01-26 15:52:35,726] [record_and_recognize()][ERROR] 连接失败: [SSL: CERTIFICATE_VERIFY_FAILED] certificate verify failed: certificate is not yet valid (_ssl.c:1149)
[1970-01-26 15:52:36,214] [record_and_recognize()][ERROR] 连接失败: [SSL: CERTIFICATE_VERIFY_FAILED] certificate verify failed: certificate is not yet valid (_ssl.c:1149)
[1970-01-26 15:52:36,698] [record_and_recognize()][ERROR] 连接失败: [SSL: CERTIFICATE_VERIFY_FAILED] certificate verify failed: certificate is not yet valid (_ssl.c:1149)
[1970-01-26 15:52:37,182] [record_and_recognize()][ERROR] 连接失败: [SSL: CERTIFICATE_VERIFY_FAILED] certificate verify failed: certificate is not yet valid (_ssl.c:1149)
[1970-01-26 15:52:37,845] [record_and_recognize()][ERROR] 连接失败: [SSL: CERTIFICATE_VERIFY_FAILED] certificate verify failed: certificate is not yet valid (_ssl.c:1149)
[1970-01-26 15:52:38,265] [record_and_recognize()][ERROR] 连接失败: [SSL: CERTIFICATE_VERIFY_FAILED] certificate verify failed: certificate is not yet valid (_ssl.c:1149)
[1970-01-26 15:52:38,885] [record_and_recognize()][ERROR] 连接失败: [SSL: CERTIFICATE_VERIFY_FAILED] certificate verify failed: certificate is not yet valid (_ssl.c:1149)
[1970-01-26 15:52:39,801] [record_and_recognize()][ERROR] 连接失败: [SSL: CERTIFICATE_VERIFY_FAILED] certificate verify failed: certificate is not yet valid (_ssl.c:1149)
[1970-01-26 15:52:40,138] [record_and_recognize()][ERROR] 连接失败: [SSL: CERTIFICATE_VERIFY_FAILED] certificate verify failed: certificate is not yet valid (_ssl.c:1149)
[1970-01-26 15:52:40,579] [record_and_recognize()][ERROR] 连接失败: [SSL: CERTIFICATE_VERIFY_FAILED] certificate verify failed: certificate is not yet valid (_ssl.c:1149)
[1970-01-26 15:52:41,152] [record_and_recognize()][ERROR] 连接失败: [SSL: CERTIFICATE_VERIFY_FAILED] certificate verify failed: certificate is not yet valid (_ssl.c:1149)
[1970-01-26 15:52:41,709] [record_and_recognize()][ERROR] 连接失败: [SSL: CERTIFICATE_VERIFY_FAILED] certificate verify failed: certificate is not yet valid (_ssl.c:1149)
[1970-01-26 15:52:42,280] [record_and_recognize()][ERROR] 连接失败: [SSL: CERTIFICATE_VERIFY_FAILED] certificate verify failed: certificate is not yet valid (_ssl.c:1149)
[1970-01-26 15:52:42,666] [record_and_recognize()][ERROR] 连接失败: [SSL: CERTIFICATE_VERIFY_FAILED] certificate verify failed: certificate is not yet valid (_ssl.c:1149)
[1970-01-26 15:52:43,361] [record_and_recognize()][ERROR] 连接失败: [SSL: CERTIFICATE_VERIFY_FAILED] certificate verify failed: certificate is not yet valid (_ssl.c:1149)
[1970-01-26 15:52:44,045] [record_and_recognize()][ERROR] 连接失败: [SSL: CERTIFICATE_VERIFY_FAILED] certificate verify failed: certificate is not yet valid (_ssl.c:1149)
[1970-01-26 15:52:44,312] [record_and_recognize()][ERROR] 连接失败: [SSL: CERTIFICATE_VERIFY_FAILED] certificate verify failed: certificate is not yet valid (_ssl.c:1149)
[1970-01-26 15:52:44,967] [record_and_recognize()][ERROR] 连接失败: [SSL: CERTIFICATE_VERIFY_FAILED] certificate verify failed: certificate is not yet valid (_ssl.c:1149)
[1970-01-26 15:52:45,396] [record_and_recognize()][ERROR] 连接失败: [SSL: CERTIFICATE_VERIFY_FAILED] certificate verify failed: certificate is not yet valid (_ssl.c:1149)
[1970-01-26 15:52:46,253] [record_and_recognize()][ERROR] 连接失败: [SSL: CERTIFICATE_VERIFY_FAILED] certificate verify failed: certificate is not yet valid (_ssl.c:1149)
[1970-01-26 15:52:46,809] [record_and_recognize()][ERROR] 连接失败: [SSL: CERTIFICATE_VERIFY_FAILED] certificate verify failed: certificate is not yet valid (_ssl.c:1149)
[1970-01-26 15:52:47,126] [record_and_recognize()][ERROR] 连接失败: [SSL: CERTIFICATE_VERIFY_FAILED] certificate verify failed: certificate is not yet valid (_ssl.c:1149)
[1970-01-26 15:52:47,798] [record_and_recognize()][ERROR] 连接失败: [SSL: CERTIFICATE_VERIFY_FAILED] certificate verify failed: certificate is not yet valid (_ssl.c:1149)
[1970-01-26 15:52:48,195] [record_and_recognize()][ERROR] 连接失败: [SSL: CERTIFICATE_VERIFY_FAILED] certificate verify failed: certificate is not yet valid (_ssl.c:1149)
[1970-01-26 15:52:48,755] [record_and_recognize()][ERROR] 连接失败: [SSL: CERTIFICATE_VERIFY_FAILED] certificate verify failed: certificate is not yet valid (_ssl.c:1149)
[1970-01-26 15:52:49,247] [record_and_recognize()][ERROR] 连接失败: [SSL: CERTIFICATE_VERIFY_FAILED] certificate verify failed: certificate is not yet valid (_ssl.c:1149)
[1970-01-26 15:52:49,812] [record_and_recognize()][ERROR] 连接失败: [SSL: CERTIFICATE_VERIFY_FAILED] certificate verify failed: certificate is not yet valid (_ssl.c:1149)
[1970-01-26 15:52:50,394] [record_and_recognize()][ERROR] 连接失败: [SSL: CERTIFICATE_VERIFY_FAILED] certificate verify failed: certificate is not yet valid (_ssl.c:1149)
[1970-01-26 15:52:50,833] [record_and_recognize()][ERROR] 连接失败: [SSL: CERTIFICATE_VERIFY_FAILED] certificate verify failed: certificate is not yet valid (_ssl.c:1149)
[1970-01-26 15:52:51,315] [record_and_recognize()][ERROR] 连接失败: [SSL: CERTIFICATE_VERIFY_FAILED] certificate verify failed: certificate is not yet valid (_ssl.c:1149)
[1970-01-26 15:52:51,952] [record_and_recognize()][ERROR] 连接失败: [SSL: CERTIFICATE_VERIFY_FAILED] certificate verify failed: certificate is not yet valid (_ssl.c:1149)
[1970-01-26 15:52:52,351] [record_and_recognize()][ERROR] 连接失败: [SSL: CERTIFICATE_VERIFY_FAILED] certificate verify failed: certificate is not yet valid (_ssl.c:1149)
[1970-01-26 15:52:53,007] [record_and_recognize()][ERROR] 连接失败: [SSL: CERTIFICATE_VERIFY_FAILED] certificate verify failed: certificate is not yet valid (_ssl.c:1149)
[1970-01-26 15:52:53,421] [record_and_recognize()][ERROR] 连接失败: [SSL: CERTIFICATE_VERIFY_FAILED] certificate verify failed: certificate is not yet valid (_ssl.c:1149)
[1970-01-26 15:52:54,033] [record_and_recognize()][ERROR] 连接失败: [SSL: CERTIFICATE_VERIFY_FAILED] certificate verify failed: certificate is not yet valid (_ssl.c:1149)
[1970-01-26 15:52:54,472] [record_and_recognize()][ERROR] 连接失败: [SSL: CERTIFICATE_VERIFY_FAILED] certificate verify failed: certificate is not yet valid (_ssl.c:1149)
[1970-01-26 15:52:54,980] [record_and_recognize()][ERROR] 连接失败: [SSL: CERTIFICATE_VERIFY_FAILED] certificate verify failed: certificate is not yet valid (_ssl.c:1149)
[1970-01-26 15:52:55,520] [record_and_recognize()][ERROR] 连接失败: [SSL: CERTIFICATE_VERIFY_FAILED] certificate verify failed: certificate is not yet valid (_ssl.c:1149)
[1970-01-26 15:52:56,031] [record_and_recognize()][ERROR] 连接失败: [SSL: CERTIFICATE_VERIFY_FAILED] certificate verify failed: certificate is not yet valid (_ssl.c:1149)
[1970-01-26 15:52:56,513] [record_and_recognize()][ERROR] 连接失败: [SSL: CERTIFICATE_VERIFY_FAILED] certificate verify failed: certificate is not yet valid (_ssl.c:1149)
[1970-01-26 15:52:57,049] [record_and_recognize()][ERROR] 连接失败: [SSL: CERTIFICATE_VERIFY_FAILED] certificate verify failed: certificate is not yet valid (_ssl.c:1149)
[1970-01-26 15:52:57,728] [record_and_recognize()][ERROR] 连接失败: [SSL: CERTIFICATE_VERIFY_FAILED] certificate verify failed: certificate is not yet valid (_ssl.c:1149)
[1970-01-26 15:52:58,233] [record_and_recognize()][ERROR] 连接失败: [SSL: CERTIFICATE_VERIFY_FAILED] certificate verify failed: certificate is not yet valid (_ssl.c:1149)
[1970-01-26 15:52:58,706] [record_and_recognize()][ERROR] 连接失败: [SSL: CERTIFICATE_VERIFY_FAILED] certificate verify failed: certificate is not yet valid (_ssl.c:1149)
[1970-01-26 15:52:59,241] [record_and_recognize()][ERROR] 连接失败: [SSL: CERTIFICATE_VERIFY_FAILED] certificate verify failed: certificate is not yet valid (_ssl.c:1149)
[1970-01-26 15:52:59,791] [record_and_recognize()][ERROR] 连接失败: [SSL: CERTIFICATE_VERIFY_FAILED] certificate verify failed: certificate is not yet valid (_ssl.c:1149)
[1970-01-26 15:53:06,411] [record_and_recognize()][ERROR] 连接失败: [SSL: CERTIFICATE_VERIFY_FAILED] certificate verify failed: certificate is not yet valid (_ssl.c:1149)
[1970-01-26 15:53:06,789] [record_and_recognize()][ERROR] 连接失败: [SSL: CERTIFICATE_VERIFY_FAILED] certificate verify failed: certificate is not yet valid (_ssl.c:1149)
[1970-01-26 15:53:07,241] [record_and_recognize()][ERROR] 连接失败: [SSL: CERTIFICATE_VERIFY_FAILED] certificate verify failed: certificate is not yet valid (_ssl.c:1149)
[1970-01-26 15:53:08,222] [record_and_recognize()][ERROR] 连接失败: [SSL: CERTIFICATE_VERIFY_FAILED] certificate verify failed: certificate is not yet valid (_ssl.c:1149)
[1970-01-26 15:53:08,626] [record_and_recognize()][ERROR] 连接失败: [SSL: CERTIFICATE_VERIFY_FAILED] certificate verify failed: certificate is not yet valid (_ssl.c:1149)
[1970-01-26 15:53:09,074] [record_and_recognize()][ERROR] 连接失败: [SSL: CERTIFICATE_VERIFY_FAILED] certificate verify failed: certificate is not yet valid (_ssl.c:1149)
[1970-01-26 15:53:09,598] [record_and_recognize()][ERROR] 连接失败: [SSL: CERTIFICATE_VERIFY_FAILED] certificate verify failed: certificate is not yet valid (_ssl.c:1149)
[1970-01-26 15:53:10,114] [record_and_recognize()][ERROR] 连接失败: [SSL: CERTIFICATE_VERIFY_FAILED] certificate verify failed: certificate is not yet valid (_ssl.c:1149)
[1970-01-26 15:53:10,582] [record_and_recognize()][ERROR] 连接失败: [SSL: CERTIFICATE_VERIFY_FAILED] certificate verify failed: certificate is not yet valid (_ssl.c:1149)
[1970-01-26 15:53:11,342] [record_and_recognize()][ERROR] 连接失败: [SSL: CERTIFICATE_VERIFY_FAILED] certificate verify failed: certificate is not yet valid (_ssl.c:1149)
[1970-01-26 15:53:11,557] [record_and_recognize()][ERROR] 连接失败: [SSL: CERTIFICATE_VERIFY_FAILED] certificate verify failed: certificate is not yet valid (_ssl.c:1149)
[1970-01-26 15:53:12,231] [record_and_recognize()][ERROR] 连接失败: [SSL: CERTIFICATE_VERIFY_FAILED] certificate verify failed: certificate is not yet valid (_ssl.c:1149)
[1970-01-26 15:53:12,631] [record_and_recognize()][ERROR] 连接失败: [SSL: CERTIFICATE_VERIFY_FAILED] certificate verify failed: certificate is not yet valid (_ssl.c:1149)
[1970-01-26 15:53:13,354] [record_and_recognize()][ERROR] 连接失败: [SSL: CERTIFICATE_VERIFY_FAILED] certificate verify failed: certificate is not yet valid (_ssl.c:1149)
[1970-01-26 15:53:13,678] [record_and_recognize()][ERROR] 连接失败: [SSL: CERTIFICATE_VERIFY_FAILED] certificate verify failed: certificate is not yet valid (_ssl.c:1149)
[1970-01-26 15:53:14,155] [record_and_recognize()][ERROR] 连接失败: [SSL: CERTIFICATE_VERIFY_FAILED] certificate verify failed: certificate is not yet valid (_ssl.c:1149)
[1970-01-26 15:53:14,775] [record_and_recognize()][ERROR] 连接失败: [SSL: CERTIFICATE_VERIFY_FAILED] certificate verify failed: certificate is not yet valid (_ssl.c:1149)
[1970-01-26 15:53:15,203] [record_and_recognize()][ERROR] 连接失败: [SSL: CERTIFICATE_VERIFY_FAILED] certificate verify failed: certificate is not yet valid (_ssl.c:1149)
[1970-01-26 15:53:15,801] [record_and_recognize()][ERROR] 连接失败: [SSL: CERTIFICATE_VERIFY_FAILED] certificate verify failed: certificate is not yet valid (_ssl.c:1149)
[1970-01-26 15:53:16,314] [record_and_recognize()][ERROR] 连接失败: [SSL: CERTIFICATE_VERIFY_FAILED] certificate verify failed: certificate is not yet valid (_ssl.c:1149)
[1970-01-26 15:53:17,177] [record_and_recognize()][ERROR] 连接失败: [SSL: CERTIFICATE_VERIFY_FAILED] certificate verify failed: certificate is not yet valid (_ssl.c:1149)
[1970-01-26 15:53:17,489] [record_and_recognize()][ERROR] 连接失败: [SSL: CERTIFICATE_VERIFY_FAILED] certificate verify failed: certificate is not yet valid (_ssl.c:1149)
[1970-01-26 15:53:17,958] [record_and_recognize()][ERROR] 连接失败: [SSL: CERTIFICATE_VERIFY_FAILED] certificate verify failed: certificate is not yet valid (_ssl.c:1149)
[1970-01-26 15:53:18,514] [record_and_recognize()][ERROR] 连接失败: [SSL: CERTIFICATE_VERIFY_FAILED] certificate verify failed: certificate is not yet valid (_ssl.c:1149)
[1970-01-26 15:53:18,991] [record_and_recognize()][ERROR] 连接失败: [SSL: CERTIFICATE_VERIFY_FAILED] certificate verify failed: certificate is not yet valid (_ssl.c:1149)
[1970-01-26 15:53:19,531] [record_and_recognize()][ERROR] 连接失败: [SSL: CERTIFICATE_VERIFY_FAILED] certificate verify failed: certificate is not yet valid (_ssl.c:1149)
[1970-01-26 15:53:20,218] [record_and_recognize()][ERROR] 连接失败: [SSL: CERTIFICATE_VERIFY_FAILED] certificate verify failed: certificate is not yet valid (_ssl.c:1149)
[1970-01-26 15:53:20,555] [record_and_recognize()][ERROR] 连接失败: [SSL: CERTIFICATE_VERIFY_FAILED] certificate verify failed: certificate is not yet valid (_ssl.c:1149)
[1970-01-26 15:53:21,111] [record_and_recognize()][ERROR] 连接失败: [SSL: CERTIFICATE_VERIFY_FAILED] certificate verify failed: certificate is not yet valid (_ssl.c:1149)
[1970-01-26 15:53:21,643] [record_and_recognize()][ERROR] 连接失败: [SSL: CERTIFICATE_VERIFY_FAILED] certificate verify failed: certificate is not yet valid (_ssl.c:1149)
[1970-01-26 15:53:22,186] [record_and_recognize()][ERROR] 连接失败: [SSL: CERTIFICATE_VERIFY_FAILED] certificate verify failed: certificate is not yet valid (_ssl.c:1149)
[1970-01-26 15:53:22,733] [record_and_recognize()][ERROR] 连接失败: [SSL: CERTIFICATE_VERIFY_FAILED] certificate verify failed: certificate is not yet valid (_ssl.c:1149)
[1970-01-26 15:53:23,225] [record_and_recognize()][ERROR] 连接失败: [SSL: CERTIFICATE_VERIFY_FAILED] certificate verify failed: certificate is not yet valid (_ssl.c:1149)
[1970-01-26 15:53:23,802] [record_and_recognize()][ERROR] 连接失败: [SSL: CERTIFICATE_VERIFY_FAILED] certificate verify failed: certificate is not yet valid (_ssl.c:1149)
[1970-01-26 15:53:24,353] [record_and_recognize()][ERROR] 连接失败: [SSL: CERTIFICATE_VERIFY_FAILED] certificate verify failed: certificate is not yet valid (_ssl.c:1149)
[1970-01-26 15:53:24,774] [record_and_recognize()][ERROR] 连接失败: [SSL: CERTIFICATE_VERIFY_FAILED] certificate verify failed: certificate is not yet valid (_ssl.c:1149)
[1970-01-26 15:53:25,401] [record_and_recognize()][ERROR] 连接失败: [SSL: CERTIFICATE_VERIFY_FAILED] certificate verify failed: certificate is not yet valid (_ssl.c:1149)
[1970-01-26 15:53:25,934] [record_and_recognize()][ERROR] 连接失败: [SSL: CERTIFICATE_VERIFY_FAILED] certificate verify failed: certificate is not yet valid (_ssl.c:1149)
[1970-01-26 15:53:26,422] [record_and_recognize()][ERROR] 连接失败: [SSL: CERTIFICATE_VERIFY_FAILED] certificate verify failed: certificate is not yet valid (_ssl.c:1149)
[1970-01-26 15:53:26,899] [record_and_recognize()][ERROR] 连接失败: [SSL: CERTIFICATE_VERIFY_FAILED] certificate verify failed: certificate is not yet valid (_ssl.c:1149)
[1970-01-26 15:53:27,482] [record_and_recognize()][ERROR] 连接失败: [SSL: CERTIFICATE_VERIFY_FAILED] certificate verify failed: certificate is not yet valid (_ssl.c:1149)
[1970-01-26 15:53:28,001] [record_and_recognize()][ERROR] 连接失败: [SSL: CERTIFICATE_VERIFY_FAILED] certificate verify failed: certificate is not yet valid (_ssl.c:1149)
[1970-01-26 15:53:28,594] [record_and_recognize()][ERROR] 连接失败: [SSL: CERTIFICATE_VERIFY_FAILED] certificate verify failed: certificate is not yet valid (_ssl.c:1149)
[1970-01-26 15:53:29,123] [record_and_recognize()][ERROR] 连接失败: [SSL: CERTIFICATE_VERIFY_FAILED] certificate verify failed: certificate is not yet valid (_ssl.c:1149)
[1970-01-26 15:53:29,523] [record_and_recognize()][ERROR] 连接失败: [SSL: CERTIFICATE_VERIFY_FAILED] certificate verify failed: certificate is not yet valid (_ssl.c:1149)
[1970-01-26 15:53:30,111] [record_and_recognize()][ERROR] 连接失败: [SSL: CERTIFICATE_VERIFY_FAILED] certificate verify failed: certificate is not yet valid (_ssl.c:1149)
[1970-01-26 15:53:30,722] [record_and_recognize()][ERROR] 连接失败: [SSL: CERTIFICATE_VERIFY_FAILED] certificate verify failed: certificate is not yet valid (_ssl.c:1149)
[1970-01-26 15:53:32,260] [record_and_recognize()][ERROR] 连接失败: [SSL: CERTIFICATE_VERIFY_FAILED] certificate verify failed: certificate is not yet valid (_ssl.c:1149)
[1970-01-26 15:53:32,538] [record_and_recognize()][ERROR] 连接失败: [SSL: CERTIFICATE_VERIFY_FAILED] certificate verify failed: certificate is not yet valid (_ssl.c:1149)
[1970-01-26 15:53:34,125] [record_and_recognize()][ERROR] 连接失败: [SSL: CERTIFICATE_VERIFY_FAILED] certificate verify failed: certificate is not yet valid (_ssl.c:1149)
[1970-01-26 15:53:34,412] [record_and_recognize()][ERROR] 连接失败: [SSL: CERTIFICATE_VERIFY_FAILED] certificate verify failed: certificate is not yet valid (_ssl.c:1149)
[1970-01-26 15:53:34,912] [record_and_recognize()][ERROR] 连接失败: [SSL: CERTIFICATE_VERIFY_FAILED] certificate verify failed: certificate is not yet valid (_ssl.c:1149)
[1970-01-26 15:53:35,470] [record_and_recognize()][ERROR] 连接失败: [SSL: CERTIFICATE_VERIFY_FAILED] certificate verify failed: certificate is not yet valid (_ssl.c:1149)
[1970-01-26 15:53:35,976] [record_and_recognize()][ERROR] 连接失败: [SSL: CERTIFICATE_VERIFY_FAILED] certificate verify failed: certificate is not yet valid (_ssl.c:1149)
[1970-01-26 15:53:36,542] [record_and_recognize()][ERROR] 连接失败: [SSL: CERTIFICATE_VERIFY_FAILED] certificate verify failed: certificate is not yet valid (_ssl.c:1149)
[1970-01-26 15:53:37,166] [record_and_recognize()][ERROR] 连接失败: [SSL: CERTIFICATE_VERIFY_FAILED] certificate verify failed: certificate is not yet valid (_ssl.c:1149)
[1970-01-26 15:53:37,505] [record_and_recognize()][ERROR] 连接失败: [SSL: CERTIFICATE_VERIFY_FAILED] certificate verify failed: certificate is not yet valid (_ssl.c:1149)
[1970-01-26 15:53:38,121] [record_and_recognize()][ERROR] 连接失败: [SSL: CERTIFICATE_VERIFY_FAILED] certificate verify failed: certificate is not yet valid (_ssl.c:1149)
[1970-01-26 15:53:38,604] [record_and_recognize()][ERROR] 连接失败: [SSL: CERTIFICATE_VERIFY_FAILED] certificate verify failed: certificate is not yet valid (_ssl.c:1149)
[1970-01-26 15:53:39,201] [record_and_recognize()][ERROR] 连接失败: [SSL: CERTIFICATE_VERIFY_FAILED] certificate verify failed: certificate is not yet valid (_ssl.c:1149)
[1970-01-26 15:53:39,830] [record_and_recognize()][ERROR] 连接失败: [SSL: CERTIFICATE_VERIFY_FAILED] certificate verify failed: certificate is not yet valid (_ssl.c:1149)
[1970-01-26 15:53:40,274] [record_and_recognize()][ERROR] 连接失败: [SSL: CERTIFICATE_VERIFY_FAILED] certificate verify failed: certificate is not yet valid (_ssl.c:1149)
[1970-01-26 15:53:40,702] [record_and_recognize()][ERROR] 连接失败: [SSL: CERTIFICATE_VERIFY_FAILED] certificate verify failed: certificate is not yet valid (_ssl.c:1149)
[1970-01-26 15:53:41,358] [record_and_recognize()][ERROR] 连接失败: [SSL: CERTIFICATE_VERIFY_FAILED] certificate verify failed: certificate is not yet valid (_ssl.c:1149)
[1970-01-26 15:53:41,886] [record_and_recognize()][ERROR] 连接失败: [SSL: CERTIFICATE_VERIFY_FAILED] certificate verify failed: certificate is not yet valid (_ssl.c:1149)
[1970-01-26 15:53:42,412] [record_and_recognize()][ERROR] 连接失败: [SSL: CERTIFICATE_VERIFY_FAILED] certificate verify failed: certificate is not yet valid (_ssl.c:1149)
[1970-01-26 15:53:42,782] [record_and_recognize()][ERROR] 连接失败: [SSL: CERTIFICATE_VERIFY_FAILED] certificate verify failed: certificate is not yet valid (_ssl.c:1149)
[1970-01-26 15:53:43,382] [record_and_recognize()][ERROR] 连接失败: [SSL: CERTIFICATE_VERIFY_FAILED] certificate verify failed: certificate is not yet valid (_ssl.c:1149)
[1970-01-26 15:53:43,878] [record_and_recognize()][ERROR] 连接失败: [SSL: CERTIFICATE_VERIFY_FAILED] certificate verify failed: certificate is not yet valid (_ssl.c:1149)
[1970-01-26 15:53:44,463] [record_and_recognize()][ERROR] 连接失败: [SSL: CERTIFICATE_VERIFY_FAILED] certificate verify failed: certificate is not yet valid (_ssl.c:1149)
[1970-01-26 15:53:44,990] [record_and_recognize()][ERROR] 连接失败: [SSL: CERTIFICATE_VERIFY_FAILED] certificate verify failed: certificate is not yet valid (_ssl.c:1149)
[1970-01-26 15:53:45,462] [record_and_recognize()][ERROR] 连接失败: [SSL: CERTIFICATE_VERIFY_FAILED] certificate verify failed: certificate is not yet valid (_ssl.c:1149)
[1970-01-26 15:53:46,169] [record_and_recognize()][ERROR] 连接失败: [SSL: CERTIFICATE_VERIFY_FAILED] certificate verify failed: certificate is not yet valid (_ssl.c:1149)
[1970-01-26 15:53:46,532] [record_and_recognize()][ERROR] 连接失败: [SSL: CERTIFICATE_VERIFY_FAILED] certificate verify failed: certificate is not yet valid (_ssl.c:1149)
[1970-01-26 15:53:47,102] [record_and_recognize()][ERROR] 连接失败: [SSL: CERTIFICATE_VERIFY_FAILED] certificate verify failed: certificate is not yet valid (_ssl.c:1149)
[1970-01-26 15:53:47,643] [record_and_recognize()][ERROR] 连接失败: [SSL: CERTIFICATE_VERIFY_FAILED] certificate verify failed: certificate is not yet valid (_ssl.c:1149)
[1970-01-26 15:53:48,164] [record_and_recognize()][ERROR] 连接失败: [SSL: CERTIFICATE_VERIFY_FAILED] certificate verify failed: certificate is not yet valid (_ssl.c:1149)
[1970-01-26 15:53:48,590] [record_and_recognize()][ERROR] 连接失败: [SSL: CERTIFICATE_VERIFY_FAILED] certificate verify failed: certificate is not yet valid (_ssl.c:1149)
[1970-01-26 15:53:49,171] [record_and_recognize()][ERROR] 连接失败: [SSL: CERTIFICATE_VERIFY_FAILED] certificate verify failed: certificate is not yet valid (_ssl.c:1149)
[1970-01-26 15:53:49,662] [record_and_recognize()][ERROR] 连接失败: [SSL: CERTIFICATE_VERIFY_FAILED] certificate verify failed: certificate is not yet valid (_ssl.c:1149)
[1970-01-26 15:53:50,321] [record_and_recognize()][ERROR] 连接失败: [SSL: CERTIFICATE_VERIFY_FAILED] certificate verify failed: certificate is not yet valid (_ssl.c:1149)
[1970-01-26 15:53:50,794] [record_and_recognize()][ERROR] 连接失败: [SSL: CERTIFICATE_VERIFY_FAILED] certificate verify failed: certificate is not yet valid (_ssl.c:1149)
[1970-01-26 15:53:51,277] [record_and_recognize()][ERROR] 连接失败: [SSL: CERTIFICATE_VERIFY_FAILED] certificate verify failed: certificate is not yet valid (_ssl.c:1149)
[1970-01-26 15:53:51,808] [record_and_recognize()][ERROR] 连接失败: [SSL: CERTIFICATE_VERIFY_FAILED] certificate verify failed: certificate is not yet valid (_ssl.c:1149)
[1970-01-26 15:53:52,454] [record_and_recognize()][ERROR] 连接失败: [SSL: CERTIFICATE_VERIFY_FAILED] certificate verify failed: certificate is not yet valid (_ssl.c:1149)
[1970-01-26 15:53:53,018] [record_and_recognize()][ERROR] 连接失败: [SSL: CERTIFICATE_VERIFY_FAILED] certificate verify failed: certificate is not yet valid (_ssl.c:1149)
[1970-01-26 15:53:53,419] [record_and_recognize()][ERROR] 连接失败: [SSL: CERTIFICATE_VERIFY_FAILED] certificate verify failed: certificate is not yet valid (_ssl.c:1149)
[1970-01-26 15:53:53,902] [record_and_recognize()][ERROR] 连接失败: [SSL: CERTIFICATE_VERIFY_FAILED] certificate verify failed: certificate is not yet valid (_ssl.c:1149)
[1970-01-26 15:53:54,448] [record_and_recognize()][ERROR] 连接失败: [SSL: CERTIFICATE_VERIFY_FAILED] certificate verify failed: certificate is not yet valid (_ssl.c:1149)
[1970-01-26 15:53:54,965] [record_and_recognize()][ERROR] 连接失败: [SSL: CERTIFICATE_VERIFY_FAILED] certificate verify failed: certificate is not yet valid (_ssl.c:1149)
[1970-01-26 15:53:55,503] [record_and_recognize()][ERROR] 连接失败: [SSL: CERTIFICATE_VERIFY_FAILED] certificate verify failed: certificate is not yet valid (_ssl.c:1149)
[1970-01-26 15:53:58,931] [record_and_recognize()][ERROR] 连接失败: [SSL: CERTIFICATE_VERIFY_FAILED] certificate verify failed: certificate is not yet valid (_ssl.c:1149)
[1970-01-26 15:53:59,272] [record_and_recognize()][ERROR] 连接失败: [SSL: CERTIFICATE_VERIFY_FAILED] certificate verify failed: certificate is not yet valid (_ssl.c:1149)
[1970-01-26 15:53:59,818] [record_and_recognize()][ERROR] 连接失败: [SSL: CERTIFICATE_VERIFY_FAILED] certificate verify failed: certificate is not yet valid (_ssl.c:1149)
[1970-01-26 15:54:00,273] [record_and_recognize()][ERROR] 连接失败: [SSL: CERTIFICATE_VERIFY_FAILED] certificate verify failed: certificate is not yet valid (_ssl.c:1149)
[1970-01-26 15:54:00,802] [record_and_recognize()][ERROR] 连接失败: [SSL: CERTIFICATE_VERIFY_FAILED] certificate verify failed: certificate is not yet valid (_ssl.c:1149)
[1970-01-26 15:54:01,345] [record_and_recognize()][ERROR] 连接失败: [SSL: CERTIFICATE_VERIFY_FAILED] certificate verify failed: certificate is not yet valid (_ssl.c:1149)
[1970-01-26 15:54:04,162] [record_and_recognize()][ERROR] 连接失败: [SSL: CERTIFICATE_VERIFY_FAILED] certificate verify failed: certificate is not yet valid (_ssl.c:1149)
[1970-01-26 15:54:04,554] [record_and_recognize()][ERROR] 连接失败: [SSL: CERTIFICATE_VERIFY_FAILED] certificate verify failed: certificate is not yet valid (_ssl.c:1149)
[1970-01-26 15:54:05,042] [record_and_recognize()][ERROR] 连接失败: [SSL: CERTIFICATE_VERIFY_FAILED] certificate verify failed: certificate is not yet valid (_ssl.c:1149)
[1970-01-26 15:54:05,552] [record_and_recognize()][ERROR] 连接失败: [SSL: CERTIFICATE_VERIFY_FAILED] certificate verify failed: certificate is not yet valid (_ssl.c:1149)
[1970-01-26 15:54:06,043] [record_and_recognize()][ERROR] 连接失败: [SSL: CERTIFICATE_VERIFY_FAILED] certificate verify failed: certificate is not yet valid (_ssl.c:1149)
[1970-01-26 15:54:06,578] [record_and_recognize()][ERROR] 连接失败: [SSL: CERTIFICATE_VERIFY_FAILED] certificate verify failed: certificate is not yet valid (_ssl.c:1149)
[1970-01-26 15:54:14,267] [record_and_recognize()][ERROR] 连接失败: [SSL: CERTIFICATE_VERIFY_FAILED] certificate verify failed: certificate is not yet valid (_ssl.c:1149)
[1970-01-26 15:54:14,517] [record_and_recognize()][ERROR] 连接失败: [SSL: CERTIFICATE_VERIFY_FAILED] certificate verify failed: certificate is not yet valid (_ssl.c:1149)
[1970-01-26 15:54:15,182] [record_and_recognize()][ERROR] 连接失败: [SSL: CERTIFICATE_VERIFY_FAILED] certificate verify failed: certificate is not yet valid (_ssl.c:1149)
[1970-01-26 15:54:15,573] [record_and_recognize()][ERROR] 连接失败: [SSL: CERTIFICATE_VERIFY_FAILED] certificate verify failed: certificate is not yet valid (_ssl.c:1149)
[1970-01-26 15:54:16,064] [record_and_recognize()][ERROR] 连接失败: [SSL: CERTIFICATE_VERIFY_FAILED] certificate verify failed: certificate is not yet valid (_ssl.c:1149)
[1970-01-26 15:54:16,773] [record_and_recognize()][ERROR] 连接失败: [SSL: CERTIFICATE_VERIFY_FAILED] certificate verify failed: certificate is not yet valid (_ssl.c:1149)
[1970-01-26 15:54:17,149] [record_and_recognize()][ERROR] 连接失败: [SSL: CERTIFICATE_VERIFY_FAILED] certificate verify failed: certificate is not yet valid (_ssl.c:1149)
[1970-01-26 15:54:17,721] [record_and_recognize()][ERROR] 连接失败: [SSL: CERTIFICATE_VERIFY_FAILED] certificate verify failed: certificate is not yet valid (_ssl.c:1149)
[1970-01-26 15:54:18,561] [record_and_recognize()][ERROR] 连接失败: [SSL: CERTIFICATE_VERIFY_FAILED] certificate verify failed: certificate is not yet valid (_ssl.c:1149)
[1970-01-26 15:54:18,805] [record_and_recognize()][ERROR] 连接失败: [SSL: CERTIFICATE_VERIFY_FAILED] certificate verify failed: certificate is not yet valid (_ssl.c:1149)
[1970-01-26 15:54:19,583] [record_and_recognize()][ERROR] 连接失败: [SSL: CERTIFICATE_VERIFY_FAILED] certificate verify failed: certificate is not yet valid (_ssl.c:1149)
[1970-01-26 15:54:19,915] [record_and_recognize()][ERROR] 连接失败: [SSL: CERTIFICATE_VERIFY_FAILED] certificate verify failed: certificate is not yet valid (_ssl.c:1149)
[1970-01-26 15:54:20,426] [record_and_recognize()][ERROR] 连接失败: [SSL: CERTIFICATE_VERIFY_FAILED] certificate verify failed: certificate is not yet valid (_ssl.c:1149)
[1970-01-26 15:54:21,046] [record_and_recognize()][ERROR] 连接失败: [SSL: CERTIFICATE_VERIFY_FAILED] certificate verify failed: certificate is not yet valid (_ssl.c:1149)
[1970-01-26 15:54:21,475] [record_and_recognize()][ERROR] 连接失败: [SSL: CERTIFICATE_VERIFY_FAILED] certificate verify failed: certificate is not yet valid (_ssl.c:1149)
[1970-01-26 15:54:21,962] [record_and_recognize()][ERROR] 连接失败: [SSL: CERTIFICATE_VERIFY_FAILED] certificate verify failed: certificate is not yet valid (_ssl.c:1149)
[1970-01-26 15:54:22,502] [record_and_recognize()][ERROR] 连接失败: [SSL: CERTIFICATE_VERIFY_FAILED] certificate verify failed: certificate is not yet valid (_ssl.c:1149)
[1970-01-26 15:54:23,349] [record_and_recognize()][ERROR] 连接失败: [SSL: CERTIFICATE_VERIFY_FAILED] certificate verify failed: certificate is not yet valid (_ssl.c:1149)
[1970-01-26 15:54:23,687] [record_and_recognize()][ERROR] 连接失败: [SSL: CERTIFICATE_VERIFY_FAILED] certificate verify failed: certificate is not yet valid (_ssl.c:1149)
[1970-01-26 15:54:24,102] [record_and_recognize()][ERROR] 连接失败: [SSL: CERTIFICATE_VERIFY_FAILED] certificate verify failed: certificate is not yet valid (_ssl.c:1149)
[1970-01-26 15:54:24,839] [record_and_recognize()][ERROR] 连接失败: [SSL: CERTIFICATE_VERIFY_FAILED] certificate verify failed: certificate is not yet valid (_ssl.c:1149)
[1970-01-26 15:54:25,252] [record_and_recognize()][ERROR] 连接失败: [SSL: CERTIFICATE_VERIFY_FAILED] certificate verify failed: certificate is not yet valid (_ssl.c:1149)
[1970-01-26 15:54:25,853] [record_and_recognize()][ERROR] 连接失败: [SSL: CERTIFICATE_VERIFY_FAILED] certificate verify failed: certificate is not yet valid (_ssl.c:1149)
[1970-01-26 15:54:26,271] [record_and_recognize()][ERROR] 连接失败: [SSL: CERTIFICATE_VERIFY_FAILED] certificate verify failed: certificate is not yet valid (_ssl.c:1149)
[1970-01-26 15:54:26,833] [record_and_recognize()][ERROR] 连接失败: [SSL: CERTIFICATE_VERIFY_FAILED] certificate verify failed: certificate is not yet valid (_ssl.c:1149)
[1970-01-26 15:54:27,296] [record_and_recognize()][ERROR] 连接失败: [SSL: CERTIFICATE_VERIFY_FAILED] certificate verify failed: certificate is not yet valid (_ssl.c:1149)
[1970-01-26 15:54:27,973] [record_and_recognize()][ERROR] 连接失败: [SSL: CERTIFICATE_VERIFY_FAILED] certificate verify failed: certificate is not yet valid (_ssl.c:1149)
[1970-01-26 15:54:28,267] [record_and_recognize()][ERROR] 连接失败: [SSL: CERTIFICATE_VERIFY_FAILED] certificate verify failed: certificate is not yet valid (_ssl.c:1149)
[1970-01-26 15:54:28,966] [record_and_recognize()][ERROR] 连接失败: [SSL: CERTIFICATE_VERIFY_FAILED] certificate verify failed: certificate is not yet valid (_ssl.c:1149)
[1970-01-26 15:54:29,371] [record_and_recognize()][ERROR] 连接失败: [SSL: CERTIFICATE_VERIFY_FAILED] certificate verify failed: certificate is not yet valid (_ssl.c:1149)
[1970-01-26 15:54:29,880] [record_and_recognize()][ERROR] 连接失败: [SSL: CERTIFICATE_VERIFY_FAILED] certificate verify failed: certificate is not yet valid (_ssl.c:1149)
[1970-01-26 15:54:30,461] [record_and_recognize()][ERROR] 连接失败: [SSL: CERTIFICATE_VERIFY_FAILED] certificate verify failed: certificate is not yet valid (_ssl.c:1149)
[1970-01-26 15:54:31,161] [record_and_recognize()][ERROR] 连接失败: [SSL: CERTIFICATE_VERIFY_FAILED] certificate verify failed: certificate is not yet valid (_ssl.c:1149)
[1970-01-26 15:54:31,444] [record_and_recognize()][ERROR] 连接失败: [SSL: CERTIFICATE_VERIFY_FAILED] certificate verify failed: certificate is not yet valid (_ssl.c:1149)
[1970-01-26 15:54:32,107] [record_and_recognize()][ERROR] 连接失败: [SSL: CERTIFICATE_VERIFY_FAILED] certificate verify failed: certificate is not yet valid (_ssl.c:1149)
[1970-01-26 15:54:32,706] [record_and_recognize()][ERROR] 连接失败: [SSL: CERTIFICATE_VERIFY_FAILED] certificate verify failed: certificate is not yet valid (_ssl.c:1149)
[1970-01-26 15:54:33,084] [record_and_recognize()][ERROR] 连接失败: [SSL: CERTIFICATE_VERIFY_FAILED] certificate verify failed: certificate is not yet valid (_ssl.c:1149)
[1970-01-26 15:54:33,590] [record_and_recognize()][ERROR] 连接失败: [SSL: CERTIFICATE_VERIFY_FAILED] certificate verify failed: certificate is not yet valid (_ssl.c:1149)
[1970-01-26 15:54:34,112] [record_and_recognize()][ERROR] 连接失败: [SSL: CERTIFICATE_VERIFY_FAILED] certificate verify failed: certificate is not yet valid (_ssl.c:1149)
[1970-01-26 15:54:34,752] [record_and_recognize()][ERROR] 连接失败: [SSL: CERTIFICATE_VERIFY_FAILED] certificate verify failed: certificate is not yet valid (_ssl.c:1149)
[1970-01-26 15:54:35,283] [record_and_recognize()][ERROR] 连接失败: [SSL: CERTIFICATE_VERIFY_FAILED] certificate verify failed: certificate is not yet valid (_ssl.c:1149)
[1970-01-26 15:54:35,729] [record_and_recognize()][ERROR] 连接失败: [SSL: CERTIFICATE_VERIFY_FAILED] certificate verify failed: certificate is not yet valid (_ssl.c:1149)
[1970-01-26 15:54:36,285] [record_and_recognize()][ERROR] 连接失败: [SSL: CERTIFICATE_VERIFY_FAILED] certificate verify failed: certificate is not yet valid (_ssl.c:1149)
[1970-01-26 15:54:36,775] [record_and_recognize()][ERROR] 连接失败: [SSL: CERTIFICATE_VERIFY_FAILED] certificate verify failed: certificate is not yet valid (_ssl.c:1149)
[1970-01-26 15:54:37,424] [record_and_recognize()][ERROR] 连接失败: [SSL: CERTIFICATE_VERIFY_FAILED] certificate verify failed: certificate is not yet valid (_ssl.c:1149)
[1970-01-26 15:54:37,841] [record_and_recognize()][ERROR] 连接失败: [SSL: CERTIFICATE_VERIFY_FAILED] certificate verify failed: certificate is not yet valid (_ssl.c:1149)
[1970-01-26 15:54:38,485] [record_and_recognize()][ERROR] 连接失败: [SSL: CERTIFICATE_VERIFY_FAILED] certificate verify failed: certificate is not yet valid (_ssl.c:1149)
[1970-01-26 15:54:38,854] [record_and_recognize()][ERROR] 连接失败: [SSL: CERTIFICATE_VERIFY_FAILED] certificate verify failed: certificate is not yet valid (_ssl.c:1149)
[1970-01-26 15:54:39,499] [record_and_recognize()][ERROR] 连接失败: [SSL: CERTIFICATE_VERIFY_FAILED] certificate verify failed: certificate is not yet valid (_ssl.c:1149)
[1970-01-26 15:54:39,940] [record_and_recognize()][ERROR] 连接失败: [SSL: CERTIFICATE_VERIFY_FAILED] certificate verify failed: certificate is not yet valid (_ssl.c:1149)
[1970-01-26 15:54:40,474] [record_and_recognize()][ERROR] 连接失败: [SSL: CERTIFICATE_VERIFY_FAILED] certificate verify failed: certificate is not yet valid (_ssl.c:1149)
[1970-01-26 15:54:41,109] [record_and_recognize()][ERROR] 连接失败: [SSL: CERTIFICATE_VERIFY_FAILED] certificate verify failed: certificate is not yet valid (_ssl.c:1149)
[1970-01-26 15:54:41,615] [record_and_recognize()][ERROR] 连接失败: [SSL: CERTIFICATE_VERIFY_FAILED] certificate verify failed: certificate is not yet valid (_ssl.c:1149)
[1970-01-26 15:54:42,059] [record_and_recognize()][ERROR] 连接失败: [SSL: CERTIFICATE_VERIFY_FAILED] certificate verify failed: certificate is not yet valid (_ssl.c:1149)
[1970-01-26 15:54:42,628] [record_and_recognize()][ERROR] 连接失败: [SSL: CERTIFICATE_VERIFY_FAILED] certificate verify failed: certificate is not yet valid (_ssl.c:1149)
[1970-01-26 15:54:43,154] [record_and_recognize()][ERROR] 连接失败: [SSL: CERTIFICATE_VERIFY_FAILED] certificate verify failed: certificate is not yet valid (_ssl.c:1149)
[1970-01-26 15:54:43,714] [record_and_recognize()][ERROR] 连接失败: [SSL: CERTIFICATE_VERIFY_FAILED] certificate verify failed: certificate is not yet valid (_ssl.c:1149)
[1970-01-26 15:54:44,208] [record_and_recognize()][ERROR] 连接失败: [SSL: CERTIFICATE_VERIFY_FAILED] certificate verify failed: certificate is not yet valid (_ssl.c:1149)
[1970-01-26 15:54:44,723] [record_and_recognize()][ERROR] 连接失败: [SSL: CERTIFICATE_VERIFY_FAILED] certificate verify failed: certificate is not yet valid (_ssl.c:1149)
[1970-01-26 15:54:45,244] [record_and_recognize()][ERROR] 连接失败: [SSL: CERTIFICATE_VERIFY_FAILED] certificate verify failed: certificate is not yet valid (_ssl.c:1149)
[1970-01-26 15:54:45,849] [record_and_recognize()][ERROR] 连接失败: [SSL: CERTIFICATE_VERIFY_FAILED] certificate verify failed: certificate is not yet valid (_ssl.c:1149)
[1970-01-26 15:54:46,480] [record_and_recognize()][ERROR] 连接失败: [SSL: CERTIFICATE_VERIFY_FAILED] certificate verify failed: certificate is not yet valid (_ssl.c:1149)
[1970-01-26 15:54:47,015] [record_and_recognize()][ERROR] 连接失败: [SSL: CERTIFICATE_VERIFY_FAILED] certificate verify failed: certificate is not yet valid (_ssl.c:1149)
[1970-01-26 15:54:47,358] [record_and_recognize()][ERROR] 连接失败: [SSL: CERTIFICATE_VERIFY_FAILED] certificate verify failed: certificate is not yet valid (_ssl.c:1149)
[1970-01-26 15:54:47,855] [record_and_recognize()][ERROR] 连接失败: [SSL: CERTIFICATE_VERIFY_FAILED] certificate verify failed: certificate is not yet valid (_ssl.c:1149)
[1970-01-26 15:54:48,480] [record_and_recognize()][ERROR] 连接失败: [SSL: CERTIFICATE_VERIFY_FAILED] certificate verify failed: certificate is not yet valid (_ssl.c:1149)
                                                                                                                                                                                                                                                                                                                                                                                                                      [1970-01-26 16:04:04,658] [record_and_recognize()][ERROR] 连接失败: [SSL: CERTIFICATE_VERIFY_FAILED] certificate verify failed: certificate is not yet valid (_ssl.c:1149)
[1970-01-26 16:04:04,996] [record_and_recognize()][ERROR] 连接失败: [SSL: CERTIFICATE_VERIFY_FAILED] certificate verify failed: certificate is not yet valid (_ssl.c:1149)
[1970-01-26 16:04:06,736] [record_and_recognize()][ERROR] 连接失败: [SSL: CERTIFICATE_VERIFY_FAILED] certificate verify failed: certificate is not yet valid (_ssl.c:1149)
[1970-01-26 16:04:07,125] [record_and_recognize()][ERROR] 连接失败: [SSL: CERTIFICATE_VERIFY_FAILED] certificate verify failed: certificate is not yet valid (_ssl.c:1149)
[1970-01-26 16:04:09,422] [record_and_recognize()][ERROR] 连接失败: [SSL: CERTIFICATE_VERIFY_FAILED] certificate verify failed: certificate is not yet valid (_ssl.c:1149)
[1970-01-26 16:04:10,777] [record_and_recognize()][ERROR] 连接失败: [SSL: CERTIFICATE_VERIFY_FAILED] certificate verify failed: certificate is not yet valid (_ssl.c:1149)
[1970-01-26 16:04:11,162] [record_and_recognize()][ERROR] 连接失败: [SSL: CERTIFICATE_VERIFY_FAILED] certificate verify failed: certificate is not yet valid (_ssl.c:1149)
[1970-01-26 16:04:11,826] [record_and_recognize()][ERROR] 连接失败: [SSL: CERTIFICATE_VERIFY_FAILED] certificate verify failed: certificate is not yet valid (_ssl.c:1149)
[1970-01-26 16:04:12,277] [record_and_recognize()][ERROR] 连接失败: [SSL: CERTIFICATE_VERIFY_FAILED] certificate verify failed: certificate is not yet valid (_ssl.c:1149)
[1970-01-26 16:04:12,565] [record_and_recognize()][ERROR] 连接失败: [SSL: CERTIFICATE_VERIFY_FAILED] certificate verify failed: certificate is not yet valid (_ssl.c:1149)
[1970-01-26 16:04:13,164] [record_and_recognize()][ERROR] 连接失败: [SSL: CERTIFICATE_VERIFY_FAILED] certificate verify failed: certificate is not yet valid (_ssl.c:1149)
[1970-01-26 16:04:13,775] [record_and_recognize()][ERROR] 连接失败: [SSL: CERTIFICATE_VERIFY_FAILED] certificate verify failed: certificate is not yet valid (_ssl.c:1149)
[1970-01-26 16:04:14,382] [record_and_recognize()][ERROR] 连接失败: [SSL: CERTIFICATE_VERIFY_FAILED] certificate verify failed: certificate is not yet valid (_ssl.c:1149)
[1970-01-26 16:04:14,887] [record_and_recognize()][ERROR] 连接失败: [SSL: CERTIFICATE_VERIFY_FAILED] certificate verify failed: certificate is not yet valid (_ssl.c:1149)
[1970-01-26 16:04:15,231] [record_and_recognize()][ERROR] 连接失败: [SSL: CERTIFICATE_VERIFY_FAILED] certificate verify failed: certificate is not yet valid (_ssl.c:1149)
[1970-01-26 16:04:15,846] [record_and_recognize()][ERROR] 连接失败: [SSL: CERTIFICATE_VERIFY_FAILED] certificate verify failed: certificate is not yet valid (_ssl.c:1149)
[1970-01-26 16:04:16,303] [record_and_recognize()][ERROR] 连接失败: [SSL: CERTIFICATE_VERIFY_FAILED] certificate verify failed: certificate is not yet valid (_ssl.c:1149)
[1970-01-26 16:04:17,864] [record_and_recognize()][ERROR] 连接失败: [SSL: CERTIFICATE_VERIFY_FAILED] certificate verify failed: certificate is not yet valid (_ssl.c:1149)
[1970-01-26 16:04:18,165] [record_and_recognize()][ERROR] 连接失败: [SSL: CERTIFICATE_VERIFY_FAILED] certificate verify failed: certificate is not yet valid (_ssl.c:1149)
[1970-01-26 16:04:18,732] [record_and_recognize()][ERROR] 连接失败: [SSL: CERTIFICATE_VERIFY_FAILED] certificate verify failed: certificate is not yet valid (_ssl.c:1149)
[1970-01-26 16:04:19,246] [record_and_recognize()][ERROR] 连接失败: [SSL: CERTIFICATE_VERIFY_FAILED] certificate verify failed: certificate is not yet valid (_ssl.c:1149)
[1970-01-26 16:04:19,772] [record_and_recognize()][ERROR] 连接失败: [SSL: CERTIFICATE_VERIFY_FAILED] certificate verify failed: certificate is not yet valid (_ssl.c:1149)
[1970-01-26 16:04:20,422] [record_and_recognize()][ERROR] 连接失败: [SSL: CERTIFICATE_VERIFY_FAILED] certificate verify failed: certificate is not yet valid (_ssl.c:1149)
[1970-01-26 16:04:20,761] [record_and_recognize()][ERROR] 连接失败: [SSL: CERTIFICATE_VERIFY_FAILED] certificate verify failed: certificate is not yet valid (_ssl.c:1149)
[1970-01-26 16:04:21,347] [record_and_recognize()][ERROR] 连接失败: [SSL: CERTIFICATE_VERIFY_FAILED] certificate verify failed: certificate is not yet valid (_ssl.c:1149)
[1970-01-26 16:04:22,054] [record_and_recognize()][ERROR] 连接失败: [SSL: CERTIFICATE_VERIFY_FAILED] certificate verify failed: certificate is not yet valid (_ssl.c:1149)
[1970-01-26 16:04:22,333] [record_and_recognize()][ERROR] 连接失败: [SSL: CERTIFICATE_VERIFY_FAILED] certificate verify failed: certificate is not yet valid (_ssl.c:1149)
[1970-01-26 16:04:22,940] [record_and_recognize()][ERROR] 连接失败: [SSL: CERTIFICATE_VERIFY_FAILED] certificate verify failed: certificate is not yet valid (_ssl.c:1149)
[1970-01-26 16:04:23,341] [record_and_recognize()][ERROR] 连接失败: [SSL: CERTIFICATE_VERIFY_FAILED] certificate verify failed: certificate is not yet valid (_ssl.c:1149)
[1970-01-26 16:04:28,933] [record_and_recognize()][ERROR] 连接失败: [SSL: CERTIFICATE_VERIFY_FAILED] certificate verify failed: certificate is not yet valid (_ssl.c:1149)
[1970-01-26 16:04:29,326] [record_and_recognize()][ERROR] 连接失败: [SSL: CERTIFICATE_VERIFY_FAILED] certificate verify failed: certificate is not yet valid (_ssl.c:1149)
[1970-01-26 16:04:29,797] [record_and_recognize()][ERROR] 连接失败: [SSL: CERTIFICATE_VERIFY_FAILED] certificate verify failed: certificate is not yet valid (_ssl.c:1149)
[1970-01-26 16:04:30,332] [record_and_recognize()][ERROR] 连接失败: [SSL: CERTIFICATE_VERIFY_FAILED] certificate verify failed: certificate is not yet valid (_ssl.c:1149)
[1970-01-26 16:04:30,926] [record_and_recognize()][ERROR] 连接失败: [SSL: CERTIFICATE_VERIFY_FAILED] certificate verify failed: certificate is not yet valid (_ssl.c:1149)
[1970-01-26 16:04:36,302] [record_and_recognize()][ERROR] 连接失败: [SSL: CERTIFICATE_VERIFY_FAILED] certificate verify failed: certificate is not yet valid (_ssl.c:1149)
[1970-01-26 16:04:37,227] [record_and_recognize()][ERROR] 连接失败: [SSL: CERTIFICATE_VERIFY_FAILED] certificate verify failed: certificate is not yet valid (_ssl.c:1149)
[1970-01-26 16:04:39,565] [record_and_recognize()][ERROR] 连接失败: [SSL: CERTIFICATE_VERIFY_FAILED] certificate verify failed: certificate is not yet valid (_ssl.c:1149)
[1970-01-26 16:04:39,815] [record_and_recognize()][ERROR] 连接失败: [SSL: CERTIFICATE_VERIFY_FAILED] certificate verify failed: certificate is not yet valid (_ssl.c:1149)
[1970-01-26 16:04:40,346] [record_and_recognize()][ERROR] 连接失败: [SSL: CERTIFICATE_VERIFY_FAILED] certificate verify failed: certificate is not yet valid (_ssl.c:1149)
[1970-01-26 16:04:42,044] [record_and_recognize()][ERROR] 连接失败: [SSL: CERTIFICATE_VERIFY_FAILED] certificate verify failed: certificate is not yet valid (_ssl.c:1149)
[1970-01-26 16:04:42,387] [record_and_recognize()][ERROR] 连接失败: [SSL: CERTIFICATE_VERIFY_FAILED] certificate verify failed: certificate is not yet valid (_ssl.c:1149)
[1970-01-26 16:04:42,924] [record_and_recognize()][ERROR] 连接失败: [SSL: CERTIFICATE_VERIFY_FAILED] certificate verify failed: certificate is not yet valid (_ssl.c:1149)
[1970-01-26 16:04:43,475] [record_and_recognize()][ERROR] 连接失败: [SSL: CERTIFICATE_VERIFY_FAILED] certificate verify failed: certificate is not yet valid (_ssl.c:1149)
[1970-01-26 16:04:44,015] [record_and_recognize()][ERROR] 连接失败: [SSL: CERTIFICATE_VERIFY_FAILED] certificate verify failed: certificate is not yet valid (_ssl.c:1149)
[1970-01-26 16:04:44,493] [record_and_recognize()][ERROR] 连接失败: [SSL: CERTIFICATE_VERIFY_FAILED] certificate verify failed: certificate is not yet valid (_ssl.c:1149)
[1970-01-26 16:04:45,135] [record_and_recognize()][ERROR] 连接失败: [SSL: CERTIFICATE_VERIFY_FAILED] certificate verify failed: certificate is not yet valid (_ssl.c:1149)
[1970-01-26 16:04:45,577] [record_and_recognize()][ERROR] 连接失败: [SSL: CERTIFICATE_VERIFY_FAILED] certificate verify failed: certificate is not yet valid (_ssl.c:1149)
[1970-01-26 16:04:46,131] [record_and_recognize()][ERROR] 连接失败: [SSL: CERTIFICATE_VERIFY_FAILED] certificate verify failed: certificate is not yet valid (_ssl.c:1149)
[1970-01-26 16:04:46,692] [record_and_recognize()][ERROR] 连接失败: [SSL: CERTIFICATE_VERIFY_FAILED] certificate verify failed: certificate is not yet valid (_ssl.c:1149)
[1970-01-26 16:04:47,166] [record_and_recognize()][ERROR] 连接失败: [SSL: CERTIFICATE_VERIFY_FAILED] certificate verify failed: certificate is not yet valid (_ssl.c:1149)
[1970-01-26 16:04:47,612] [record_and_recognize()][ERROR] 连接失败: [SSL: CERTIFICATE_VERIFY_FAILED] certificate verify failed: certificate is not yet valid (_ssl.c:1149)
[1970-01-26 16:04:49,213] [record_and_recognize()][ERROR] 连接失败: [SSL: CERTIFICATE_VERIFY_FAILED] certificate verify failed: certificate is not yet valid (_ssl.c:1149)
[1970-01-26 16:04:52,561] [record_and_recognize()][ERROR] 连接失败: [SSL: CERTIFICATE_VERIFY_FAILED] certificate verify failed: certificate is not yet valid (_ssl.c:1149)
[1970-01-26 16:04:52,980] [record_and_recognize()][ERROR] 连接失败: [SSL: CERTIFICATE_VERIFY_FAILED] certificate verify failed: certificate is not yet valid (_ssl.c:1149)
[1970-01-26 16:04:54,481] [record_and_recognize()][ERROR] 连接失败: [SSL: CERTIFICATE_VERIFY_FAILED] certificate verify failed: certificate is not yet valid (_ssl.c:1149)
[1970-01-26 16:04:54,983] [record_and_recognize()][ERROR] 连接失败: [SSL: CERTIFICATE_VERIFY_FAILED] certificate verify failed: certificate is not yet valid (_ssl.c:1149)
[1970-01-26 16:04:55,376] [record_and_recognize()][ERROR] 连接失败: [SSL: CERTIFICATE_VERIFY_FAILED] certificate verify failed: certificate is not yet valid (_ssl.c:1149)
[1970-01-26 16:04:55,854] [record_and_recognize()][ERROR] 连接失败: [SSL: CERTIFICATE_VERIFY_FAILED] certificate verify failed: certificate is not yet valid (_ssl.c:1149)
[1970-01-26 16:04:56,497] [record_and_recognize()][ERROR] 连接失败: [SSL: CERTIFICATE_VERIFY_FAILED] certificate verify failed: certificate is not yet valid (_ssl.c:1149)
[1970-01-26 16:04:56,964] [record_and_recognize()][ERROR] 连接失败: [SSL: CERTIFICATE_VERIFY_FAILED] certificate verify failed: certificate is not yet valid (_ssl.c:1149)
[1970-01-26 16:04:57,494] [record_and_recognize()][ERROR] 连接失败: [SSL: CERTIFICATE_VERIFY_FAILED] certificate verify failed: certificate is not yet valid (_ssl.c:1149)
[1970-01-26 16:04:57,963] [record_and_recognize()][ERROR] 连接失败: [SSL: CERTIFICATE_VERIFY_FAILED] certificate verify failed: certificate is not yet valid (_ssl.c:1149)
[1970-01-26 16:04:58,694] [record_and_recognize()][ERROR] 连接失败: [SSL: CERTIFICATE_VERIFY_FAILED] certificate verify failed: certificate is not yet valid (_ssl.c:1149)
[1970-01-26 16:04:59,247] [record_and_recognize()][ERROR] 连接失败: [SSL: CERTIFICATE_VERIFY_FAILED] certificate verify failed: certificate is not yet valid (_ssl.c:1149)
[1970-01-26 16:05:04,593] [record_and_recognize()][ERROR] 连接失败: [SSL: CERTIFICATE_VERIFY_FAILED] certificate verify failed: certificate is not yet valid (_ssl.c:1149)
[1970-01-26 16:05:04,933] [record_and_recognize()][ERROR] 连接失败: [SSL: CERTIFICATE_VERIFY_FAILED] certificate verify failed: certificate is not yet valid (_ssl.c:1149)
[1970-01-26 16:05:18,265] [record_and_recognize()][ERROR] 连接失败: [SSL: CERTIFICATE_VERIFY_FAILED] certificate verify failed: certificate is not yet valid (_ssl.c:1149)
[1970-01-26 16:05:23,805] [record_and_recognize()][ERROR] 连接失败: [SSL: CERTIFICATE_VERIFY_FAILED] certificate verify failed: certificate is not yet valid (_ssl.c:1149)
[1970-01-26 16:05:28,935] [record_and_recognize()][ERROR] 连接失败: [SSL: CERTIFICATE_VERIFY_FAILED] certificate verify failed: certificate is not yet valid (_ssl.c:1149)
[1970-01-26 16:05:34,405] [record_and_recognize()][ERROR] 连接失败: [SSL: CERTIFICATE_VERIFY_FAILED] certificate verify failed: certificate is not yet valid (_ssl.c:1149)
[1970-01-26 16:05:34,695] [record_and_recognize()][ERROR] 连接失败: [SSL: CERTIFICATE_VERIFY_FAILED] certificate verify failed: certificate is not yet valid (_ssl.c:1149)
[1970-01-26 16:05:35,535] [record_and_recognize()][ERROR] 连接失败: [SSL: CERTIFICATE_VERIFY_FAILED] certificate verify failed: certificate is not yet valid (_ssl.c:1149)
[1970-01-26 16:05:35,797] [record_and_recognize()][ERROR] 连接失败: [SSL: CERTIFICATE_VERIFY_FAILED] certificate verify failed: certificate is not yet valid (_ssl.c:1149)
[1970-01-26 16:05:36,419] [record_and_recognize()][ERROR] 连接失败: [SSL: CERTIFICATE_VERIFY_FAILED] certificate verify failed: certificate is not yet valid (_ssl.c:1149)
[1970-01-26 16:05:36,868] [record_and_recognize()][ERROR] 连接失败: [SSL: CERTIFICATE_VERIFY_FAILED] certificate verify failed: certificate is not yet valid (_ssl.c:1149)
[1970-01-26 16:05:37,385] [record_and_recognize()][ERROR] 连接失败: [SSL: CERTIFICATE_VERIFY_FAILED] certificate verify failed: certificate is not yet valid (_ssl.c:1149)
[1970-01-26 16:05:37,924] [record_and_recognize()][ERROR] 连接失败: [SSL: CERTIFICATE_VERIFY_FAILED] certificate verify failed: certificate is not yet valid (_ssl.c:1149)
[1970-01-26 16:05:38,516] [record_and_recognize()][ERROR] 连接失败: [SSL: CERTIFICATE_VERIFY_FAILED] certificate verify failed: certificate is not yet valid (_ssl.c:1149)
[1970-01-26 16:05:39,038] [record_and_recognize()][ERROR] 连接失败: [SSL: CERTIFICATE_VERIFY_FAILED] certificate verify failed: certificate is not yet valid (_ssl.c:1149)
[1970-01-26 16:05:39,535] [record_and_recognize()][ERROR] 连接失败: [SSL: CERTIFICATE_VERIFY_FAILED] certificate verify failed: certificate is not yet valid (_ssl.c:1149)
[2026-05-10 20:47:51,129] [error()][ERROR] error from callback <bound method QwenTtsRealtime.on_error of <dashscope.audio.qwen_tts_realtime.qwen_tts_realtime.QwenTtsRealtime object at 0xffff95086d30>>: websocket closed due to Connection timed out
[2026-05-10 20:48:11,605] [error()][ERROR] error from callback <bound method QwenTtsRealtime.on_error of <dashscope.audio.qwen_tts_realtime.qwen_tts_realtime.QwenTtsRealtime object at 0xffff949314f0>>: websocket closed due to Connection timed out
[2026-05-10 20:48:11,605] [error()][ERROR] error from callback <bound method QwenTtsRealtime.on_error of <dashscope.audio.qwen_tts_realtime.qwen_tts_realtime.QwenTtsRealtime object at 0xffff95101cd0>>: websocket closed due to Connection timed out
[2026-05-10 20:54:34,336] [error()][ERROR] error from callback <bound method QwenTtsRealtime.on_error of <dashscope.audio.qwen_tts_realtime.qwen_tts_realtime.QwenTtsRealtime object at 0xffff87cd58b0>>: websocket closed due to [Errno -3] Temporary failure in name resolution
[2026-05-11 20:17:20,777] [find_yl200s_source()][WARNING] 未找到 DJI 麦克风设备
[2026-05-11 20:17:20,785] [set_default_source()][WARNING] 设置默认源失败: expected str, bytes or os.PathLike object, not NoneType
[2026-05-11 20:18:46,493] [find_yl200s_source()][WARNING] 未找到 DJI 麦克风设备
[2026-05-11 20:18:46,494] [set_default_source()][WARNING] 设置默认源失败: expected str, bytes or os.PathLike object, not NoneType
[2026-05-11 20:20:37,324] [find_yl200s_source()][WARNING] 未找到 DJI 麦克风设备
[2026-05-11 20:20:37,324] [set_default_source()][WARNING] 设置默认源失败: expected str, bytes or os.PathLike object, not NoneType
[2026-05-11 20:22:51,910] [MegaphoneUpload()][ERROR] Error uploading chunk 2/3: Error code: 3104
[2026-05-11 21:36:54,207] [MegaphoneUpload()][ERROR] Error uploading chunk 2/3: Error code: 3104
[2026-05-11 22:02:12,399] [find_yl200s_source()][WARNING] 未找到 DJI 麦克风设备
[2026-05-11 22:02:12,404] [set_default_source()][WARNING] 设置默认源失败: expected str, bytes or os.PathLike object, not NoneType
[2026-05-11 22:46:15,457] [find_yl200s_source()][WARNING] 未找到 DJI 麦克风设备
[2026-05-11 22:46:15,466] [set_default_source()][WARNING] 设置默认源失败: expected str, bytes or os.PathLike object, not NoneType
[2026-05-12 14:50:01,630] [find_yl200s_source()][WARNING] 未找到 DJI 麦克风设备
[2026-05-12 14:50:01,631] [set_default_source()][WARNING] 设置默认源失败: expected str, bytes or os.PathLike object, not NoneType
[2026-05-12 14:54:59,539] [find_yl200s_source()][WARNING] 未找到 DJI 麦克风设备
[2026-05-12 14:54:59,540] [set_default_source()][WARNING] 设置默认源失败: expected str, bytes or os.PathLike object, not NoneType
[2026-05-12 14:55:48,146] [find_yl200s_source()][WARNING] 未找到 DJI 麦克风设备
[2026-05-12 14:55:48,147] [set_default_source()][WARNING] 设置默认源失败: expected str, bytes or os.PathLike object, not NoneType
[2026-05-12 15:01:10,787] [find_yl200s_source()][WARNING] 未找到 DJI 麦克风设备
[2026-05-12 15:01:10,793] [set_default_source()][WARNING] 设置默认源失败: expected str, bytes or os.PathLike object, not NoneType
[2026-05-12 15:03:18,556] [find_yl200s_source()][WARNING] 未找到 DJI 麦克风设备
[2026-05-12 15:03:18,557] [set_default_source()][WARNING] 设置默认源失败: expected str, bytes or os.PathLike object, not NoneType
[2026-05-12 15:06:13,888] [find_yl200s_source()][WARNING] 未找到 DJI 麦克风设备
[2026-05-12 15:06:13,889] [set_default_source()][WARNING] 设置默认源失败: expected str, bytes or os.PathLike object, not NoneType
[2026-05-12 15:08:07,971] [find_yl200s_source()][WARNING] 未找到 DJI 麦克风设备
[2026-05-12 15:08:07,972] [set_default_source()][WARNING] 设置默认源失败: expected str, bytes or os.PathLike object, not NoneType
[2026-05-12 15:22:23,646] [find_yl200s_source()][WARNING] 未找到 DJI 麦克风设备
[2026-05-12 15:22:23,647] [set_default_source()][WARNING] 设置默认源失败: expected str, bytes or os.PathLike object, not NoneType
[2026-05-12 15:23:11,485] [find_yl200s_source()][WARNING] 未找到 DJI 麦克风设备
[2026-05-12 15:23:11,486] [set_default_source()][WARNING] 设置默认源失败: expected str, bytes or os.PathLike object, not NoneType
[2026-05-12 15:30:35,621] [find_yl200s_source()][WARNING] 未找到 DJI 麦克风设备
[2026-05-12 15:30:35,623] [set_default_source()][WARNING] 设置默认源失败: expected str, bytes or os.PathLike object, not NoneType
[2026-05-12 15:33:09,998] [find_yl200s_source()][WARNING] 未找到 DJI 麦克风设备
[2026-05-12 15:33:09,999] [set_default_source()][WARNING] 设置默认源失败: expected str, bytes or os.PathLike object, not NoneType
[2026-05-12 15:34:05,286] [find_yl200s_source()][WARNING] 未找到 DJI 麦克风设备
[2026-05-12 15:34:05,292] [set_default_source()][WARNING] 设置默认源失败: expected str, bytes or os.PathLike object, not NoneType
[2026-05-12 15:37:30,606] [find_yl200s_source()][WARNING] 未找到 DJI 麦克风设备
[2026-05-12 15:37:30,609] [set_default_source()][WARNING] 设置默认源失败: expected str, bytes or os.PathLike object, not NoneType
[2026-05-12 15:53:54,025] [find_yl200s_source()][WARNING] 未找到 DJI 麦克风设备
[2026-05-12 15:53:54,027] [set_default_source()][WARNING] 设置默认源失败: expected str, bytes or os.PathLike object, not NoneType
[2026-05-12 16:04:54,681] [find_yl200s_source()][WARNING] 未找到 DJI 麦克风设备
[2026-05-12 16:04:54,682] [set_default_source()][WARNING] 设置默认源失败: expected str, bytes or os.PathLike object, not NoneType
[2026-05-12 16:07:46,164] [find_yl200s_source()][WARNING] 未找到 DJI 麦克风设备
[2026-05-12 16:07:46,169] [set_default_source()][WARNING] 设置默认源失败: expected str, bytes or os.PathLike object, not NoneType
[2026-05-13 11:21:36,436] [find_yl200s_source()][WARNING] 未找到 DJI 麦克风设备
[2026-05-13 11:21:36,438] [set_default_source()][WARNING] 设置默认源失败: expected str, bytes or os.PathLike object, not NoneType
[2026-05-13 11:40:18,957] [find_yl200s_source()][WARNING] 未找到 DJI 麦克风设备
[2026-05-13 11:40:18,957] [set_default_source()][WARNING] 设置默认源失败: expected str, bytes or os.PathLike object, not NoneType
[2026-05-13 11:45:31,664] [find_yl200s_source()][WARNING] 未找到 DJI 麦克风设备
[2026-05-13 11:45:31,666] [set_default_source()][WARNING] 设置默认源失败: expected str, bytes or os.PathLike object, not NoneType
[2026-05-13 11:47:23,556] [find_yl200s_source()][WARNING] 未找到 DJI 麦克风设备
[2026-05-13 11:47:23,556] [set_default_source()][WARNING] 设置默认源失败: expected str, bytes or os.PathLike object, not NoneType
[2026-05-13 11:51:20,369] [find_yl200s_source()][WARNING] 未找到 DJI 麦克风设备
[2026-05-13 11:51:20,369] [set_default_source()][WARNING] 设置默认源失败: expected str, bytes or os.PathLike object, not NoneType
[2026-05-13 11:54:16,437] [find_yl200s_source()][WARNING] 未找到 DJI 麦克风设备
[2026-05-13 11:54:16,439] [set_default_source()][WARNING] 设置默认源失败: expected str, bytes or os.PathLike object, not NoneType
[2026-05-13 11:56:33,329] [find_yl200s_source()][WARNING] 未找到 DJI 麦克风设备
[2026-05-13 11:56:33,330] [set_default_source()][WARNING] 设置默认源失败: expected str, bytes or os.PathLike object, not NoneType
[2026-05-13 11:59:38,248] [find_yl200s_source()][WARNING] 未找到 DJI 麦克风设备
[2026-05-13 11:59:38,249] [set_default_source()][WARNING] 设置默认源失败: expected str, bytes or os.PathLike object, not NoneType
